id_parents,id_etudiant,pere_vivant,nom_pere,prenom_pere,email_pere,niveau_instruction_pere,niveau_socioprofessionnel_pere,revenu_mensuel_pere_fcfa,mere_vivante,nom_mere,prenom_mere,email_mere,niveau_instruction_mere,niveau_socioprofessionnel_mere,revenu_mensuel_mere_fcfa,nb_enfants_famille,revenu_total_famille_fcfa,rang_dans_fratrie,famille_monoparentale,soutien_financier_famille
1,1,1,Ndzana,Théodore,th.ndza.p1@gmail.com,BTS/DUT,Cadre supérieur,384696,1,Ndzana,Madeleine,ma.ndza.m1@gmail.com,Doctorat,Chef d'entreprise,1355050,6,1739746,4,0,Total
2,2,1,Thomas,Albert,al.thom.p2@gmail.com,BTS/DUT,Fonctionnaire,182117,1,Ebene,Madeleine,ma.eben.m2@gmail.com,Primaire,Chef d'entreprise,1521730,4,1703847,4,0,Total
3,3,1,Camara,Jean,je.cama.p3@gmail.com,BTS/DUT,Fonctionnaire,218019,0,Camara,Yvette,yv.cama.m3@gmail.com,Baccalauréat,Cadre supérieur,462195,6,680214,4,0,Total
4,4,1,Lobe,Marcel,ma.lobe.p4@gmail.com,Licence,Cadre moyen,323553,1,Gomis,Rose,ro.gomi.m4@gmail.com,BEPC/FSLC,Cadre supérieur,780396,4,1103949,1,0,Partiel
5,5,0,Wamba,Pierre,pi.wamb.p5@gmail.com,BEPC/FSLC,Agriculteur/Éleveur,83074,0,Vidal,Cécile,cé.vida.m5@gmail.com,BEPC/FSLC,Fonctionnaire,107001,5,190075,3,0,Aucun
6,6,1,Michel,Hervé,he.mich.p6@gmail.com,Baccalauréat,Agriculteur/Éleveur,27862,1,Michel,Angèle,an.mich.m6@gmail.com,BEPC/FSLC,Ouvrier/Artisan,49619,6,77481,4,0,Partiel
7,7,0,Rodrigues,Henri,he.rodr.p7@gmail.com,Aucun,Employé secteur informel,62478,1,Umba,Thérèse,th.umba.m7@gmail.com,Baccalauréat,Cadre moyen,264452,2,326930,3,1,Total
8,8,1,Petit,Paul,pa.peti.p8@gmail.com,Primaire,Fonctionnaire,204093,1,Petit,Jeanne,je.peti.m8@gmail.com,Baccalauréat,Employé secteur informel,44444,6,248537,5,0,Total
9,9,1,Bernard,Pierre,pi.bern.p9@gmail.com,Doctorat,Fonctionnaire,150089,1,Bernard,Marie,ma.bern.m9@gmail.com,Baccalauréat,Employé secteur informel,49510,5,199599,4,1,Total
10,10,1,Issa,Pierre,pi.issa.p10@gmail.com,Master/Grande école,Cadre moyen,266187,1,Issa,Rose,ro.issa.m10@gmail.com,Master/Grande école,Employé secteur informel,94881,1,361068,4,0,Total
11,11,1,Simon,Albert,al.simo.p11@gmail.com,Primaire,Fonctionnaire,144720,1,Simon,Pauline,pa.simo.m11@gmail.com,Baccalauréat,Employé secteur informel,72290,4,217010,2,1,Partiel
12,12,1,Martin,Marcel,ma.mart.p12@gmail.com,BTS/DUT,Employé secteur informel,55698,1,Martin,Christine,,Baccalauréat,Cadre moyen,303316,5,359014,3,0,Partiel
13,13,1,Issa,Alphonse,al.issa.p13@gmail.com,Aucun,Employé secteur informel,41360,1,Issa,Brigitte,br.issa.m13@gmail.com,BEPC/FSLC,Fonctionnaire,100238,3,141598,3,0,Total
14,14,1,Richard,Clément,cl.rich.p14@gmail.com,BEPC/FSLC,Cadre moyen,204561,1,Richard,Thérèse,th.rich.m14@gmail.com,Licence,Employé secteur informel,93215,7,297776,3,0,Partiel
15,15,1,Rodrigues,Félix,fé.rodr.p15@gmail.com,Primaire,Employé secteur informel,77419,1,Kamga,Marguerite,ma.kamg.m15@gmail.com,BEPC/FSLC,Ouvrier/Artisan,73890,2,151309,5,0,Partiel
16,16,1,Leroy,Etienne,et.lero.p16@gmail.com,Primaire,Agriculteur/Éleveur,69731,1,Ndzana,Rose,ro.ndza.m16@gmail.com,Baccalauréat,Agriculteur/Éleveur,57420,2,127151,4,0,Total
17,17,1,Ndzana,Henri,he.ndza.p17@gmail.com,BEPC/FSLC,Agriculteur/Éleveur,37648,0,Ndzana,Thérèse,th.ndza.m17@gmail.com,Baccalauréat,Agriculteur/Éleveur,53387,6,91035,2,0,Partiel
18,18,1,Atangana,Albert,al.atan.p18@gmail.com,Licence,Employé secteur informel,44907,1,Atangana,Brigitte,br.atan.m18@gmail.com,BEPC/FSLC,Fonctionnaire,106793,6,151700,1,0,Total
19,19,1,Wamba,Etienne,et.wamb.p19@gmail.com,Primaire,Fonctionnaire,148448,0,Wamba,Brigitte,br.wamb.m19@gmail.com,Aucun,Employé secteur informel,84801,3,233249,1,0,Aucun
20,20,1,Toure,Alphonse,al.tour.p20@gmail.com,Licence,Fonctionnaire,194207,1,Toure,Pauline,pa.tour.m20@gmail.com,BEPC/FSLC,Agriculteur/Éleveur,71564,7,265771,1,0,Total
21,21,1,Richard,Hervé,he.rich.p21@gmail.com,Baccalauréat,Agriculteur/Éleveur,39785,1,Richard,Thérèse,th.rich.m21@gmail.com,BEPC/FSLC,Fonctionnaire,157142,5,196927,3,1,Total
22,22,1,Thomas,Félix,fé.thom.p22@gmail.com,Aucun,Employé secteur informel,53416,1,Thomas,Hélène,hé.thom.m22@gmail.com,Baccalauréat,Sans emploi,17646,3,71062,5,0,Partiel
23,23,1,Biyong,Paul,pa.biyo.p23@gmail.com,Master/Grande école,Ouvrier/Artisan,90538,1,Biyong,Thérèse,th.biyo.m23@gmail.com,Primaire,Fonctionnaire,187449,3,277987,3,0,Partiel
24,24,1,Abomo,Etienne,et.abom.p24@gmail.com,Baccalauréat,Cadre supérieur,611631,1,Haidara,Odette,od.haid.m24@gmail.com,Licence,Cadre moyen,392470,7,1004101,3,1,Total
25,25,1,Richard,Armand,ar.rich.p25@gmail.com,Doctorat,Chef d'entreprise,1214029,1,Zobel,Julienne,ju.zobe.m25@gmail.com,BTS/DUT,Cadre supérieur,852690,7,2066719,4,0,Total
26,26,0,Vidal,Gérard,,Baccalauréat,Fonctionnaire,113268,1,Vidal,Adèle,ad.vida.m26@gmail.com,Primaire,Cadre supérieur,791841,7,905109,2,0,Total
27,27,1,Simon,Pierre,pi.simo.p27@gmail.com,Baccalauréat,Ouvrier/Artisan,88872,1,Simon,Hélène,hé.simo.m27@gmail.com,Master/Grande école,Employé secteur informel,49839,2,138711,1,0,Partiel
28,28,1,Richard,Pierre,pi.rich.p28@gmail.com,Licence,Ouvrier/Artisan,66006,1,Mbarga,Brigitte,br.mbar.m28@gmail.com,BEPC/FSLC,Employé secteur informel,74908,5,140914,5,0,Partiel
29,29,1,Leroy,Hervé,he.lero.p29@gmail.com,BTS/DUT,Ouvrier/Artisan,61681,1,Leroy,Madeleine,ma.lero.m29@gmail.com,BTS/DUT,Ouvrier/Artisan,52575,6,114256,2,0,Total
30,30,1,Tchio,Gérard,gé.tchi.p30@gmail.com,BEPC/FSLC,Ouvrier/Artisan,67874,1,Tchio,Angèle,an.tchi.m30@gmail.com,Licence,Employé secteur informel,89186,3,157060,2,1,Partiel
31,31,0,Medjo,Charles,ch.medj.p31@gmail.com,Primaire,Cadre moyen,364504,1,Nyobe,Marie,,Doctorat,Cadre moyen,334085,4,698589,2,0,Total
32,32,1,Vidal,Charles,ch.vida.p32@gmail.com,Primaire,Chef d'entreprise,1165742,0,Vidal,Rosalie,ro.vida.m32@gmail.com,Licence,Sans emploi,30705,8,1196447,1,0,Partiel
33,33,1,Etoundi,Etienne,,Baccalauréat,Cadre moyen,255713,1,Etoundi,Madeleine,ma.etou.m33@gmail.com,BEPC/FSLC,Cadre moyen,316119,4,571832,1,0,Total
34,34,1,Toure,Jean,je.tour.p34@gmail.com,BTS/DUT,Employé secteur informel,90965,1,Toure,Victoire,vi.tour.m34@gmail.com,BEPC/FSLC,Sans emploi,13541,8,104506,3,0,Total
35,35,0,Rodrigues,Victor,vi.rodr.p35@gmail.com,Licence,Cadre supérieur,782754,1,Rodrigues,Hélène,hé.rodr.m35@gmail.com,Licence,Chef d'entreprise,746138,4,1528892,3,0,Total
36,36,1,Ndzana,Paul,pa.ndza.p36@gmail.com,Master/Grande école,Cadre supérieur,438343,1,Dubois,Madeleine,ma.dubo.m36@gmail.com,Baccalauréat,Ouvrier/Artisan,87030,5,525373,3,1,Total
37,37,1,Zobel,Laurent,la.zobe.p37@gmail.com,Master/Grande école,Chef d'entreprise,290449,1,Zobel,Blandine,bl.zobe.m37@gmail.com,Licence,Fonctionnaire,91649,6,382098,5,0,Total
38,38,1,Camara,Laurent,la.cama.p38@gmail.com,Primaire,Sans emploi,30208,1,Camara,Adèle,ad.cama.m38@gmail.com,Baccalauréat,Fonctionnaire,128412,4,158620,5,0,Total
39,39,1,Bernard,Marcel,ma.bern.p39@gmail.com,Baccalauréat,Agriculteur/Éleveur,32248,0,Abomo,Pauline,pa.abom.m39@gmail.com,Baccalauréat,Employé secteur informel,94896,5,127144,5,0,Partiel
40,40,1,Tchio,Roger,ro.tchi.p40@gmail.com,Licence,Cadre moyen,276404,1,Tchio,Angèle,an.tchi.m40@gmail.com,BTS/DUT,Employé secteur informel,62826,3,339230,4,1,Total
41,41,1,Haidara,Roger,ro.haid.p41@gmail.com,Primaire,Employé secteur informel,65028,1,Tchamba,Suzanne,su.tcha.m41@gmail.com,Baccalauréat,Agriculteur/Éleveur,84127,5,149155,4,0,Partiel
42,42,1,Atangana,Georges,ge.atan.p42@gmail.com,Master/Grande école,Cadre supérieur,556248,1,Essama,Colette,,Primaire,Ouvrier/Artisan,51429,3,607677,2,0,Partiel
43,43,1,Garcia,Emmanuel,em.garc.p43@gmail.com,Licence,Fonctionnaire,100834,1,Lobe,Martine,ma.lobe.m43@gmail.com,BTS/DUT,Fonctionnaire,161937,5,262771,2,1,Total
44,44,1,Onana,André,an.onan.p44@gmail.com,BTS/DUT,Sans emploi,30345,0,Onana,Madeleine,ma.onan.m44@gmail.com,BTS/DUT,Sans emploi,33582,7,63927,1,1,Aucun
45,45,1,Gomis,Théodore,th.gomi.p45@gmail.com,BTS/DUT,Agriculteur/Éleveur,70325,1,Gomis,Pauline,pa.gomi.m45@gmail.com,Baccalauréat,Employé secteur informel,41374,6,111699,5,0,Aucun
46,46,1,Samba,Paul,pa.samb.p46@gmail.com,BEPC/FSLC,Agriculteur/Éleveur,86436,1,Samba,Colette,co.samb.m46@gmail.com,Baccalauréat,Sans emploi,14905,6,101341,2,0,Aucun
47,47,1,Kamga,Paul,pa.kamg.p47@gmail.com,BTS/DUT,Ouvrier/Artisan,93463,1,Kamga,Blandine,bl.kamg.m47@gmail.com,Primaire,Agriculteur/Éleveur,75996,4,169459,3,1,Aucun
48,48,1,Nguema,Roger,ro.ngue.p48@gmail.com,BEPC/FSLC,Agriculteur/Éleveur,41361,1,Nguema,Brigitte,br.ngue.m48@gmail.com,Master/Grande école,Fonctionnaire,204752,6,246113,2,0,Total
49,49,1,Robert,Henri,he.robe.p49@gmail.com,BEPC/FSLC,Cadre moyen,171175,1,Robert,Christine,,Doctorat,Chef d'entreprise,1351860,5,1523035,2,0,Aucun
50,50,1,Umba,Alphonse,al.umba.p50@gmail.com,Licence,Employé secteur informel,90565,1,Camara,Adèle,ad.cama.m50@gmail.com,Master/Grande école,Sans emploi,19228,5,109793,3,1,Aucun
51,51,1,Nyobe,Jean,,Baccalauréat,Cadre moyen,233213,1,Simon,Madeleine,ma.simo.m51@gmail.com,BTS/DUT,Ouvrier/Artisan,103408,5,336621,2,0,Total
52,52,1,Onana,Théodore,th.onan.p52@gmail.com,Primaire,Fonctionnaire,216799,1,Onana,Brigitte,br.onan.m52@gmail.com,Baccalauréat,Cadre supérieur,842342,2,1059141,5,1,Total
53,53,1,Nyobe,Roger,ro.nyob.p53@gmail.com,BEPC/FSLC,Cadre moyen,376045,1,Nyobe,Brigitte,br.nyob.m53@gmail.com,BEPC/FSLC,Employé secteur informel,94297,3,470342,2,1,Aucun
54,54,1,Moreau,Georges,,BTS/DUT,Agriculteur/Éleveur,34489,1,Moreau,Marie,ma.more.m54@gmail.com,BEPC/FSLC,Cadre moyen,317785,4,352274,5,0,Total
55,55,1,Abomo,Henri,he.abom.p55@gmail.com,Primaire,Fonctionnaire,207694,1,Abomo,Angèle,,BEPC/FSLC,Chef d'entreprise,262920,1,470614,1,0,Total
56,56,1,Issa,Etienne,et.issa.p56@gmail.com,Doctorat,Ouvrier/Artisan,60623,1,Nguema,Madeleine,ma.ngue.m56@gmail.com,BEPC/FSLC,Agriculteur/Éleveur,69067,6,129690,1,0,Partiel
57,57,1,Etoundi,Laurent,,BEPC/FSLC,Agriculteur/Éleveur,31257,1,Biyong,Martine,ma.biyo.m57@gmail.com,Licence,Sans emploi,2970,8,34227,5,0,Partiel
58,58,1,Samba,Félix,fé.samb.p58@gmail.com,Master/Grande école,Cadre supérieur,759347,1,Samba,Pauline,pa.samb.m58@gmail.com,Licence,Cadre moyen,201018,3,960365,4,0,Total
59,59,1,Camara,Armand,,Doctorat,Cadre supérieur,847681,1,Camara,Yvette,yv.cama.m59@gmail.com,BTS/DUT,Fonctionnaire,115410,7,963091,3,0,Total
60,60,0,Zobel,Patrice,pa.zobe.p60@gmail.com,Doctorat,Employé secteur informel,85091,1,Biyong,Cécile,cé.biyo.m60@gmail.com,Master/Grande école,Employé secteur informel,39133,6,124224,4,0,Partiel
61,61,1,Dubois,Roger,ro.dubo.p61@gmail.com,Doctorat,Cadre supérieur,406453,1,Richard,Victoire,vi.rich.m61@gmail.com,Doctorat,Cadre supérieur,470726,3,877179,4,0,Partiel
62,62,1,Mbouck,Albert,al.mbou.p62@gmail.com,BEPC/FSLC,Fonctionnaire,136159,1,Okafor,Adèle,ad.okaf.m62@gmail.com,Primaire,Employé secteur informel,65283,7,201442,5,0,Total
63,63,1,Essama,Etienne,et.essa.p63@gmail.com,Baccalauréat,Fonctionnaire,146350,1,Camara,Suzanne,su.cama.m63@gmail.com,Primaire,Cadre moyen,285318,7,431668,4,0,Total
64,64,1,Gomis,Laurent,la.gomi.p64@gmail.com,BEPC/FSLC,Agriculteur/Éleveur,34664,1,Gomis,Julienne,ju.gomi.m64@gmail.com,Primaire,Employé secteur informel,68240,6,102904,4,0,Partiel
65,65,1,Vidal,Henri,he.vida.p65@gmail.com,Master/Grande école,Cadre supérieur,828916,0,Mbouck,Hélène,hé.mbou.m65@gmail.com,Baccalauréat,Chef d'entreprise,1605093,6,2434009,1,1,Partiel
66,66,0,Vidal,Paul,pa.vida.p66@gmail.com,Primaire,Cadre moyen,191914,1,Zobel,Thérèse,th.zobe.m66@gmail.com,BEPC/FSLC,Employé secteur informel,96614,7,288528,5,0,Partiel
67,67,1,Nyobe,Emmanuel,em.nyob.p67@gmail.com,Baccalauréat,Fonctionnaire,114121,1,Nyobe,Adèle,ad.nyob.m67@gmail.com,BTS/DUT,Fonctionnaire,177152,9,291273,4,0,Total
68,68,1,Tchio,Clément,cl.tchi.p68@gmail.com,Baccalauréat,Employé secteur informel,98708,1,Tchio,Blandine,bl.tchi.m68@gmail.com,BEPC/FSLC,Cadre moyen,248838,3,347546,4,0,Aucun
69,69,1,Ebene,Joseph,jo.eben.p69@gmail.com,Licence,Cadre supérieur,838172,1,Ebene,Julienne,ju.eben.m69@gmail.com,BEPC/FSLC,Ouvrier/Artisan,102679,4,940851,2,0,Total
70,70,1,Manga,Charles,ch.mang.p70@gmail.com,Baccalauréat,Employé secteur informel,51081,1,Manga,Marguerite,ma.mang.m70@gmail.com,BTS/DUT,Fonctionnaire,166005,8,217086,3,0,Partiel
71,71,1,Feudjio,Alphonse,,Baccalauréat,Agriculteur/Éleveur,67188,0,Feudjio,Christine,ch.feud.m71@gmail.com,BTS/DUT,Fonctionnaire,153792,2,220980,2,0,Total
72,72,0,Nguema,Charles,ch.ngue.p72@gmail.com,Master/Grande école,Fonctionnaire,119903,1,Tchamba,Odette,,Baccalauréat,Ouvrier/Artisan,103956,3,223859,5,0,Total
73,73,1,Toure,Alphonse,al.tour.p73@gmail.com,BEPC/FSLC,Cadre moyen,299085,1,Ndzana,Yvette,yv.ndza.m73@gmail.com,Licence,Fonctionnaire,131809,3,430894,3,0,Total
74,74,1,Leroy,Etienne,et.lero.p74@gmail.com,Primaire,Cadre supérieur,585977,1,Richard,Christine,ch.rich.m74@gmail.com,BEPC/FSLC,Agriculteur/Éleveur,65295,1,651272,5,0,Partiel
75,75,1,Dupont,Etienne,et.dupo.p75@gmail.com,BTS/DUT,Cadre moyen,392128,1,Dupont,Victoire,vi.dupo.m75@gmail.com,Baccalauréat,Cadre moyen,305496,2,697624,2,0,Total
76,76,1,Mbarga,Albert,al.mbar.p76@gmail.com,Primaire,Cadre supérieur,620055,1,Mbarga,Marie,ma.mbar.m76@gmail.com,Baccalauréat,Employé secteur informel,48813,4,668868,3,0,Total
77,77,1,Tchio,Charles,ch.tchi.p77@gmail.com,Baccalauréat,Cadre supérieur,618883,1,Tchio,Adèle,ad.tchi.m77@gmail.com,Baccalauréat,Cadre moyen,273575,7,892458,5,0,Total
78,78,0,Issa,André,an.issa.p78@gmail.com,Licence,Fonctionnaire,191737,1,Feudjio,Rosalie,ro.feud.m78@gmail.com,Doctorat,Chef d'entreprise,1579098,3,1770835,1,0,Total
79,79,1,Umba,Georges,,BEPC/FSLC,Fonctionnaire,193146,1,Wamba,Marie,ma.wamb.m79@gmail.com,BTS/DUT,Agriculteur/Éleveur,73330,8,266476,2,1,Partiel
80,80,1,Toure,Charles,ch.tour.p80@gmail.com,Master/Grande école,Cadre moyen,332916,1,Umba,Suzanne,su.umba.m80@gmail.com,Licence,Employé secteur informel,75307,6,408223,1,0,Partiel
81,81,1,Bernard,Roger,ro.bern.p81@gmail.com,Primaire,Sans emploi,4577,1,Onana,Julienne,ju.onan.m81@gmail.com,Baccalauréat,Agriculteur/Éleveur,84057,5,88634,5,0,Partiel
82,82,1,Tchamba,Jean,je.tcha.p82@gmail.com,BTS/DUT,Fonctionnaire,98011,1,Tchamba,Suzanne,,BTS/DUT,Fonctionnaire,175170,3,273181,5,0,Partiel
83,83,0,Bello,Alphonse,al.bell.p83@gmail.com,BTS/DUT,Employé secteur informel,36086,1,Essama,Angèle,an.essa.m83@gmail.com,Aucun,Cadre moyen,279003,6,315089,2,0,Partiel
84,84,1,Vidal,Clément,cl.vida.p84@gmail.com,BEPC/FSLC,Employé secteur informel,44578,1,Vidal,Victoire,vi.vida.m84@gmail.com,Licence,Ouvrier/Artisan,49504,4,94082,4,0,Total
85,85,1,Haidara,Victor,vi.haid.p85@gmail.com,Baccalauréat,Fonctionnaire,214464,1,Nyobe,Christine,ch.nyob.m85@gmail.com,BEPC/FSLC,Cadre moyen,393740,6,608204,4,0,Total
86,86,1,Biyong,Joseph,jo.biyo.p86@gmail.com,Baccalauréat,Agriculteur/Éleveur,87188,1,Biyong,Colette,co.biyo.m86@gmail.com,BEPC/FSLC,Ouvrier/Artisan,86810,2,173998,5,0,Partiel
87,87,1,Vidal,Armand,ar.vida.p87@gmail.com,Baccalauréat,Cadre moyen,331005,1,Petit,Madeleine,ma.peti.m87@gmail.com,Aucun,Cadre moyen,382809,6,713814,3,1,Total
88,88,1,Camara,Victor,vi.cama.p88@gmail.com,BTS/DUT,Employé secteur informel,63460,1,Camara,Brigitte,br.cama.m88@gmail.com,BTS/DUT,Employé secteur informel,65990,6,129450,2,0,Total
89,89,1,Okafor,Laurent,la.okaf.p89@gmail.com,Baccalauréat,Sans emploi,9848,1,Okafor,Suzanne,su.okaf.m89@gmail.com,Baccalauréat,Fonctionnaire,101340,6,111188,5,1,Partiel
90,90,1,Ebene,Roger,ro.eben.p90@gmail.com,Baccalauréat,Cadre supérieur,829480,1,Mbouck,Jeanne,je.mbou.m90@gmail.com,BEPC/FSLC,Agriculteur/Éleveur,56576,8,886056,2,0,Total
91,91,1,Jourdain,Marcel,ma.jour.p91@gmail.com,BTS/DUT,Ouvrier/Artisan,50654,1,Jourdain,Brigitte,br.jour.m91@gmail.com,BEPC/FSLC,Agriculteur/Éleveur,48968,6,99622,1,0,Aucun
92,92,1,Medjo,Georges,ge.medj.p92@gmail.com,BEPC/FSLC,Ouvrier/Artisan,79153,1,Medjo,Thérèse,th.medj.m92@gmail.com,Baccalauréat,Cadre moyen,243725,7,322878,2,0,Total
93,93,1,Martin,Victor,vi.mart.p93@gmail.com,Licence,Cadre supérieur,649241,1,Martin,Martine,ma.mart.m93@gmail.com,Master/Grande école,Cadre supérieur,420912,4,1070153,2,0,Total
94,94,1,Moreau,Patrice,pa.more.p94@gmail.com,BTS/DUT,Sans emploi,20,0,Nguema,Julienne,ju.ngue.m94@gmail.com,Baccalauréat,Fonctionnaire,175916,2,175936,3,0,Total
95,95,0,Rodrigues,Victor,vi.rodr.p95@gmail.com,BEPC/FSLC,Employé secteur informel,62848,1,Penda,Odette,od.pend.m95@gmail.com,Aucun,Ouvrier/Artisan,84125,4,146973,2,0,Aucun
96,96,1,Mvondo,Georges,ge.mvon.p96@gmail.com,BTS/DUT,Cadre supérieur,551566,1,Mvondo,Rose,ro.mvon.m96@gmail.com,BEPC/FSLC,Fonctionnaire,101383,6,652949,3,0,Total
97,97,1,Nkeng,Henri,,Aucun,Cadre moyen,247373,1,Nkeng,Suzanne,su.nken.m97@gmail.com,Master/Grande école,Ouvrier/Artisan,78822,4,326195,4,0,Aucun
98,98,1,Mbarga,Henri,,Baccalauréat,Cadre moyen,257153,1,Mbarga,Victoire,vi.mbar.m98@gmail.com,Baccalauréat,Fonctionnaire,123441,4,380594,3,0,Partiel
99,99,1,Richard,Roger,ro.rich.p99@gmail.com,Aucun,Fonctionnaire,203900,1,Richard,Martine,ma.rich.m99@gmail.com,Master/Grande école,Employé secteur informel,77930,5,281830,2,0,Partiel
100,100,1,Ebene,Emmanuel,,Baccalauréat,Fonctionnaire,189680,1,Ebene,Suzanne,su.eben.m100@gmail.com,Baccalauréat,Chef d'entreprise,269425,4,459105,5,0,Partiel
101,101,1,Tchio,Charles,ch.tchi.p101@gmail.com,Licence,Fonctionnaire,142108,1,Dubois,Pauline,pa.dubo.m101@gmail.com,Doctorat,Ouvrier/Artisan,94251,2,236359,4,0,Total
102,102,0,Lobe,Jean,je.lobe.p102@gmail.com,Baccalauréat,Ouvrier/Artisan,48607,1,Lobe,Marie,ma.lobe.m102@gmail.com,BEPC/FSLC,Fonctionnaire,200662,4,249269,5,0,Total
103,103,1,Lobe,Victor,vi.lobe.p103@gmail.com,Primaire,Agriculteur/Éleveur,63162,1,Lobe,Madeleine,ma.lobe.m103@gmail.com,BEPC/FSLC,Employé secteur informel,67521,6,130683,1,0,Partiel
104,104,1,Martin,Laurent,,Licence,Ouvrier/Artisan,79151,1,Michel,Cécile,cé.mich.m104@gmail.com,Licence,Agriculteur/Éleveur,25976,7,105127,4,0,Total
105,105,1,Bernard,Clément,cl.bern.p105@gmail.com,Licence,Ouvrier/Artisan,84641,1,Atangana,Jeanne,je.atan.m105@gmail.com,Primaire,Chef d'entreprise,1613274,5,1697915,3,0,Total
106,106,1,Martin,Albert,al.mart.p106@gmail.com,BEPC/FSLC,Ouvrier/Artisan,89509,1,Martin,Madeleine,ma.mart.m106@gmail.com,Baccalauréat,Agriculteur/Éleveur,45678,4,135187,3,1,Partiel
107,107,1,Nkeng,Jean,je.nken.p107@gmail.com,Licence,Ouvrier/Artisan,98646,1,Nkeng,Marguerite,ma.nken.m107@gmail.com,Primaire,Employé secteur informel,96429,7,195075,3,0,Aucun
108,108,1,Etoundi,Jean,je.etou.p108@gmail.com,Baccalauréat,Ouvrier/Artisan,107273,1,Zobel,Pauline,pa.zobe.m108@gmail.com,Licence,Cadre moyen,316669,8,423942,2,0,Partiel
109,109,1,Dubois,Armand,ar.dubo.p109@gmail.com,Primaire,Agriculteur/Éleveur,87181,1,Dubois,Martine,ma.dubo.m109@gmail.com,BTS/DUT,Fonctionnaire,137467,4,224648,4,0,Total
110,110,1,Umba,Victor,vi.umba.p110@gmail.com,BTS/DUT,Cadre moyen,348369,1,Umba,Suzanne,su.umba.m110@gmail.com,Master/Grande école,Agriculteur/Éleveur,37430,6,385799,5,0,Total
111,111,1,Bello,Théodore,th.bell.p111@gmail.com,BEPC/FSLC,Cadre moyen,292137,0,Abomo,Marguerite,ma.abom.m111@gmail.com,BEPC/FSLC,Cadre moyen,345687,3,637824,4,0,Partiel
112,112,1,Dupont,Pierre,pi.dupo.p112@gmail.com,Licence,Cadre supérieur,843124,1,Kamga,Pauline,pa.kamg.m112@gmail.com,BTS/DUT,Chef d'entreprise,1753880,3,2597004,4,0,Total
113,113,1,Issa,Pierre,pi.issa.p113@gmail.com,Licence,Cadre moyen,238154,1,Tchamba,Marie,ma.tcha.m113@gmail.com,Aucun,Ouvrier/Artisan,65510,6,303664,4,1,Total
114,114,0,Simon,Georges,ge.simo.p114@gmail.com,Licence,Employé secteur informel,88137,0,Simon,Rose,ro.simo.m114@gmail.com,Primaire,Ouvrier/Artisan,46933,4,135070,4,0,Partiel
115,115,1,Ndzana,Alphonse,al.ndza.p115@gmail.com,BEPC/FSLC,Employé secteur informel,95189,1,Toure,Brigitte,br.tour.m115@gmail.com,BEPC/FSLC,Employé secteur informel,98537,7,193726,5,0,Total
116,116,1,Mbouck,Charles,,Aucun,Ouvrier/Artisan,53112,1,Mbouck,Julienne,ju.mbou.m116@gmail.com,Baccalauréat,Fonctionnaire,139325,5,192437,1,0,Aucun
117,117,1,Diallo,Emmanuel,em.dial.p117@gmail.com,BTS/DUT,Agriculteur/Éleveur,76821,1,Diallo,Pauline,pa.dial.m117@gmail.com,Master/Grande école,Cadre supérieur,354444,5,431265,2,0,Partiel
118,118,1,Robert,Alphonse,al.robe.p118@gmail.com,Baccalauréat,Fonctionnaire,192876,1,Samba,Victoire,vi.samb.m118@gmail.com,BEPC/FSLC,Employé secteur informel,52025,5,244901,5,0,Partiel
119,119,1,Onana,Gérard,gé.onan.p119@gmail.com,Primaire,Employé secteur informel,45138,1,Onana,Odette,od.onan.m119@gmail.com,BEPC/FSLC,Fonctionnaire,191779,3,236917,5,1,Aucun
120,120,1,Issa,Hervé,,BTS/DUT,Cadre supérieur,705875,1,Issa,Martine,ma.issa.m120@gmail.com,Master/Grande école,Cadre supérieur,891838,8,1597713,3,0,Total
121,121,1,Richard,André,an.rich.p121@gmail.com,BEPC/FSLC,Sans emploi,8056,1,Richard,Pauline,pa.rich.m121@gmail.com,Baccalauréat,Agriculteur/Éleveur,62048,6,70104,3,0,Total
122,122,1,Feudjio,Pierre,pi.feud.p122@gmail.com,Primaire,Ouvrier/Artisan,83247,1,Atangana,Martine,ma.atan.m122@gmail.com,Primaire,Agriculteur/Éleveur,75225,4,158472,3,0,Partiel
123,123,1,Thomas,Pierre,pi.thom.p123@gmail.com,BTS/DUT,Ouvrier/Artisan,62871,1,Thomas,Yvette,yv.thom.m123@gmail.com,BEPC/FSLC,Agriculteur/Éleveur,57380,4,120251,3,0,Partiel
124,124,1,Diallo,André,an.dial.p124@gmail.com,Primaire,Ouvrier/Artisan,63150,1,Diallo,Julienne,ju.dial.m124@gmail.com,BEPC/FSLC,Ouvrier/Artisan,67216,3,130366,5,1,Total
125,125,1,Tchio,Joseph,,BTS/DUT,Employé secteur informel,84865,1,Ebene,Victoire,,BTS/DUT,Ouvrier/Artisan,80997,4,165862,5,1,Partiel
126,126,1,Vidal,Théodore,th.vida.p126@gmail.com,Master/Grande école,Employé secteur informel,85260,1,Vidal,Brigitte,br.vida.m126@gmail.com,Baccalauréat,Fonctionnaire,214128,2,299388,2,1,Partiel
127,127,1,Nyobe,Henri,he.nyob.p127@gmail.com,Baccalauréat,Employé secteur informel,42709,1,Petit,Victoire,vi.peti.m127@gmail.com,Primaire,Fonctionnaire,215121,3,257830,1,1,Total
128,128,1,Michel,Patrice,pa.mich.p128@gmail.com,Master/Grande école,Employé secteur informel,41208,1,Michel,Marie,ma.mich.m128@gmail.com,Licence,Cadre supérieur,799714,8,840922,5,1,Total
129,129,1,Moreau,Patrice,pa.more.p129@gmail.com,Primaire,Employé secteur informel,93216,1,Moreau,Martine,ma.more.m129@gmail.com,Baccalauréat,Cadre moyen,347246,3,440462,4,0,Partiel
130,130,1,Foko,Alphonse,al.foko.p130@gmail.com,Aucun,Agriculteur/Éleveur,25737,1,Foko,Jeanne,je.foko.m130@gmail.com,BEPC/FSLC,Agriculteur/Éleveur,66819,3,92556,3,0,Total
131,131,1,Leroy,Félix,,Baccalauréat,Ouvrier/Artisan,84668,1,Feudjio,Christine,ch.feud.m131@gmail.com,Aucun,Cadre supérieur,490998,5,575666,2,1,Total
132,132,0,Okafor,Clément,cl.okaf.p132@gmail.com,Baccalauréat,Employé secteur informel,82390,1,Gomis,Cécile,cé.gomi.m132@gmail.com,BEPC/FSLC,Employé secteur informel,89263,3,171653,3,0,Partiel
133,133,0,Samba,Clément,cl.samb.p133@gmail.com,Baccalauréat,Fonctionnaire,165829,1,Tchamba,Marie,ma.tcha.m133@gmail.com,Baccalauréat,Ouvrier/Artisan,59941,6,225770,4,0,Partiel
134,134,1,Onana,Paul,pa.onan.p134@gmail.com,Baccalauréat,Fonctionnaire,163420,1,Onana,Angèle,an.onan.m134@gmail.com,BEPC/FSLC,Cadre moyen,287148,5,450568,4,1,Partiel
135,135,0,Diallo,Laurent,la.dial.p135@gmail.com,Primaire,Cadre supérieur,386508,1,Diallo,Brigitte,br.dial.m135@gmail.com,Master/Grande école,Fonctionnaire,177639,3,564147,4,0,Total
136,136,1,Diallo,Armand,ar.dial.p136@gmail.com,Master/Grande école,Fonctionnaire,141967,1,Penda,Marguerite,ma.pend.m136@gmail.com,Licence,Cadre moyen,199985,4,341952,3,0,Aucun
137,137,1,Richard,Etienne,et.rich.p137@gmail.com,Aucun,Agriculteur/Éleveur,33941,1,Moreau,Rose,ro.more.m137@gmail.com,Baccalauréat,Cadre moyen,213076,3,247017,3,0,Total
138,138,1,Lobe,Armand,ar.lobe.p138@gmail.com,Primaire,Employé secteur informel,50458,1,Issa,Thérèse,th.issa.m138@gmail.com,Primaire,Agriculteur/Éleveur,61967,6,112425,1,0,Partiel
139,139,1,Medjo,Albert,al.medj.p139@gmail.com,Baccalauréat,Cadre supérieur,524349,1,Mvondo,Adèle,ad.mvon.m139@gmail.com,BTS/DUT,Fonctionnaire,217531,4,741880,4,0,Partiel
140,140,1,Simon,Laurent,la.simo.p140@gmail.com,Primaire,Agriculteur/Éleveur,67802,1,Abomo,Cécile,cé.abom.m140@gmail.com,Primaire,Cadre moyen,265703,7,333505,2,0,Partiel
141,141,1,Zobel,André,an.zobe.p141@gmail.com,Licence,Cadre supérieur,747143,1,Zobel,Pauline,pa.zobe.m141@gmail.com,Licence,Fonctionnaire,134497,2,881640,2,0,Partiel
142,142,0,Gomis,Jean,je.gomi.p142@gmail.com,Baccalauréat,Fonctionnaire,181452,1,Umba,Suzanne,su.umba.m142@gmail.com,BEPC/FSLC,Employé secteur informel,86809,4,268261,2,0,Total
143,143,0,Moreau,Charles,ch.more.p143@gmail.com,BEPC/FSLC,Agriculteur/Éleveur,61433,1,Michel,Madeleine,ma.mich.m143@gmail.com,Baccalauréat,Employé secteur informel,61876,9,123309,2,0,Partiel
144,144,1,Petit,Paul,pa.peti.p144@gmail.com,BTS/DUT,Cadre moyen,208107,1,Gomis,Hélène,hé.gomi.m144@gmail.com,BEPC/FSLC,Agriculteur/Éleveur,41844,7,249951,1,1,Aucun
145,145,1,Feudjio,Marcel,ma.feud.p145@gmail.com,Licence,Cadre moyen,244505,0,Bernard,Yvette,yv.bern.m145@gmail.com,Baccalauréat,Cadre moyen,184246,4,428751,2,0,Aucun
146,146,1,Bello,Alphonse,al.bell.p146@gmail.com,Aucun,Employé secteur informel,49274,0,Toure,Pauline,pa.tour.m146@gmail.com,Licence,Ouvrier/Artisan,83430,8,132704,1,0,Aucun
147,147,1,Tchio,Armand,ar.tchi.p147@gmail.com,BTS/DUT,Cadre supérieur,391808,1,Dupont,Christine,ch.dupo.m147@gmail.com,Licence,Cadre moyen,395900,4,787708,3,0,Partiel
148,148,1,Yanga,Victor,vi.yang.p148@gmail.com,BEPC/FSLC,Ouvrier/Artisan,109797,1,Nyobe,Pauline,pa.nyob.m148@gmail.com,Baccalauréat,Agriculteur/Éleveur,69349,7,179146,1,0,Total
149,149,1,Tchio,Joseph,jo.tchi.p149@gmail.com,Aucun,Ouvrier/Artisan,65770,1,Lobe,Colette,co.lobe.m149@gmail.com,BEPC/FSLC,Ouvrier/Artisan,45461,5,111231,2,1,Partiel
150,150,1,Leroy,Emmanuel,em.lero.p150@gmail.com,Licence,Employé secteur informel,84896,1,Lefebvre,Suzanne,,Primaire,Cadre moyen,275831,8,360727,3,0,Total
151,151,1,Martin,André,an.mart.p151@gmail.com,BEPC/FSLC,Cadre moyen,265899,1,Bouchard,Rose,ro.bouc.m151@gmail.com,Primaire,Fonctionnaire,193549,3,459448,2,0,Total
152,152,1,Umba,Jean,je.umba.p152@gmail.com,BEPC/FSLC,Employé secteur informel,48031,1,Umba,Colette,,Licence,Fonctionnaire,165436,7,213467,2,0,Partiel
153,153,1,Tchio,Marcel,ma.tchi.p153@gmail.com,Master/Grande école,Chef d'entreprise,431227,1,Tchio,Pauline,,Baccalauréat,Agriculteur/Éleveur,38610,5,469837,5,0,Total
154,154,0,Michel,Clément,cl.mich.p154@gmail.com,BTS/DUT,Employé secteur informel,44156,1,Michel,Madeleine,ma.mich.m154@gmail.com,BEPC/FSLC,Cadre moyen,177818,3,221974,4,0,Aucun
155,155,1,Medjo,Jean,je.medj.p155@gmail.com,Baccalauréat,Agriculteur/Éleveur,72187,1,Lobe,Martine,ma.lobe.m155@gmail.com,BEPC/FSLC,Fonctionnaire,172508,6,244695,5,0,Total
156,156,1,Martin,Laurent,la.mart.p156@gmail.com,BEPC/FSLC,Fonctionnaire,94652,1,Martin,Colette,co.mart.m156@gmail.com,BTS/DUT,Ouvrier/Artisan,67355,7,162007,2,0,Total
157,157,1,Rodrigues,Paul,pa.rodr.p157@gmail.com,Aucun,Fonctionnaire,108977,1,Rodrigues,Marguerite,ma.rodr.m157@gmail.com,BEPC/FSLC,Fonctionnaire,99391,7,208368,2,0,Total
158,158,1,Okafor,Georges,ge.okaf.p158@gmail.com,Primaire,Cadre moyen,266547,1,Okafor,Christine,ch.okaf.m158@gmail.com,Primaire,Fonctionnaire,100757,5,367304,2,0,Partiel
159,159,0,Zobel,Georges,ge.zobe.p159@gmail.com,Master/Grande école,Fonctionnaire,133305,0,Zobel,Angèle,an.zobe.m159@gmail.com,Master/Grande école,Employé secteur informel,51150,5,184455,2,1,Total
160,160,1,Wamba,Alphonse,,Baccalauréat,Ouvrier/Artisan,60864,0,Wamba,Jeanne,je.wamb.m160@gmail.com,BEPC/FSLC,Sans emploi,22597,5,83461,4,0,Total
161,161,1,Thomas,Théodore,th.thom.p161@gmail.com,Master/Grande école,Cadre supérieur,407124,1,Thomas,Cécile,cé.thom.m161@gmail.com,Baccalauréat,Cadre supérieur,617943,4,1025067,4,0,Total
162,162,1,Gomis,Henri,he.gomi.p162@gmail.com,BTS/DUT,Cadre moyen,270151,1,Gomis,Madeleine,ma.gomi.m162@gmail.com,BEPC/FSLC,Ouvrier/Artisan,67592,9,337743,2,1,Total
163,163,1,Okafor,Emmanuel,em.okaf.p163@gmail.com,Baccalauréat,Ouvrier/Artisan,66904,1,Okafor,Marie,ma.okaf.m163@gmail.com,BEPC/FSLC,Employé secteur informel,93673,4,160577,4,0,Aucun
164,164,1,Haidara,Alphonse,al.haid.p164@gmail.com,Baccalauréat,Employé secteur informel,99779,1,Bernard,Adèle,ad.bern.m164@gmail.com,Primaire,Fonctionnaire,196199,3,295978,3,1,Aucun
165,165,1,Haidara,Roger,ro.haid.p165@gmail.com,BTS/DUT,Agriculteur/Éleveur,61067,1,Foko,Marie,ma.foko.m165@gmail.com,Licence,Sans emploi,20088,7,81155,1,0,Aucun
166,166,1,Feudjio,Victor,vi.feud.p166@gmail.com,Primaire,Employé secteur informel,39639,1,Zobel,Marie,ma.zobe.m166@gmail.com,Primaire,Ouvrier/Artisan,67072,4,106711,5,0,Partiel
167,167,1,Etoundi,Emmanuel,em.etou.p167@gmail.com,Licence,Fonctionnaire,139834,1,Etoundi,Cécile,cé.etou.m167@gmail.com,Baccalauréat,Cadre moyen,364649,4,504483,2,0,Partiel
168,168,1,Abomo,Théodore,,Aucun,Fonctionnaire,125942,1,Mbouck,Rosalie,ro.mbou.m168@gmail.com,Baccalauréat,Agriculteur/Éleveur,69662,5,195604,5,0,Total
169,169,1,Petit,Laurent,,Licence,Fonctionnaire,144157,1,Petit,Odette,od.peti.m169@gmail.com,BEPC/FSLC,Sans emploi,22969,4,167126,1,0,Partiel
170,170,1,Essama,Marcel,ma.essa.p170@gmail.com,Master/Grande école,Sans emploi,14753,1,Tchio,Colette,co.tchi.m170@gmail.com,Master/Grande école,Fonctionnaire,216845,7,231598,5,0,Total
171,171,1,Vidal,Laurent,la.vida.p171@gmail.com,Baccalauréat,Fonctionnaire,147179,1,Biyong,Yvette,yv.biyo.m171@gmail.com,Baccalauréat,Fonctionnaire,212066,3,359245,2,0,Total
172,172,1,Ndzana,Armand,,Master/Grande école,Chef d'entreprise,1140293,0,Ndzana,Madeleine,ma.ndza.m172@gmail.com,Baccalauréat,Cadre moyen,349815,7,1490108,5,1,Aucun
173,173,1,Simon,Victor,vi.simo.p173@gmail.com,BTS/DUT,Fonctionnaire,123647,1,Simon,Brigitte,br.simo.m173@gmail.com,Master/Grande école,Cadre moyen,377146,4,500793,4,0,Total
174,174,1,Etoundi,Charles,,Baccalauréat,Cadre supérieur,770160,1,Wamba,Blandine,bl.wamb.m174@gmail.com,Licence,Cadre moyen,295736,6,1065896,5,0,Partiel
175,175,0,Garcia,Roger,ro.garc.p175@gmail.com,BTS/DUT,Cadre supérieur,414436,1,Samba,Hélène,hé.samb.m175@gmail.com,BTS/DUT,Chef d'entreprise,1106274,5,1520710,1,0,Partiel
176,176,1,Nyobe,Gérard,gé.nyob.p176@gmail.com,Doctorat,Cadre supérieur,507066,1,Nyobe,Martine,ma.nyob.m176@gmail.com,Doctorat,Fonctionnaire,131618,4,638684,1,0,Total
177,177,1,Lefebvre,Emmanuel,em.lefe.p177@gmail.com,BEPC/FSLC,Fonctionnaire,94156,1,Lefebvre,Brigitte,br.lefe.m177@gmail.com,BEPC/FSLC,Employé secteur informel,46821,4,140977,5,0,Total
178,178,1,Michel,Hervé,he.mich.p178@gmail.com,Licence,Ouvrier/Artisan,84521,1,Michel,Suzanne,su.mich.m178@gmail.com,Primaire,Fonctionnaire,153957,4,238478,5,0,Total
179,179,1,Manga,Charles,ch.mang.p179@gmail.com,Master/Grande école,Cadre moyen,199546,1,Martin,Thérèse,th.mart.m179@gmail.com,Master/Grande école,Fonctionnaire,206033,3,405579,5,1,Total
180,180,1,Vidal,Pierre,pi.vida.p180@gmail.com,Master/Grande école,Chef d'entreprise,295549,1,Vidal,Pauline,pa.vida.m180@gmail.com,Doctorat,Cadre moyen,283112,2,578661,2,0,Partiel
181,181,0,Nguema,Hervé,he.ngue.p181@gmail.com,BEPC/FSLC,Employé secteur informel,38763,1,Nguema,Pauline,pa.ngue.m181@gmail.com,BEPC/FSLC,Agriculteur/Éleveur,73088,6,111851,2,0,Total
182,182,1,Leroy,Patrice,pa.lero.p182@gmail.com,Master/Grande école,Employé secteur informel,64339,1,Leroy,Colette,co.lero.m182@gmail.com,BTS/DUT,Cadre supérieur,669608,7,733947,4,0,Partiel
183,183,1,Nguema,Marcel,ma.ngue.p183@gmail.com,Licence,Cadre moyen,299430,1,Nguema,Rosalie,,Master/Grande école,Ouvrier/Artisan,45980,2,345410,1,0,Partiel
184,184,1,Mbarga,Félix,fé.mbar.p184@gmail.com,Baccalauréat,Fonctionnaire,185560,1,Bello,Rosalie,ro.bell.m184@gmail.com,Licence,Cadre moyen,389923,3,575483,1,0,Aucun
185,185,0,Bello,Charles,ch.bell.p185@gmail.com,Licence,Sans emploi,22971,1,Lobe,Cécile,cé.lobe.m185@gmail.com,Baccalauréat,Employé secteur informel,58469,7,81440,2,0,Partiel
186,186,1,Mbouck,Etienne,et.mbou.p186@gmail.com,Baccalauréat,Employé secteur informel,59310,1,Medjo,Brigitte,br.medj.m186@gmail.com,Licence,Cadre moyen,336082,5,395392,1,0,Total
187,187,1,Tchio,Henri,he.tchi.p187@gmail.com,Baccalauréat,Ouvrier/Artisan,101572,1,Moreau,Madeleine,ma.more.m187@gmail.com,Aucun,Employé secteur informel,64509,5,166081,5,0,Partiel
188,188,0,Bouchard,Paul,pa.bouc.p188@gmail.com,Aucun,Sans emploi,15896,1,Bouchard,Marie,ma.bouc.m188@gmail.com,Baccalauréat,Cadre supérieur,561194,5,577090,2,0,Partiel
189,189,1,Mbouck,Clément,cl.mbou.p189@gmail.com,Licence,Chef d'entreprise,892632,1,Garcia,Brigitte,br.garc.m189@gmail.com,Licence,Cadre supérieur,374241,5,1266873,5,0,Partiel
190,190,1,Feudjio,Roger,ro.feud.p190@gmail.com,Primaire,Ouvrier/Artisan,45597,1,Feudjio,Victoire,vi.feud.m190@gmail.com,Baccalauréat,Employé secteur informel,72848,2,118445,2,0,Partiel
191,191,1,Bouchard,André,an.bouc.p191@gmail.com,Baccalauréat,Agriculteur/Éleveur,82575,1,Tchamba,Thérèse,th.tcha.m191@gmail.com,Doctorat,Cadre moyen,350128,8,432703,3,1,Total
192,192,1,Nyobe,Charles,ch.nyob.p192@gmail.com,Baccalauréat,Cadre moyen,341962,0,Kamga,Christine,ch.kamg.m192@gmail.com,Baccalauréat,Cadre moyen,368496,6,710458,4,0,Aucun
193,193,1,Atangana,Charles,ch.atan.p193@gmail.com,Aucun,Agriculteur/Éleveur,29268,0,Simon,Christine,ch.simo.m193@gmail.com,Baccalauréat,Employé secteur informel,37203,4,66471,1,0,Total
194,194,1,Penda,Félix,fé.pend.p194@gmail.com,BTS/DUT,Fonctionnaire,204560,1,Penda,Brigitte,br.pend.m194@gmail.com,BEPC/FSLC,Agriculteur/Éleveur,41863,4,246423,1,0,Total
195,195,0,Petit,Victor,vi.peti.p195@gmail.com,Primaire,Sans emploi,19068,1,Bouchard,Jeanne,je.bouc.m195@gmail.com,Licence,Agriculteur/Éleveur,72085,6,91153,1,0,Total
196,196,0,Garcia,Félix,fé.garc.p196@gmail.com,Baccalauréat,Ouvrier/Artisan,52434,1,Dupont,Rose,ro.dupo.m196@gmail.com,Primaire,Fonctionnaire,199781,4,252215,3,0,Partiel
197,197,1,Abomo,Gérard,gé.abom.p197@gmail.com,Baccalauréat,Fonctionnaire,142583,0,Abomo,Brigitte,br.abom.m197@gmail.com,BTS/DUT,Fonctionnaire,145435,5,288018,1,1,Total
198,198,0,Atangana,Laurent,la.atan.p198@gmail.com,Primaire,Employé secteur informel,51360,1,Atangana,Rose,ro.atan.m198@gmail.com,Aucun,Employé secteur informel,43183,5,94543,5,0,Total
199,199,0,Moreau,Clément,cl.more.p199@gmail.com,BEPC/FSLC,Agriculteur/Éleveur,29139,1,Moreau,Rose,ro.more.m199@gmail.com,BTS/DUT,Ouvrier/Artisan,79733,3,108872,5,0,Total
200,200,0,Mbouck,Joseph,jo.mbou.p200@gmail.com,Licence,Fonctionnaire,181092,1,Mbouck,Adèle,ad.mbou.m200@gmail.com,Licence,Cadre moyen,337998,4,519090,2,0,Total
201,201,1,Nkeng,Henri,he.nken.p201@gmail.com,BTS/DUT,Agriculteur/Éleveur,26091,0,Mbouck,Marie,ma.mbou.m201@gmail.com,Aucun,Employé secteur informel,67037,6,93128,2,0,Partiel
202,202,1,Dupont,Emmanuel,em.dupo.p202@gmail.com,Baccalauréat,Chef d'entreprise,1223362,1,Dupont,Yvette,yv.dupo.m202@gmail.com,Doctorat,Cadre moyen,199771,3,1423133,3,0,Total
203,203,1,Michel,Patrice,pa.mich.p203@gmail.com,Baccalauréat,Fonctionnaire,186255,1,Michel,Suzanne,su.mich.m203@gmail.com,Primaire,Fonctionnaire,184818,5,371073,3,0,Total
204,204,1,Bello,Armand,ar.bell.p204@gmail.com,Primaire,Employé secteur informel,55030,1,Michel,Colette,co.mich.m204@gmail.com,Licence,Employé secteur informel,97381,3,152411,5,0,Partiel
205,205,1,Yanga,Etienne,et.yang.p205@gmail.com,Baccalauréat,Fonctionnaire,96402,1,Yanga,Thérèse,th.yang.m205@gmail.com,Aucun,Chef d'entreprise,882685,6,979087,3,0,Partiel
206,206,1,Camara,Félix,fé.cama.p206@gmail.com,BTS/DUT,Fonctionnaire,165358,1,Rodrigues,Blandine,bl.rodr.m206@gmail.com,Licence,Agriculteur/Éleveur,62730,6,228088,4,1,Total
207,207,1,Abomo,Alphonse,,BTS/DUT,Employé secteur informel,52908,1,Bouchard,Marie,ma.bouc.m207@gmail.com,Licence,Fonctionnaire,155782,5,208690,3,1,Aucun
208,208,1,Medjo,Théodore,th.medj.p208@gmail.com,Primaire,Fonctionnaire,100890,1,Medjo,Rose,ro.medj.m208@gmail.com,BEPC/FSLC,Ouvrier/Artisan,103002,4,203892,4,0,Partiel
209,209,1,Lefebvre,André,an.lefe.p209@gmail.com,Master/Grande école,Employé secteur informel,70824,1,Lefebvre,Madeleine,ma.lefe.m209@gmail.com,Primaire,Fonctionnaire,194280,6,265104,5,0,Total
210,210,1,Bernard,Jean,je.bern.p210@gmail.com,Baccalauréat,Sans emploi,3609,1,Ndzana,Odette,od.ndza.m210@gmail.com,BTS/DUT,Ouvrier/Artisan,94339,4,97948,4,0,Partiel
211,211,1,Jourdain,Félix,fé.jour.p211@gmail.com,Master/Grande école,Fonctionnaire,219830,0,Jourdain,Marguerite,ma.jour.m211@gmail.com,Baccalauréat,Chef d'entreprise,1205757,8,1425587,4,0,Total
212,212,1,Kamga,Georges,ge.kamg.p212@gmail.com,Baccalauréat,Cadre supérieur,457625,1,Kamga,Marguerite,ma.kamg.m212@gmail.com,BTS/DUT,Agriculteur/Éleveur,52742,6,510367,3,0,Aucun
213,213,1,Robert,Félix,fé.robe.p213@gmail.com,Master/Grande école,Cadre supérieur,884635,0,Martin,Pauline,pa.mart.m213@gmail.com,Primaire,Fonctionnaire,162228,2,1046863,4,0,Aucun
214,214,1,Tchamba,Alphonse,,Baccalauréat,Agriculteur/Éleveur,63653,1,Okafor,Brigitte,br.okaf.m214@gmail.com,Baccalauréat,Fonctionnaire,185572,8,249225,5,0,Total
215,215,1,Simon,Armand,ar.simo.p215@gmail.com,BTS/DUT,Ouvrier/Artisan,104113,1,Simon,Rose,ro.simo.m215@gmail.com,BTS/DUT,Employé secteur informel,90172,5,194285,5,0,Partiel
216,216,1,Donfack,Jean,je.donf.p216@gmail.com,Primaire,Fonctionnaire,110489,1,Lobe,Rosalie,ro.lobe.m216@gmail.com,Licence,Fonctionnaire,196403,2,306892,1,1,Total
217,217,1,Toure,Roger,ro.tour.p217@gmail.com,Baccalauréat,Fonctionnaire,116204,1,Robert,Hélène,hé.robe.m217@gmail.com,Licence,Fonctionnaire,130281,4,246485,4,0,Partiel
218,218,1,Feudjio,Gérard,gé.feud.p218@gmail.com,Baccalauréat,Employé secteur informel,81317,1,Feudjio,Julienne,ju.feud.m218@gmail.com,Baccalauréat,Cadre moyen,274388,5,355705,3,0,Aucun
219,219,1,Biyong,Emmanuel,,Baccalauréat,Sans emploi,13791,0,Bello,Hélène,hé.bell.m219@gmail.com,BTS/DUT,Cadre supérieur,379176,4,392967,3,0,Total
220,220,0,Atangana,Victor,vi.atan.p220@gmail.com,BEPC/FSLC,Agriculteur/Éleveur,40035,1,Atangana,Colette,co.atan.m220@gmail.com,BEPC/FSLC,Cadre supérieur,608249,4,648284,4,0,Partiel
221,221,1,Okafor,Théodore,th.okaf.p221@gmail.com,Licence,Cadre moyen,353554,1,Okafor,Jeanne,,Baccalauréat,Fonctionnaire,123101,6,476655,3,1,Partiel
222,222,1,Mvondo,Armand,ar.mvon.p222@gmail.com,BTS/DUT,Cadre supérieur,809904,1,Simon,Rose,ro.simo.m222@gmail.com,Doctorat,Cadre moyen,181951,3,991855,4,0,Partiel
223,223,0,Mvondo,André,,Aucun,Cadre supérieur,841367,1,Bernard,Rose,ro.bern.m223@gmail.com,Master/Grande école,Cadre moyen,282974,1,1124341,5,0,Total
224,224,1,Manga,Etienne,et.mang.p224@gmail.com,BTS/DUT,Fonctionnaire,143554,1,Manga,Victoire,vi.mang.m224@gmail.com,Baccalauréat,Fonctionnaire,143407,5,286961,2,0,Aucun
225,225,1,Dupont,Jean,je.dupo.p225@gmail.com,BTS/DUT,Cadre moyen,395522,1,Moreau,Marguerite,ma.more.m225@gmail.com,Master/Grande école,Fonctionnaire,204080,5,599602,1,1,Aucun
226,226,1,Tchamba,Clément,cl.tcha.p226@gmail.com,BEPC/FSLC,Fonctionnaire,138280,1,Moreau,Blandine,bl.more.m226@gmail.com,BTS/DUT,Ouvrier/Artisan,93038,7,231318,4,1,Total
227,227,1,Vidal,Joseph,,Baccalauréat,Ouvrier/Artisan,84856,1,Vidal,Rosalie,ro.vida.m227@gmail.com,Baccalauréat,Fonctionnaire,91719,1,176575,4,0,Partiel
228,228,1,Atangana,Patrice,pa.atan.p228@gmail.com,Baccalauréat,Cadre moyen,322631,1,Penda,Cécile,cé.pend.m228@gmail.com,Master/Grande école,Fonctionnaire,182796,5,505427,3,0,Total
229,229,1,Umba,Théodore,th.umba.p229@gmail.com,Licence,Employé secteur informel,71549,1,Dupont,Odette,od.dupo.m229@gmail.com,Master/Grande école,Cadre supérieur,432156,5,503705,2,0,Total
230,230,1,Bernard,Charles,ch.bern.p230@gmail.com,BTS/DUT,Agriculteur/Éleveur,31220,1,Bernard,Marguerite,ma.bern.m230@gmail.com,Baccalauréat,Cadre moyen,250031,8,281251,3,1,Partiel
231,231,1,Bouchard,Roger,ro.bouc.p231@gmail.com,BEPC/FSLC,Cadre moyen,331072,1,Jourdain,Adèle,ad.jour.m231@gmail.com,BEPC/FSLC,Agriculteur/Éleveur,42743,1,373815,5,0,Partiel
232,232,1,Essama,Marcel,ma.essa.p232@gmail.com,Licence,Cadre moyen,221205,1,Ebene,Blandine,bl.eben.m232@gmail.com,Master/Grande école,Cadre moyen,320597,3,541802,2,0,Total
233,233,1,Vidal,Henri,he.vida.p233@gmail.com,Master/Grande école,Fonctionnaire,155036,1,Yanga,Victoire,vi.yang.m233@gmail.com,Licence,Cadre moyen,222932,1,377968,2,0,Partiel
234,234,0,Robert,Roger,ro.robe.p234@gmail.com,Baccalauréat,Fonctionnaire,90259,1,Richard,Madeleine,ma.rich.m234@gmail.com,Licence,Employé secteur informel,97162,5,187421,4,0,Partiel
235,235,1,Samba,Albert,al.samb.p235@gmail.com,Baccalauréat,Ouvrier/Artisan,48395,1,Mbouck,Hélène,hé.mbou.m235@gmail.com,Baccalauréat,Cadre moyen,234611,2,283006,5,1,Total
236,236,1,Garcia,Théodore,,BTS/DUT,Cadre moyen,365734,1,Garcia,Victoire,,Master/Grande école,Ouvrier/Artisan,45890,2,411624,1,0,Partiel
237,237,1,Rodrigues,Joseph,jo.rodr.p237@gmail.com,Doctorat,Chef d'entreprise,1350675,1,Rodrigues,Jeanne,je.rodr.m237@gmail.com,Primaire,Cadre moyen,175050,6,1525725,2,0,Total
238,238,1,Leroy,Henri,he.lero.p238@gmail.com,Primaire,Employé secteur informel,44746,1,Leroy,Thérèse,th.lero.m238@gmail.com,BEPC/FSLC,Agriculteur/Éleveur,37741,3,82487,3,0,Total
239,239,0,Vidal,Emmanuel,em.vida.p239@gmail.com,BTS/DUT,Fonctionnaire,204633,1,Medjo,Yvette,yv.medj.m239@gmail.com,Licence,Fonctionnaire,184672,7,389305,2,1,Total
240,240,1,Okafor,Laurent,la.okaf.p240@gmail.com,Licence,Ouvrier/Artisan,96541,1,Okafor,Julienne,ju.okaf.m240@gmail.com,Licence,Employé secteur informel,55580,4,152121,3,0,Partiel
241,241,1,Tchamba,André,an.tcha.p241@gmail.com,BEPC/FSLC,Fonctionnaire,219293,1,Michel,Adèle,ad.mich.m241@gmail.com,Aucun,Employé secteur informel,51504,9,270797,5,0,Total
242,242,0,Robert,André,an.robe.p242@gmail.com,Primaire,Fonctionnaire,189639,1,Robert,Jeanne,je.robe.m242@gmail.com,Master/Grande école,Cadre moyen,172691,5,362330,5,0,Total
243,243,1,Petit,Gérard,gé.peti.p243@gmail.com,Primaire,Sans emploi,2359,1,Mbouck,Marguerite,ma.mbou.m243@gmail.com,Baccalauréat,Sans emploi,32042,8,34401,4,1,Total
244,244,1,Haidara,Emmanuel,em.haid.p244@gmail.com,BEPC/FSLC,Employé secteur informel,69484,1,Haidara,Thérèse,th.haid.m244@gmail.com,Aucun,Sans emploi,18820,7,88304,2,0,Aucun
245,245,1,Toure,Henri,he.tour.p245@gmail.com,Master/Grande école,Cadre supérieur,608318,1,Toure,Victoire,vi.tour.m245@gmail.com,BTS/DUT,Cadre moyen,196021,5,804339,1,0,Partiel
246,246,1,Samba,Emmanuel,em.samb.p246@gmail.com,Aucun,Cadre moyen,360541,1,Samba,Suzanne,su.samb.m246@gmail.com,Licence,Employé secteur informel,60911,5,421452,2,0,Total
247,247,0,Zobel,Patrice,pa.zobe.p247@gmail.com,Baccalauréat,Employé secteur informel,90043,1,Zobel,Odette,od.zobe.m247@gmail.com,Primaire,Agriculteur/Éleveur,42703,6,132746,1,0,Partiel
248,248,1,Mvondo,Gérard,gé.mvon.p248@gmail.com,Baccalauréat,Employé secteur informel,56222,1,Bernard,Christine,ch.bern.m248@gmail.com,Baccalauréat,Employé secteur informel,70869,6,127091,4,0,Aucun
249,249,1,Atangana,Clément,cl.atan.p249@gmail.com,BEPC/FSLC,Employé secteur informel,84281,1,Ebene,Yvette,yv.eben.m249@gmail.com,Licence,Fonctionnaire,100491,5,184772,4,0,Partiel
250,250,1,Biyong,Emmanuel,em.biyo.p250@gmail.com,BTS/DUT,Fonctionnaire,96700,1,Biyong,Adèle,ad.biyo.m250@gmail.com,BTS/DUT,Employé secteur informel,97966,5,194666,1,0,Total
251,251,1,Ebene,Henri,he.eben.p251@gmail.com,Baccalauréat,Fonctionnaire,163985,1,Tchamba,Rosalie,ro.tcha.m251@gmail.com,Baccalauréat,Fonctionnaire,187224,5,351209,1,0,Total
252,252,1,Garcia,Hervé,he.garc.p252@gmail.com,Licence,Cadre moyen,276368,1,Garcia,Brigitte,br.garc.m252@gmail.com,BTS/DUT,Fonctionnaire,170474,3,446842,3,0,Total
253,253,1,Bello,Joseph,jo.bell.p253@gmail.com,Aucun,Agriculteur/Éleveur,40641,1,Bello,Jeanne,je.bell.m253@gmail.com,BEPC/FSLC,Fonctionnaire,125834,2,166475,3,0,Total
254,254,1,Camara,Albert,al.cama.p254@gmail.com,Baccalauréat,Cadre supérieur,776748,1,Camara,Julienne,ju.cama.m254@gmail.com,BEPC/FSLC,Fonctionnaire,160882,2,937630,2,0,Total
255,255,1,Moreau,Clément,cl.more.p255@gmail.com,Master/Grande école,Employé secteur informel,67098,1,Moreau,Rosalie,ro.more.m255@gmail.com,BEPC/FSLC,Cadre supérieur,545516,4,612614,2,0,Partiel
256,256,1,Diallo,Patrice,pa.dial.p256@gmail.com,BEPC/FSLC,Employé secteur informel,36012,1,Diallo,Yvette,,BEPC/FSLC,Employé secteur informel,56363,3,92375,5,0,Aucun
257,257,1,Feudjio,Henri,he.feud.p257@gmail.com,BTS/DUT,Fonctionnaire,116919,1,Nyobe,Victoire,vi.nyob.m257@gmail.com,Baccalauréat,Cadre supérieur,716411,1,833330,4,0,Total
258,258,1,Garcia,Armand,,Baccalauréat,Employé secteur informel,97820,1,Garcia,Thérèse,th.garc.m258@gmail.com,BTS/DUT,Cadre moyen,347532,8,445352,2,1,Total
259,259,1,Ndzana,Félix,fé.ndza.p259@gmail.com,Primaire,Sans emploi,25410,1,Tchio,Odette,od.tchi.m259@gmail.com,Master/Grande école,Sans emploi,2961,5,28371,5,1,Total
260,260,1,Essama,Charles,,Licence,Cadre supérieur,669970,1,Mvondo,Thérèse,th.mvon.m260@gmail.com,Master/Grande école,Fonctionnaire,155663,4,825633,3,0,Partiel
261,261,1,Yanga,Emmanuel,em.yang.p261@gmail.com,BEPC/FSLC,Fonctionnaire,197103,0,Yanga,Madeleine,ma.yang.m261@gmail.com,Baccalauréat,Ouvrier/Artisan,78896,6,275999,2,0,Partiel
262,262,1,Vidal,Marcel,,Baccalauréat,Employé secteur informel,70922,1,Essama,Hélène,hé.essa.m262@gmail.com,Baccalauréat,Employé secteur informel,83677,3,154599,4,0,Partiel
263,263,1,Thomas,Clément,cl.thom.p263@gmail.com,BTS/DUT,Agriculteur/Éleveur,50047,0,Nguema,Rosalie,ro.ngue.m263@gmail.com,Aucun,Cadre moyen,229984,6,280031,4,0,Partiel
264,264,0,Michel,Théodore,th.mich.p264@gmail.com,Baccalauréat,Fonctionnaire,168918,1,Mbouck,Colette,co.mbou.m264@gmail.com,BEPC/FSLC,Cadre supérieur,514341,3,683259,2,0,Total
265,265,1,Richard,Pierre,pi.rich.p265@gmail.com,BTS/DUT,Employé secteur informel,95279,1,Richard,Marguerite,ma.rich.m265@gmail.com,Baccalauréat,Fonctionnaire,213294,4,308573,4,0,Total
266,266,1,Garcia,Etienne,et.garc.p266@gmail.com,Primaire,Agriculteur/Éleveur,75305,1,Atangana,Marie,ma.atan.m266@gmail.com,BEPC/FSLC,Employé secteur informel,93581,6,168886,5,0,Partiel
267,267,1,Medjo,Pierre,pi.medj.p267@gmail.com,Master/Grande école,Cadre moyen,320407,1,Medjo,Madeleine,ma.medj.m267@gmail.com,Master/Grande école,Ouvrier/Artisan,58344,7,378751,3,0,Partiel
268,268,1,Etoundi,Théodore,th.etou.p268@gmail.com,Baccalauréat,Cadre moyen,352083,1,Michel,Cécile,cé.mich.m268@gmail.com,Baccalauréat,Ouvrier/Artisan,96911,3,448994,3,1,Total
269,269,1,Nyobe,Etienne,et.nyob.p269@gmail.com,BEPC/FSLC,Fonctionnaire,137270,1,Nyobe,Brigitte,br.nyob.m269@gmail.com,Baccalauréat,Employé secteur informel,49233,5,186503,4,1,Partiel
270,270,1,Samba,Laurent,la.samb.p270@gmail.com,BEPC/FSLC,Fonctionnaire,143588,1,Abomo,Madeleine,ma.abom.m270@gmail.com,Master/Grande école,Cadre moyen,327427,5,471015,2,0,Partiel
271,271,1,Okafor,Alphonse,al.okaf.p271@gmail.com,Aucun,Ouvrier/Artisan,87114,1,Okafor,Odette,,Primaire,Employé secteur informel,49893,7,137007,4,1,Partiel
272,272,1,Lobe,Hervé,he.lobe.p272@gmail.com,Baccalauréat,Agriculteur/Éleveur,66718,1,Ebene,Odette,od.eben.m272@gmail.com,BTS/DUT,Ouvrier/Artisan,71203,7,137921,1,0,Total
273,273,1,Lobe,Jean,je.lobe.p273@gmail.com,BEPC/FSLC,Fonctionnaire,217089,0,Lobe,Thérèse,th.lobe.m273@gmail.com,Baccalauréat,Chef d'entreprise,266588,5,483677,5,0,Partiel
274,274,1,Simon,Clément,cl.simo.p274@gmail.com,BTS/DUT,Ouvrier/Artisan,49035,1,Zobel,Victoire,vi.zobe.m274@gmail.com,Aucun,Employé secteur informel,60100,9,109135,3,1,Partiel
275,275,1,Martin,Albert,al.mart.p275@gmail.com,Master/Grande école,Cadre moyen,227362,1,Martin,Christine,ch.mart.m275@gmail.com,Doctorat,Fonctionnaire,146570,7,373932,4,0,Total
276,276,0,Camara,Jean,je.cama.p276@gmail.com,Baccalauréat,Employé secteur informel,84516,1,Camara,Blandine,bl.cama.m276@gmail.com,Baccalauréat,Employé secteur informel,75914,7,160430,2,0,Partiel
277,277,1,Onana,Alphonse,al.onan.p277@gmail.com,Licence,Employé secteur informel,43685,1,Onana,Christine,ch.onan.m277@gmail.com,Primaire,Cadre supérieur,380399,4,424084,4,0,Aucun
278,278,0,Bello,Patrice,pa.bell.p278@gmail.com,Baccalauréat,Employé secteur informel,44372,1,Bello,Christine,ch.bell.m278@gmail.com,Licence,Agriculteur/Éleveur,42449,4,86821,2,0,Aucun
279,279,1,Camara,Joseph,,BTS/DUT,Employé secteur informel,73837,1,Gomis,Thérèse,th.gomi.m279@gmail.com,Baccalauréat,Fonctionnaire,125332,8,199169,2,0,Total
280,280,1,Tchio,Paul,pa.tchi.p280@gmail.com,Master/Grande école,Cadre supérieur,678789,0,Tchio,Rose,ro.tchi.m280@gmail.com,Baccalauréat,Cadre moyen,304083,2,982872,4,0,Total
281,281,1,Lobe,Henri,he.lobe.p281@gmail.com,Master/Grande école,Cadre supérieur,726932,1,Lobe,Blandine,bl.lobe.m281@gmail.com,Licence,Fonctionnaire,117748,4,844680,2,0,Total
282,282,0,Etoundi,Emmanuel,,Aucun,Fonctionnaire,172585,1,Etoundi,Rosalie,ro.etou.m282@gmail.com,BEPC/FSLC,Sans emploi,3593,5,176178,4,0,Partiel
283,283,1,Tchio,Jean,,Aucun,Employé secteur informel,39254,1,Tchio,Julienne,ju.tchi.m283@gmail.com,Primaire,Ouvrier/Artisan,79329,7,118583,5,0,Total
284,284,1,Mbouck,Clément,cl.mbou.p284@gmail.com,Baccalauréat,Agriculteur/Éleveur,30359,1,Dubois,Jeanne,je.dubo.m284@gmail.com,Baccalauréat,Cadre moyen,191014,3,221373,1,0,Total
285,285,1,Kamga,Etienne,et.kamg.p285@gmail.com,Licence,Cadre moyen,269442,1,Etoundi,Blandine,bl.etou.m285@gmail.com,Master/Grande école,Ouvrier/Artisan,68907,6,338349,2,0,Total
286,286,1,Thomas,Clément,cl.thom.p286@gmail.com,Baccalauréat,Cadre moyen,305275,1,Essama,Yvette,yv.essa.m286@gmail.com,Licence,Cadre supérieur,409281,5,714556,2,0,Total
287,287,1,Foko,Henri,he.foko.p287@gmail.com,Baccalauréat,Employé secteur informel,58556,1,Onana,Hélène,hé.onan.m287@gmail.com,Baccalauréat,Sans emploi,28378,6,86934,4,0,Partiel
288,288,1,Nkeng,Jean,je.nken.p288@gmail.com,BEPC/FSLC,Fonctionnaire,141952,1,Dubois,Rosalie,ro.dubo.m288@gmail.com,Primaire,Fonctionnaire,119251,6,261203,4,0,Total
289,289,1,Martin,Henri,he.mart.p289@gmail.com,BEPC/FSLC,Agriculteur/Éleveur,78227,0,Camara,Marie,ma.cama.m289@gmail.com,BEPC/FSLC,Agriculteur/Éleveur,67318,2,145545,4,1,Total
290,290,1,Yanga,Victor,vi.yang.p290@gmail.com,Licence,Fonctionnaire,165881,1,Yanga,Blandine,bl.yang.m290@gmail.com,Primaire,Cadre moyen,316707,5,482588,2,0,Partiel
291,291,1,Foko,André,an.foko.p291@gmail.com,Baccalauréat,Employé secteur informel,42324,1,Foko,Rosalie,ro.foko.m291@gmail.com,Primaire,Employé secteur informel,91468,3,133792,1,0,Partiel
292,292,0,Tchamba,Henri,he.tcha.p292@gmail.com,Master/Grande école,Employé secteur informel,75762,1,Tchamba,Marie,ma.tcha.m292@gmail.com,Primaire,Ouvrier/Artisan,48338,3,124100,1,0,Partiel
293,293,1,Okafor,Gérard,gé.okaf.p293@gmail.com,BTS/DUT,Fonctionnaire,149810,1,Okafor,Angèle,an.okaf.m293@gmail.com,BEPC/FSLC,Sans emploi,8463,5,158273,4,0,Total
294,294,0,Camara,Henri,he.cama.p294@gmail.com,Licence,Ouvrier/Artisan,61489,1,Camara,Pauline,pa.cama.m294@gmail.com,Master/Grande école,Cadre moyen,215657,4,277146,2,0,Total
295,295,1,Tchio,Alphonse,al.tchi.p295@gmail.com,BTS/DUT,Employé secteur informel,63235,1,Nguema,Victoire,,Licence,Employé secteur informel,39629,9,102864,3,0,Total
296,296,1,Issa,Albert,al.issa.p296@gmail.com,Master/Grande école,Fonctionnaire,110393,1,Petit,Hélène,hé.peti.m296@gmail.com,Primaire,Ouvrier/Artisan,102156,5,212549,4,0,Partiel
297,297,0,Simon,Pierre,pi.simo.p297@gmail.com,Baccalauréat,Fonctionnaire,166927,1,Manga,Marguerite,ma.mang.m297@gmail.com,Licence,Ouvrier/Artisan,89706,3,256633,3,0,Total
298,298,1,Toure,Henri,he.tour.p298@gmail.com,Licence,Cadre supérieur,398997,1,Toure,Julienne,ju.tour.m298@gmail.com,Licence,Fonctionnaire,186384,2,585381,5,1,Total
299,299,1,Lobe,Gérard,gé.lobe.p299@gmail.com,Master/Grande école,Sans emploi,12837,1,Lobe,Marguerite,ma.lobe.m299@gmail.com,Primaire,Fonctionnaire,165159,3,177996,2,0,Partiel
300,300,1,Nkeng,Joseph,jo.nken.p300@gmail.com,Doctorat,Employé secteur informel,95317,1,Nkeng,Victoire,vi.nken.m300@gmail.com,BEPC/FSLC,Employé secteur informel,49394,7,144711,3,1,Partiel
301,301,1,Ndzana,Roger,ro.ndza.p301@gmail.com,BTS/DUT,Fonctionnaire,186852,1,Ndzana,Martine,,Baccalauréat,Ouvrier/Artisan,53698,4,240550,1,0,Total
302,302,1,Etoundi,Félix,fé.etou.p302@gmail.com,Licence,Cadre moyen,339797,1,Donfack,Jeanne,je.donf.m302@gmail.com,Master/Grande école,Sans emploi,7746,8,347543,1,0,Partiel
303,303,1,Kamga,Charles,ch.kamg.p303@gmail.com,Aucun,Employé secteur informel,58976,1,Kamga,Adèle,ad.kamg.m303@gmail.com,BTS/DUT,Agriculteur/Éleveur,58093,9,117069,1,0,Total
304,304,1,Nyobe,Georges,ge.nyob.p304@gmail.com,Baccalauréat,Sans emploi,8664,0,Umba,Christine,ch.umba.m304@gmail.com,Baccalauréat,Cadre moyen,303715,8,312379,4,0,Total
305,305,1,Michel,André,an.mich.p305@gmail.com,Baccalauréat,Agriculteur/Éleveur,76355,1,Michel,Madeleine,ma.mich.m305@gmail.com,BEPC/FSLC,Cadre supérieur,829985,4,906340,4,0,Partiel
306,306,1,Kamga,Gérard,gé.kamg.p306@gmail.com,BTS/DUT,Employé secteur informel,52587,1,Simon,Pauline,pa.simo.m306@gmail.com,Baccalauréat,Employé secteur informel,56211,4,108798,2,0,Partiel
307,307,1,Biyong,Patrice,pa.biyo.p307@gmail.com,Baccalauréat,Agriculteur/Éleveur,63872,1,Penda,Adèle,ad.pend.m307@gmail.com,BEPC/FSLC,Employé secteur informel,97849,8,161721,5,0,Partiel
308,308,1,Haidara,Henri,he.haid.p308@gmail.com,BTS/DUT,Employé secteur informel,79095,0,Haidara,Madeleine,ma.haid.m308@gmail.com,Baccalauréat,Employé secteur informel,97179,6,176274,4,0,Total
309,309,1,Petit,Paul,pa.peti.p309@gmail.com,BEPC/FSLC,Employé secteur informel,42180,1,Petit,Marguerite,,Master/Grande école,Cadre supérieur,586737,4,628917,2,0,Total
310,310,1,Richard,Pierre,,BEPC/FSLC,Ouvrier/Artisan,45789,1,Richard,Jeanne,je.rich.m310@gmail.com,Master/Grande école,Ouvrier/Artisan,89385,8,135174,1,0,Partiel
311,311,1,Mbarga,Joseph,jo.mbar.p311@gmail.com,Baccalauréat,Ouvrier/Artisan,69118,1,Mbarga,Angèle,an.mbar.m311@gmail.com,Baccalauréat,Cadre supérieur,434852,5,503970,1,1,Partiel
312,312,1,Vidal,Joseph,jo.vida.p312@gmail.com,Baccalauréat,Fonctionnaire,202655,1,Vidal,Blandine,bl.vida.m312@gmail.com,BEPC/FSLC,Sans emploi,20557,1,223212,5,0,Total
313,313,1,Diallo,Joseph,,Licence,Cadre supérieur,453731,1,Diallo,Odette,od.dial.m313@gmail.com,BTS/DUT,Agriculteur/Éleveur,52049,8,505780,2,0,Partiel
314,314,1,Yanga,Joseph,jo.yang.p314@gmail.com,BTS/DUT,Agriculteur/Éleveur,25361,1,Yanga,Odette,od.yang.m314@gmail.com,Baccalauréat,Agriculteur/Éleveur,82150,6,107511,4,0,Total
315,315,1,Abomo,Paul,pa.abom.p315@gmail.com,Master/Grande école,Cadre moyen,234680,1,Bernard,Rose,ro.bern.m315@gmail.com,BTS/DUT,Chef d'entreprise,1713973,1,1948653,4,0,Total
316,316,1,Nkeng,Henri,he.nken.p316@gmail.com,Licence,Employé secteur informel,71287,1,Nkeng,Martine,,Primaire,Cadre moyen,225979,5,297266,1,0,Total
317,317,1,Tchio,Etienne,et.tchi.p317@gmail.com,BEPC/FSLC,Ouvrier/Artisan,72965,1,Abomo,Hélène,hé.abom.m317@gmail.com,BEPC/FSLC,Agriculteur/Éleveur,79127,4,152092,5,0,Aucun
318,318,1,Ndzana,Alphonse,al.ndza.p318@gmail.com,Licence,Fonctionnaire,163410,1,Ndzana,Angèle,an.ndza.m318@gmail.com,Baccalauréat,Employé secteur informel,96733,5,260143,4,0,Partiel
319,319,1,Samba,Charles,ch.samb.p319@gmail.com,Baccalauréat,Ouvrier/Artisan,87423,1,Lefebvre,Suzanne,su.lefe.m319@gmail.com,BEPC/FSLC,Cadre moyen,250537,2,337960,4,1,Total
320,320,1,Rodrigues,Armand,ar.rodr.p320@gmail.com,Baccalauréat,Agriculteur/Éleveur,40853,1,Rodrigues,Cécile,cé.rodr.m320@gmail.com,Aucun,Agriculteur/Éleveur,40152,3,81005,1,0,Partiel
321,321,1,Bouchard,Armand,ar.bouc.p321@gmail.com,Master/Grande école,Cadre moyen,364790,1,Tchamba,Marie,ma.tcha.m321@gmail.com,BTS/DUT,Cadre supérieur,359296,6,724086,1,0,Total
322,322,1,Nguema,Patrice,pa.ngue.p322@gmail.com,Baccalauréat,Employé secteur informel,83269,1,Samba,Suzanne,,Aucun,Ouvrier/Artisan,105333,4,188602,4,1,Aucun
323,323,1,Essama,Alphonse,al.essa.p323@gmail.com,Baccalauréat,Employé secteur informel,63042,1,Manga,Blandine,bl.mang.m323@gmail.com,Baccalauréat,Fonctionnaire,113487,6,176529,1,1,Partiel
324,324,1,Foko,Armand,ar.foko.p324@gmail.com,BTS/DUT,Fonctionnaire,188065,1,Foko,Pauline,pa.foko.m324@gmail.com,BEPC/FSLC,Fonctionnaire,164921,3,352986,1,0,Aucun
325,325,0,Rodrigues,Jean,je.rodr.p325@gmail.com,Licence,Fonctionnaire,194606,0,Rodrigues,Marie,ma.rodr.m325@gmail.com,BEPC/FSLC,Agriculteur/Éleveur,87237,4,281843,2,0,Partiel
326,326,1,Lefebvre,Armand,ar.lefe.p326@gmail.com,Primaire,Sans emploi,15189,1,Lefebvre,Suzanne,su.lefe.m326@gmail.com,Primaire,Cadre supérieur,731576,8,746765,4,0,Total
327,327,1,Moreau,Henri,he.more.p327@gmail.com,Baccalauréat,Employé secteur informel,58184,1,Moreau,Rose,ro.more.m327@gmail.com,Primaire,Agriculteur/Éleveur,28512,4,86696,1,1,Partiel
328,328,1,Gomis,Hervé,,Licence,Ouvrier/Artisan,68955,1,Bernard,Odette,od.bern.m328@gmail.com,Master/Grande école,Ouvrier/Artisan,70820,2,139775,3,0,Total
329,329,1,Mbarga,Armand,ar.mbar.p329@gmail.com,BTS/DUT,Cadre moyen,179310,1,Mbarga,Martine,ma.mbar.m329@gmail.com,Licence,Cadre moyen,214240,2,393550,4,0,Total
330,330,1,Richard,Alphonse,,BTS/DUT,Cadre moyen,386968,1,Garcia,Julienne,ju.garc.m330@gmail.com,BTS/DUT,Cadre supérieur,784266,5,1171234,1,0,Total
331,331,1,Nyobe,Etienne,et.nyob.p331@gmail.com,BTS/DUT,Fonctionnaire,168258,1,Foko,Martine,ma.foko.m331@gmail.com,BEPC/FSLC,Agriculteur/Éleveur,36296,3,204554,1,0,Partiel
332,332,0,Vidal,Gérard,gé.vida.p332@gmail.com,BTS/DUT,Cadre moyen,199873,1,Vidal,Odette,od.vida.m332@gmail.com,Master/Grande école,Chef d'entreprise,280154,7,480027,4,0,Total
333,333,0,Haidara,Alphonse,al.haid.p333@gmail.com,Primaire,Ouvrier/Artisan,70817,1,Haidara,Adèle,ad.haid.m333@gmail.com,BEPC/FSLC,Agriculteur/Éleveur,33666,3,104483,3,0,Aucun
334,334,1,Biyong,Alphonse,al.biyo.p334@gmail.com,Licence,Employé secteur informel,43227,1,Biyong,Victoire,vi.biyo.m334@gmail.com,Licence,Agriculteur/Éleveur,60187,1,103414,3,0,Aucun
335,335,1,Mvondo,Joseph,jo.mvon.p335@gmail.com,Primaire,Agriculteur/Éleveur,88149,1,Mvondo,Madeleine,ma.mvon.m335@gmail.com,BEPC/FSLC,Ouvrier/Artisan,85324,3,173473,2,1,Partiel
336,336,1,Toure,Armand,ar.tour.p336@gmail.com,Master/Grande école,Chef d'entreprise,410561,1,Toure,Julienne,ju.tour.m336@gmail.com,BEPC/FSLC,Chef d'entreprise,721461,2,1132022,1,1,Total
337,337,1,Lobe,Théodore,th.lobe.p337@gmail.com,BTS/DUT,Cadre moyen,398750,1,Foko,Julienne,ju.foko.m337@gmail.com,Baccalauréat,Agriculteur/Éleveur,34223,9,432973,5,1,Partiel
338,338,1,Issa,Paul,pa.issa.p338@gmail.com,Primaire,Employé secteur informel,54446,1,Issa,Cécile,cé.issa.m338@gmail.com,Aucun,Fonctionnaire,105394,8,159840,5,0,Partiel
339,339,0,Etoundi,Patrice,pa.etou.p339@gmail.com,Baccalauréat,Ouvrier/Artisan,99777,1,Richard,Colette,co.rich.m339@gmail.com,Licence,Agriculteur/Éleveur,80881,4,180658,4,1,Partiel
340,340,1,Garcia,Armand,ar.garc.p340@gmail.com,Primaire,Employé secteur informel,38415,1,Garcia,Cécile,cé.garc.m340@gmail.com,BTS/DUT,Fonctionnaire,152725,4,191140,1,0,Partiel
341,341,1,Petit,Gérard,gé.peti.p341@gmail.com,Primaire,Fonctionnaire,160860,1,Issa,Yvette,yv.issa.m341@gmail.com,Aucun,Agriculteur/Éleveur,57363,3,218223,5,1,Partiel
342,342,1,Kamga,Albert,al.kamg.p342@gmail.com,BEPC/FSLC,Cadre moyen,195361,1,Feudjio,Brigitte,br.feud.m342@gmail.com,Baccalauréat,Fonctionnaire,187263,4,382624,2,1,Partiel
343,343,1,Simon,Roger,ro.simo.p343@gmail.com,BTS/DUT,Fonctionnaire,114716,1,Simon,Madeleine,ma.simo.m343@gmail.com,Baccalauréat,Sans emploi,32430,8,147146,5,0,Total
344,344,1,Thomas,Pierre,pi.thom.p344@gmail.com,BTS/DUT,Ouvrier/Artisan,60340,1,Thomas,Colette,co.thom.m344@gmail.com,Primaire,Ouvrier/Artisan,88201,6,148541,2,0,Total
345,345,0,Mbouck,Etienne,,BEPC/FSLC,Agriculteur/Éleveur,84481,0,Mbouck,Christine,ch.mbou.m345@gmail.com,Primaire,Ouvrier/Artisan,49891,5,134372,1,0,Partiel
346,346,1,Kamga,Roger,ro.kamg.p346@gmail.com,Master/Grande école,Ouvrier/Artisan,90599,1,Kamga,Colette,co.kamg.m346@gmail.com,Baccalauréat,Cadre supérieur,785231,3,875830,2,0,Partiel
347,347,1,Mbouck,Georges,ge.mbou.p347@gmail.com,Licence,Fonctionnaire,173480,1,Dupont,Pauline,pa.dupo.m347@gmail.com,BTS/DUT,Ouvrier/Artisan,93537,5,267017,2,1,Total
348,348,1,Zobel,Marcel,ma.zobe.p348@gmail.com,Doctorat,Employé secteur informel,68981,1,Toure,Victoire,vi.tour.m348@gmail.com,Baccalauréat,Cadre supérieur,809160,3,878141,1,0,Total
349,349,1,Issa,Patrice,pa.issa.p349@gmail.com,BTS/DUT,Chef d'entreprise,333562,1,Issa,Yvette,yv.issa.m349@gmail.com,Doctorat,Cadre moyen,360036,2,693598,4,0,Partiel
350,350,1,Diallo,Joseph,,BEPC/FSLC,Fonctionnaire,106329,1,Diallo,Cécile,cé.dial.m350@gmail.com,Doctorat,Employé secteur informel,93575,5,199904,3,0,Total
351,351,1,Dupont,Henri,he.dupo.p351@gmail.com,BTS/DUT,Sans emploi,27713,1,Dupont,Victoire,,Primaire,Employé secteur informel,95597,6,123310,1,0,Partiel
352,352,1,Mvondo,Patrice,,BTS/DUT,Agriculteur/Éleveur,43791,1,Mvondo,Angèle,,Aucun,Cadre supérieur,635818,5,679609,2,0,Partiel
353,353,1,Toure,Hervé,,Baccalauréat,Ouvrier/Artisan,85091,0,Toure,Rosalie,ro.tour.m353@gmail.com,Primaire,Chef d'entreprise,565402,5,650493,4,1,Partiel
354,354,1,Zobel,Armand,ar.zobe.p354@gmail.com,Baccalauréat,Cadre moyen,213736,1,Simon,Christine,ch.simo.m354@gmail.com,Baccalauréat,Cadre moyen,266693,1,480429,1,0,Partiel
355,355,1,Nguema,Roger,ro.ngue.p355@gmail.com,Baccalauréat,Agriculteur/Éleveur,44884,1,Nguema,Rosalie,ro.ngue.m355@gmail.com,Master/Grande école,Ouvrier/Artisan,93018,5,137902,1,0,Total
356,356,1,Jourdain,Gérard,gé.jour.p356@gmail.com,Licence,Cadre supérieur,550881,1,Dupont,Christine,ch.dupo.m356@gmail.com,BTS/DUT,Chef d'entreprise,1158177,8,1709058,2,0,Total
357,357,0,Nkeng,Félix,fé.nken.p357@gmail.com,BEPC/FSLC,Cadre moyen,334865,1,Nkeng,Odette,od.nken.m357@gmail.com,Aucun,Ouvrier/Artisan,66535,5,401400,3,0,Partiel
358,358,1,Nkeng,Charles,,BTS/DUT,Agriculteur/Éleveur,79417,1,Bello,Yvette,yv.bell.m358@gmail.com,BEPC/FSLC,Agriculteur/Éleveur,78504,6,157921,4,0,Total
359,359,1,Ndzana,Félix,fé.ndza.p359@gmail.com,BEPC/FSLC,Agriculteur/Éleveur,81804,1,Penda,Brigitte,br.pend.m359@gmail.com,Baccalauréat,Cadre moyen,301515,5,383319,3,1,Total
360,360,1,Lobe,Albert,al.lobe.p360@gmail.com,BEPC/FSLC,Cadre moyen,353777,1,Lobe,Madeleine,ma.lobe.m360@gmail.com,Licence,Fonctionnaire,112509,4,466286,5,0,Total
361,361,1,Donfack,Gérard,gé.donf.p361@gmail.com,BEPC/FSLC,Ouvrier/Artisan,55503,1,Donfack,Angèle,an.donf.m361@gmail.com,Doctorat,Fonctionnaire,128718,5,184221,5,1,Partiel
362,362,1,Lefebvre,Joseph,jo.lefe.p362@gmail.com,Licence,Employé secteur informel,53511,1,Jourdain,Colette,co.jour.m362@gmail.com,BTS/DUT,Cadre supérieur,725450,7,778961,2,1,Partiel
363,363,1,Diallo,André,an.dial.p363@gmail.com,Aucun,Sans emploi,20571,1,Mbarga,Marie,ma.mbar.m363@gmail.com,Baccalauréat,Cadre moyen,186645,7,207216,4,0,Partiel
364,364,1,Mbarga,Roger,ro.mbar.p364@gmail.com,Baccalauréat,Employé secteur informel,86825,1,Mbarga,Martine,ma.mbar.m364@gmail.com,BTS/DUT,Cadre moyen,207132,7,293957,3,0,Total
365,365,1,Abomo,Félix,fé.abom.p365@gmail.com,Primaire,Cadre supérieur,725468,1,Abomo,Angèle,an.abom.m365@gmail.com,Aucun,Agriculteur/Éleveur,58208,4,783676,5,0,Partiel
366,366,1,Manga,Pierre,pi.mang.p366@gmail.com,BEPC/FSLC,Fonctionnaire,193652,1,Manga,Angèle,an.mang.m366@gmail.com,BEPC/FSLC,Ouvrier/Artisan,92223,4,285875,4,1,Total
367,367,1,Dupont,Patrice,pa.dupo.p367@gmail.com,Master/Grande école,Agriculteur/Éleveur,42531,1,Kamga,Jeanne,,BTS/DUT,Cadre moyen,334369,5,376900,5,0,Partiel
368,368,1,Bello,Henri,he.bell.p368@gmail.com,Master/Grande école,Cadre moyen,188745,1,Bello,Julienne,ju.bell.m368@gmail.com,Doctorat,Cadre moyen,177799,5,366544,1,0,Total
369,369,0,Bernard,Pierre,pi.bern.p369@gmail.com,Primaire,Sans emploi,28991,1,Mbouck,Marie,ma.mbou.m369@gmail.com,BTS/DUT,Cadre moyen,182658,4,211649,5,0,Aucun
370,370,1,Mbouck,Joseph,jo.mbou.p370@gmail.com,Master/Grande école,Cadre moyen,218720,1,Mbouck,Victoire,vi.mbou.m370@gmail.com,BTS/DUT,Fonctionnaire,112040,6,330760,2,0,Total
371,371,1,Diallo,Joseph,,Master/Grande école,Cadre supérieur,630600,1,Bernard,Victoire,vi.bern.m371@gmail.com,Licence,Fonctionnaire,106796,7,737396,4,1,Total
372,372,1,Tchio,Etienne,et.tchi.p372@gmail.com,Baccalauréat,Fonctionnaire,164995,1,Tchio,Thérèse,th.tchi.m372@gmail.com,Primaire,Ouvrier/Artisan,76583,4,241578,2,1,Partiel
373,373,1,Bernard,Emmanuel,em.bern.p373@gmail.com,Primaire,Fonctionnaire,105921,1,Bernard,Rosalie,ro.bern.m373@gmail.com,Baccalauréat,Fonctionnaire,127082,6,233003,3,0,Partiel
374,374,1,Atangana,Etienne,et.atan.p374@gmail.com,BTS/DUT,Employé secteur informel,55455,1,Atangana,Odette,od.atan.m374@gmail.com,Baccalauréat,Fonctionnaire,160930,2,216385,2,0,Total
375,375,1,Wamba,Etienne,et.wamb.p375@gmail.com,Master/Grande école,Chef d'entreprise,1447944,1,Richard,Brigitte,br.rich.m375@gmail.com,BTS/DUT,Cadre moyen,186799,2,1634743,3,0,Total
376,376,1,Zobel,Victor,vi.zobe.p376@gmail.com,Master/Grande école,Agriculteur/Éleveur,64791,1,Zobel,Adèle,ad.zobe.m376@gmail.com,BEPC/FSLC,Chef d'entreprise,1184030,9,1248821,1,0,Total
377,377,1,Bello,Félix,,BEPC/FSLC,Employé secteur informel,50098,1,Bello,Brigitte,br.bell.m377@gmail.com,Primaire,Agriculteur/Éleveur,39984,4,90082,4,0,Aucun
378,378,1,Jourdain,Joseph,jo.jour.p378@gmail.com,BTS/DUT,Cadre moyen,348215,1,Feudjio,Suzanne,su.feud.m378@gmail.com,BEPC/FSLC,Fonctionnaire,180347,7,528562,3,0,Partiel
379,379,1,Mvondo,Gérard,gé.mvon.p379@gmail.com,Master/Grande école,Employé secteur informel,62310,1,Bernard,Hélène,hé.bern.m379@gmail.com,BEPC/FSLC,Fonctionnaire,103389,7,165699,2,0,Total
380,380,1,Okafor,Georges,ge.okaf.p380@gmail.com,BEPC/FSLC,Employé secteur informel,58980,1,Gomis,Suzanne,su.gomi.m380@gmail.com,Licence,Ouvrier/Artisan,64908,6,123888,5,0,Total
381,381,1,Lobe,Laurent,,BEPC/FSLC,Cadre moyen,342140,1,Abomo,Pauline,pa.abom.m381@gmail.com,Aucun,Fonctionnaire,214383,7,556523,5,1,Total
382,382,1,Bouchard,Victor,vi.bouc.p382@gmail.com,BTS/DUT,Fonctionnaire,95819,1,Manga,Marie,,BTS/DUT,Agriculteur/Éleveur,76341,5,172160,4,0,Partiel
383,383,1,Ndzana,Victor,vi.ndza.p383@gmail.com,Baccalauréat,Cadre moyen,247524,1,Ndzana,Hélène,hé.ndza.m383@gmail.com,Primaire,Cadre moyen,254830,3,502354,5,0,Total
384,384,1,Medjo,Joseph,jo.medj.p384@gmail.com,Baccalauréat,Cadre supérieur,604547,1,Medjo,Madeleine,ma.medj.m384@gmail.com,Licence,Cadre moyen,254092,6,858639,2,0,Partiel
385,385,0,Nyobe,Roger,ro.nyob.p385@gmail.com,BEPC/FSLC,Agriculteur/Éleveur,87160,1,Leroy,Yvette,yv.lero.m385@gmail.com,Aucun,Agriculteur/Éleveur,28031,5,115191,4,0,Partiel
386,386,1,Bouchard,Roger,ro.bouc.p386@gmail.com,Primaire,Fonctionnaire,215804,1,Ebene,Odette,,BEPC/FSLC,Agriculteur/Éleveur,67586,4,283390,5,0,Aucun
387,387,1,Vidal,Hervé,he.vida.p387@gmail.com,BTS/DUT,Fonctionnaire,185001,1,Vidal,Marguerite,ma.vida.m387@gmail.com,BTS/DUT,Cadre supérieur,753580,6,938581,4,0,Total
388,388,1,Feudjio,Gérard,gé.feud.p388@gmail.com,BEPC/FSLC,Fonctionnaire,130291,1,Kamga,Rose,ro.kamg.m388@gmail.com,Aucun,Sans emploi,17349,6,147640,4,0,Aucun
389,389,1,Etoundi,Georges,ge.etou.p389@gmail.com,Master/Grande école,Cadre supérieur,614212,1,Onana,Martine,ma.onan.m389@gmail.com,BTS/DUT,Agriculteur/Éleveur,53003,2,667215,2,0,Partiel
390,390,1,Haidara,Joseph,jo.haid.p390@gmail.com,Licence,Chef d'entreprise,640882,1,Ebene,Madeleine,ma.eben.m390@gmail.com,Master/Grande école,Cadre moyen,290171,4,931053,4,0,Partiel
391,391,1,Tchamba,Emmanuel,em.tcha.p391@gmail.com,BTS/DUT,Employé secteur informel,68104,1,Tchamba,Odette,od.tcha.m391@gmail.com,Primaire,Ouvrier/Artisan,73279,4,141383,4,0,Total
392,392,1,Simon,Etienne,et.simo.p392@gmail.com,BEPC/FSLC,Fonctionnaire,195355,1,Penda,Rose,ro.pend.m392@gmail.com,BEPC/FSLC,Fonctionnaire,105863,7,301218,5,0,Partiel
393,393,1,Umba,Albert,al.umba.p393@gmail.com,Baccalauréat,Fonctionnaire,188480,1,Umba,Thérèse,th.umba.m393@gmail.com,Aucun,Ouvrier/Artisan,51967,3,240447,4,0,Total
394,394,1,Kamga,André,an.kamg.p394@gmail.com,Primaire,Agriculteur/Éleveur,81285,1,Kamga,Rose,,Master/Grande école,Agriculteur/Éleveur,68094,3,149379,2,1,Total
395,395,1,Yanga,Joseph,jo.yang.p395@gmail.com,Master/Grande école,Employé secteur informel,55890,1,Robert,Martine,,Master/Grande école,Chef d'entreprise,519674,4,575564,3,0,Total
396,396,1,Abomo,Jean,je.abom.p396@gmail.com,Licence,Fonctionnaire,98732,1,Abomo,Yvette,yv.abom.m396@gmail.com,BEPC/FSLC,Fonctionnaire,126794,1,225526,3,0,Total
397,397,1,Mbarga,Armand,ar.mbar.p397@gmail.com,BTS/DUT,Employé secteur informel,96211,1,Mbarga,Martine,ma.mbar.m397@gmail.com,Aucun,Employé secteur informel,38668,4,134879,5,0,Aucun
398,398,1,Essama,Paul,pa.essa.p398@gmail.com,Licence,Cadre supérieur,729413,1,Umba,Christine,ch.umba.m398@gmail.com,Doctorat,Cadre supérieur,686881,5,1416294,1,0,Total
399,399,1,Bernard,Clément,,Baccalauréat,Employé secteur informel,38613,1,Petit,Yvette,yv.peti.m399@gmail.com,Licence,Agriculteur/Éleveur,82799,7,121412,1,0,Total
400,400,1,Thomas,Emmanuel,em.thom.p400@gmail.com,Primaire,Cadre moyen,267624,1,Foko,Hélène,hé.foko.m400@gmail.com,Licence,Fonctionnaire,201630,5,469254,3,1,Aucun
401,401,1,Donfack,Charles,ch.donf.p401@gmail.com,Licence,Agriculteur/Éleveur,39648,1,Donfack,Thérèse,th.donf.m401@gmail.com,Aucun,Employé secteur informel,52742,4,92390,4,0,Total
402,402,1,Michel,Emmanuel,,Baccalauréat,Ouvrier/Artisan,47142,1,Michel,Jeanne,je.mich.m402@gmail.com,Primaire,Cadre moyen,295708,4,342850,1,0,Total
403,403,1,Nyobe,Hervé,he.nyob.p403@gmail.com,Master/Grande école,Agriculteur/Éleveur,32420,1,Okafor,Colette,co.okaf.m403@gmail.com,BEPC/FSLC,Employé secteur informel,94296,3,126716,1,0,Aucun
404,404,1,Garcia,André,an.garc.p404@gmail.com,BTS/DUT,Fonctionnaire,97672,1,Michel,Victoire,vi.mich.m404@gmail.com,Licence,Agriculteur/Éleveur,72839,7,170511,4,0,Partiel
405,405,1,Gomis,Charles,ch.gomi.p405@gmail.com,BEPC/FSLC,Employé secteur informel,95755,1,Gomis,Rosalie,,Master/Grande école,Cadre moyen,326285,3,422040,4,0,Partiel
406,406,1,Lobe,Jean,,Licence,Chef d'entreprise,1026608,1,Lobe,Martine,,Baccalauréat,Cadre moyen,241364,7,1267972,3,1,Total
407,407,1,Samba,Laurent,la.samb.p407@gmail.com,BTS/DUT,Chef d'entreprise,914277,0,Samba,Madeleine,ma.samb.m407@gmail.com,Licence,Chef d'entreprise,672275,3,1586552,5,0,Partiel
408,408,1,Donfack,Armand,ar.donf.p408@gmail.com,Baccalauréat,Cadre supérieur,779498,1,Donfack,Yvette,,Baccalauréat,Employé secteur informel,60972,4,840470,5,0,Total
409,409,1,Bello,Roger,ro.bell.p409@gmail.com,BEPC/FSLC,Cadre supérieur,674989,1,Haidara,Christine,ch.haid.m409@gmail.com,Doctorat,Cadre supérieur,766907,3,1441896,5,1,Total
410,410,1,Garcia,Armand,ar.garc.p410@gmail.com,BTS/DUT,Employé secteur informel,74460,1,Garcia,Yvette,,BEPC/FSLC,Employé secteur informel,61259,2,135719,5,0,Total
411,411,1,Tchio,Patrice,pa.tchi.p411@gmail.com,Baccalauréat,Cadre moyen,274240,1,Feudjio,Angèle,an.feud.m411@gmail.com,Primaire,Employé secteur informel,72472,5,346712,4,0,Total
412,412,1,Martin,Marcel,ma.mart.p412@gmail.com,BEPC/FSLC,Ouvrier/Artisan,80908,1,Okafor,Jeanne,je.okaf.m412@gmail.com,Doctorat,Sans emploi,7412,2,88320,5,0,Total
413,413,1,Biyong,Paul,pa.biyo.p413@gmail.com,BEPC/FSLC,Ouvrier/Artisan,81338,1,Okafor,Marguerite,ma.okaf.m413@gmail.com,Licence,Cadre supérieur,673289,6,754627,1,0,Total
414,414,0,Feudjio,Clément,cl.feud.p414@gmail.com,Master/Grande école,Agriculteur/Éleveur,27230,1,Okafor,Marie,ma.okaf.m414@gmail.com,Primaire,Ouvrier/Artisan,70826,7,98056,3,0,Partiel
415,415,0,Rodrigues,Roger,ro.rodr.p415@gmail.com,BTS/DUT,Agriculteur/Éleveur,35173,1,Michel,Julienne,ju.mich.m415@gmail.com,BEPC/FSLC,Fonctionnaire,145816,4,180989,1,0,Total
416,416,1,Umba,Gérard,gé.umba.p416@gmail.com,Licence,Ouvrier/Artisan,56092,1,Ndzana,Cécile,cé.ndza.m416@gmail.com,Licence,Employé secteur informel,35765,8,91857,1,0,Total
417,417,1,Essama,Albert,,BTS/DUT,Agriculteur/Éleveur,81188,1,Umba,Cécile,,Baccalauréat,Fonctionnaire,115759,8,196947,4,0,Partiel
418,418,1,Gomis,Georges,ge.gomi.p418@gmail.com,Licence,Cadre supérieur,498376,1,Gomis,Adèle,ad.gomi.m418@gmail.com,BEPC/FSLC,Cadre moyen,210042,3,708418,2,0,Partiel
419,419,1,Martin,Paul,pa.mart.p419@gmail.com,Master/Grande école,Cadre moyen,352831,1,Mbarga,Cécile,cé.mbar.m419@gmail.com,BEPC/FSLC,Fonctionnaire,203089,4,555920,5,0,Partiel
420,420,1,Essama,Victor,,BEPC/FSLC,Ouvrier/Artisan,84804,1,Essama,Adèle,ad.essa.m420@gmail.com,BEPC/FSLC,Ouvrier/Artisan,84921,5,169725,1,0,Partiel
421,421,1,Haidara,Pierre,pi.haid.p421@gmail.com,BTS/DUT,Fonctionnaire,199890,1,Haidara,Martine,ma.haid.m421@gmail.com,Primaire,Agriculteur/Éleveur,84144,4,284034,4,0,Partiel
422,422,1,Atangana,Marcel,ma.atan.p422@gmail.com,Master/Grande école,Agriculteur/Éleveur,35511,1,Atangana,Pauline,pa.atan.m422@gmail.com,BTS/DUT,Cadre moyen,193563,6,229074,1,0,Total
423,423,1,Gomis,Georges,ge.gomi.p423@gmail.com,BTS/DUT,Cadre supérieur,672261,1,Tchio,Rose,ro.tchi.m423@gmail.com,Aucun,Fonctionnaire,203370,7,875631,3,1,Total
424,424,1,Feudjio,Alphonse,al.feud.p424@gmail.com,Aucun,Employé secteur informel,94639,1,Nguema,Martine,ma.ngue.m424@gmail.com,Primaire,Agriculteur/Éleveur,78404,7,173043,5,0,Partiel
425,425,1,Moreau,Théodore,th.more.p425@gmail.com,BTS/DUT,Fonctionnaire,94275,1,Moreau,Rose,ro.more.m425@gmail.com,Baccalauréat,Ouvrier/Artisan,105717,7,199992,2,0,Total
426,426,1,Lefebvre,André,an.lefe.p426@gmail.com,Primaire,Cadre supérieur,872234,1,Lefebvre,Martine,ma.lefe.m426@gmail.com,Baccalauréat,Employé secteur informel,88744,2,960978,3,0,Partiel
427,427,0,Atangana,Alphonse,al.atan.p427@gmail.com,Baccalauréat,Agriculteur/Éleveur,81500,1,Atangana,Angèle,an.atan.m427@gmail.com,BEPC/FSLC,Ouvrier/Artisan,59036,3,140536,3,0,Aucun
428,428,1,Lefebvre,Patrice,pa.lefe.p428@gmail.com,Doctorat,Fonctionnaire,173539,1,Richard,Hélène,hé.rich.m428@gmail.com,BTS/DUT,Cadre supérieur,566076,4,739615,3,0,Total
429,429,1,Michel,Armand,ar.mich.p429@gmail.com,Baccalauréat,Ouvrier/Artisan,75559,1,Michel,Pauline,pa.mich.m429@gmail.com,Licence,Agriculteur/Éleveur,30475,2,106034,4,1,Total
430,430,1,Biyong,Henri,he.biyo.p430@gmail.com,BEPC/FSLC,Cadre moyen,288320,1,Foko,Brigitte,,BEPC/FSLC,Cadre moyen,243069,4,531389,4,0,Partiel
431,431,1,Nguema,Pierre,pi.ngue.p431@gmail.com,Primaire,Employé secteur informel,58898,1,Foko,Marie,ma.foko.m431@gmail.com,Baccalauréat,Fonctionnaire,115440,3,174338,3,0,Partiel
432,432,1,Mvondo,Hervé,he.mvon.p432@gmail.com,Primaire,Employé secteur informel,95370,1,Zobel,Martine,ma.zobe.m432@gmail.com,Baccalauréat,Ouvrier/Artisan,78786,4,174156,3,0,Partiel
433,433,1,Mbouck,Roger,ro.mbou.p433@gmail.com,Baccalauréat,Agriculteur/Éleveur,63699,1,Medjo,Blandine,bl.medj.m433@gmail.com,BEPC/FSLC,Cadre supérieur,573985,6,637684,2,0,Partiel
434,434,0,Etoundi,Roger,ro.etou.p434@gmail.com,Licence,Employé secteur informel,36121,1,Mvondo,Colette,co.mvon.m434@gmail.com,Primaire,Cadre moyen,383744,8,419865,4,0,Total
435,435,1,Onana,Henri,he.onan.p435@gmail.com,Aucun,Cadre moyen,317824,1,Onana,Adèle,ad.onan.m435@gmail.com,BTS/DUT,Ouvrier/Artisan,48070,6,365894,2,0,Total
436,436,0,Nyobe,André,an.nyob.p436@gmail.com,Baccalauréat,Ouvrier/Artisan,63568,1,Mvondo,Marie,ma.mvon.m436@gmail.com,BTS/DUT,Fonctionnaire,104936,4,168504,1,0,Total
437,437,1,Lefebvre,Patrice,pa.lefe.p437@gmail.com,Licence,Cadre moyen,385467,1,Nyobe,Jeanne,je.nyob.m437@gmail.com,BTS/DUT,Cadre supérieur,797292,6,1182759,5,0,Total
438,438,1,Etoundi,Clément,,BEPC/FSLC,Sans emploi,7548,1,Toure,Odette,od.tour.m438@gmail.com,Primaire,Agriculteur/Éleveur,51700,6,59248,2,0,Total
439,439,0,Essama,Georges,ge.essa.p439@gmail.com,Aucun,Fonctionnaire,148305,1,Leroy,Thérèse,th.lero.m439@gmail.com,BEPC/FSLC,Employé secteur informel,95859,6,244164,1,0,Total
440,440,1,Donfack,Laurent,la.donf.p440@gmail.com,Licence,Agriculteur/Éleveur,35055,1,Donfack,Rose,ro.donf.m440@gmail.com,Aucun,Ouvrier/Artisan,105512,9,140567,3,0,Partiel
441,441,1,Lefebvre,André,an.lefe.p441@gmail.com,BEPC/FSLC,Fonctionnaire,144449,1,Lefebvre,Brigitte,,BEPC/FSLC,Employé secteur informel,40903,1,185352,4,0,Partiel
442,442,1,Garcia,Charles,ch.garc.p442@gmail.com,Aucun,Sans emploi,3435,1,Garcia,Blandine,bl.garc.m442@gmail.com,Aucun,Fonctionnaire,135011,7,138446,4,1,Partiel
443,443,1,Nyobe,Etienne,et.nyob.p443@gmail.com,Baccalauréat,Employé secteur informel,41973,1,Kamga,Thérèse,th.kamg.m443@gmail.com,Baccalauréat,Ouvrier/Artisan,52535,5,94508,3,0,Total
444,444,1,Mbarga,Pierre,pi.mbar.p444@gmail.com,Licence,Fonctionnaire,203118,1,Mbarga,Brigitte,,BEPC/FSLC,Cadre moyen,231585,3,434703,4,0,Partiel
445,445,1,Okafor,Emmanuel,em.okaf.p445@gmail.com,BEPC/FSLC,Agriculteur/Éleveur,43645,1,Robert,Odette,od.robe.m445@gmail.com,BTS/DUT,Fonctionnaire,95779,6,139424,5,0,Total
446,446,1,Umba,Jean,je.umba.p446@gmail.com,Baccalauréat,Employé secteur informel,77127,1,Umba,Brigitte,,Baccalauréat,Employé secteur informel,65300,5,142427,3,0,Partiel
447,447,1,Ndzana,Paul,pa.ndza.p447@gmail.com,BTS/DUT,Agriculteur/Éleveur,63053,1,Ndzana,Thérèse,,Baccalauréat,Agriculteur/Éleveur,82122,3,145175,5,1,Partiel
448,448,1,Wamba,Clément,cl.wamb.p448@gmail.com,Baccalauréat,Agriculteur/Éleveur,44332,1,Wamba,Jeanne,je.wamb.m448@gmail.com,Baccalauréat,Ouvrier/Artisan,82417,8,126749,2,1,Total
449,449,1,Martin,Jean,je.mart.p449@gmail.com,Master/Grande école,Cadre supérieur,771682,0,Wamba,Thérèse,th.wamb.m449@gmail.com,BTS/DUT,Fonctionnaire,194596,6,966278,3,0,Partiel
450,450,1,Etoundi,Clément,cl.etou.p450@gmail.com,Baccalauréat,Employé secteur informel,71749,1,Etoundi,Blandine,,Licence,Employé secteur informel,36677,5,108426,2,0,Partiel
451,451,1,Mvondo,Joseph,,Aucun,Employé secteur informel,74789,1,Mvondo,Marguerite,,Baccalauréat,Fonctionnaire,155789,2,230578,5,1,Total
452,452,1,Moreau,Patrice,pa.more.p452@gmail.com,Baccalauréat,Agriculteur/Éleveur,64125,1,Tchio,Blandine,bl.tchi.m452@gmail.com,Licence,Agriculteur/Éleveur,80448,2,144573,3,0,Partiel
453,453,1,Haidara,Pierre,pi.haid.p453@gmail.com,BTS/DUT,Chef d'entreprise,1053016,1,Etoundi,Blandine,bl.etou.m453@gmail.com,Doctorat,Cadre moyen,220800,7,1273816,1,0,Total
454,454,1,Diallo,Armand,ar.dial.p454@gmail.com,Primaire,Ouvrier/Artisan,64555,0,Diallo,Rose,ro.dial.m454@gmail.com,Primaire,Ouvrier/Artisan,67759,6,132314,4,0,Total
455,455,1,Zobel,Alphonse,al.zobe.p455@gmail.com,BTS/DUT,Employé secteur informel,54069,1,Mvondo,Julienne,ju.mvon.m455@gmail.com,Licence,Fonctionnaire,163916,3,217985,5,0,Partiel
456,456,1,Bouchard,Paul,pa.bouc.p456@gmail.com,Licence,Agriculteur/Éleveur,41985,1,Okafor,Hélène,hé.okaf.m456@gmail.com,BTS/DUT,Cadre supérieur,854069,4,896054,3,0,Total
457,457,1,Essama,Albert,al.essa.p457@gmail.com,Primaire,Employé secteur informel,85668,1,Essama,Blandine,bl.essa.m457@gmail.com,Aucun,Sans emploi,18472,4,104140,5,0,Total
458,458,1,Manga,Jean,je.mang.p458@gmail.com,BTS/DUT,Agriculteur/Éleveur,63494,1,Bouchard,Rosalie,ro.bouc.m458@gmail.com,BTS/DUT,Cadre moyen,281983,5,345477,3,0,Partiel
459,459,1,Biyong,Théodore,,Baccalauréat,Fonctionnaire,104834,1,Biyong,Suzanne,su.biyo.m459@gmail.com,Licence,Cadre supérieur,510377,2,615211,2,0,Total
460,460,1,Dubois,Hervé,he.dubo.p460@gmail.com,Master/Grande école,Fonctionnaire,162322,1,Toure,Adèle,ad.tour.m460@gmail.com,BTS/DUT,Employé secteur informel,90690,6,253012,3,0,Total
461,461,1,Nkeng,Armand,ar.nken.p461@gmail.com,BTS/DUT,Sans emploi,3266,1,Abomo,Christine,ch.abom.m461@gmail.com,BEPC/FSLC,Fonctionnaire,185173,2,188439,5,0,Total
462,462,1,Essama,Etienne,,Aucun,Employé secteur informel,60429,1,Essama,Christine,ch.essa.m462@gmail.com,Baccalauréat,Fonctionnaire,151826,2,212255,3,0,Partiel
463,463,1,Tchio,Pierre,pi.tchi.p463@gmail.com,Licence,Fonctionnaire,214278,1,Tchio,Marie,ma.tchi.m463@gmail.com,BEPC/FSLC,Ouvrier/Artisan,93126,7,307404,1,0,Total
464,464,1,Mvondo,Etienne,et.mvon.p464@gmail.com,Baccalauréat,Employé secteur informel,79554,1,Mvondo,Brigitte,br.mvon.m464@gmail.com,Baccalauréat,Employé secteur informel,65594,3,145148,1,0,Partiel
465,465,1,Feudjio,André,an.feud.p465@gmail.com,Licence,Fonctionnaire,177361,1,Feudjio,Yvette,yv.feud.m465@gmail.com,BTS/DUT,Agriculteur/Éleveur,88017,3,265378,2,0,Aucun
466,466,1,Nguema,Clément,cl.ngue.p466@gmail.com,Primaire,Agriculteur/Éleveur,50038,1,Nguema,Blandine,bl.ngue.m466@gmail.com,Master/Grande école,Employé secteur informel,68210,7,118248,4,1,Partiel
467,467,1,Toure,André,an.tour.p467@gmail.com,Licence,Ouvrier/Artisan,81700,1,Medjo,Martine,,Baccalauréat,Employé secteur informel,73202,5,154902,2,0,Aucun
468,468,0,Mvondo,Alphonse,al.mvon.p468@gmail.com,BEPC/FSLC,Employé secteur informel,53090,1,Mvondo,Jeanne,je.mvon.m468@gmail.com,Licence,Fonctionnaire,180698,8,233788,4,0,Total
469,469,0,Bello,Marcel,ma.bell.p469@gmail.com,Doctorat,Chef d'entreprise,901513,1,Bello,Rosalie,ro.bell.m469@gmail.com,Aucun,Cadre moyen,261905,5,1163418,1,0,Total
470,470,1,Toure,Charles,,Baccalauréat,Fonctionnaire,194518,1,Toure,Angèle,an.tour.m470@gmail.com,Doctorat,Sans emploi,17880,4,212398,3,0,Aucun
471,471,1,Feudjio,Etienne,et.feud.p471@gmail.com,Doctorat,Fonctionnaire,115721,1,Nguema,Brigitte,br.ngue.m471@gmail.com,BEPC/FSLC,Fonctionnaire,103784,4,219505,5,0,Total
472,472,0,Rodrigues,Alphonse,al.rodr.p472@gmail.com,Baccalauréat,Fonctionnaire,145756,1,Ndzana,Rosalie,ro.ndza.m472@gmail.com,Primaire,Chef d'entreprise,1515868,3,1661624,1,0,Total
473,473,1,Essama,Albert,al.essa.p473@gmail.com,Licence,Cadre supérieur,603105,1,Essama,Adèle,ad.essa.m473@gmail.com,BEPC/FSLC,Employé secteur informel,74641,5,677746,3,1,Partiel
474,474,1,Kamga,Emmanuel,,BEPC/FSLC,Agriculteur/Éleveur,89516,1,Kamga,Jeanne,je.kamg.m474@gmail.com,BEPC/FSLC,Ouvrier/Artisan,102804,2,192320,4,0,Partiel
475,475,1,Essama,Alphonse,al.essa.p475@gmail.com,BTS/DUT,Employé secteur informel,46936,1,Camara,Odette,od.cama.m475@gmail.com,Baccalauréat,Ouvrier/Artisan,47638,3,94574,2,1,Total
476,476,0,Lobe,Paul,pa.lobe.p476@gmail.com,Licence,Cadre supérieur,747091,1,Wamba,Martine,ma.wamb.m476@gmail.com,Master/Grande école,Fonctionnaire,197061,6,944152,2,1,Total
477,477,1,Etoundi,Hervé,he.etou.p477@gmail.com,Master/Grande école,Fonctionnaire,136419,1,Mbouck,Hélène,hé.mbou.m477@gmail.com,BTS/DUT,Cadre moyen,233172,4,369591,2,0,Total
478,478,1,Okafor,Emmanuel,,Licence,Fonctionnaire,184294,1,Okafor,Cécile,cé.okaf.m478@gmail.com,Doctorat,Cadre supérieur,482587,5,666881,2,1,Total
479,479,1,Dubois,Gérard,,BEPC/FSLC,Sans emploi,4919,1,Lefebvre,Blandine,bl.lefe.m479@gmail.com,Primaire,Ouvrier/Artisan,65919,3,70838,2,0,Total
480,480,1,Michel,Alphonse,,Primaire,Agriculteur/Éleveur,64223,1,Issa,Hélène,hé.issa.m480@gmail.com,BEPC/FSLC,Employé secteur informel,41797,5,106020,5,0,Total
481,481,1,Wamba,Charles,ch.wamb.p481@gmail.com,BEPC/FSLC,Fonctionnaire,141056,1,Wamba,Odette,od.wamb.m481@gmail.com,Licence,Cadre supérieur,679818,7,820874,5,0,Total
482,482,1,Manga,Félix,fé.mang.p482@gmail.com,BEPC/FSLC,Chef d'entreprise,1474872,1,Essama,Jeanne,je.essa.m482@gmail.com,Baccalauréat,Chef d'entreprise,1334124,3,2808996,2,0,Total
483,483,1,Onana,Patrice,pa.onan.p483@gmail.com,Master/Grande école,Chef d'entreprise,300936,1,Okafor,Pauline,pa.okaf.m483@gmail.com,Licence,Chef d'entreprise,441690,1,742626,2,0,Total
484,484,1,Abomo,Armand,ar.abom.p484@gmail.com,Licence,Agriculteur/Éleveur,35020,1,Essama,Rose,ro.essa.m484@gmail.com,Baccalauréat,Ouvrier/Artisan,77868,4,112888,2,0,Partiel
485,485,0,Diallo,Hervé,he.dial.p485@gmail.com,Licence,Fonctionnaire,166675,1,Martin,Julienne,,BEPC/FSLC,Fonctionnaire,93458,5,260133,2,0,Total
486,486,1,Haidara,Hervé,he.haid.p486@gmail.com,Primaire,Cadre moyen,215401,1,Samba,Thérèse,th.samb.m486@gmail.com,BEPC/FSLC,Fonctionnaire,133559,2,348960,3,0,Partiel
487,487,1,Diallo,Félix,fé.dial.p487@gmail.com,Primaire,Agriculteur/Éleveur,72309,1,Diallo,Angèle,an.dial.m487@gmail.com,BEPC/FSLC,Cadre moyen,347887,6,420196,3,0,Aucun
488,488,1,Moreau,André,,Aucun,Cadre moyen,233806,1,Haidara,Hélène,hé.haid.m488@gmail.com,Baccalauréat,Agriculteur/Éleveur,76180,3,309986,1,0,Partiel
489,489,1,Richard,Armand,ar.rich.p489@gmail.com,Baccalauréat,Agriculteur/Éleveur,44977,1,Nyobe,Madeleine,ma.nyob.m489@gmail.com,Primaire,Agriculteur/Éleveur,45166,3,90143,3,0,Partiel
490,490,1,Lobe,Georges,ge.lobe.p490@gmail.com,Primaire,Cadre supérieur,419484,1,Zobel,Pauline,pa.zobe.m490@gmail.com,Aucun,Agriculteur/Éleveur,43188,4,462672,5,1,Partiel
491,491,1,Gomis,Joseph,jo.gomi.p491@gmail.com,Master/Grande école,Cadre moyen,257984,1,Gomis,Madeleine,ma.gomi.m491@gmail.com,Licence,Employé secteur informel,46947,3,304931,4,0,Partiel
492,492,1,Biyong,Albert,al.biyo.p492@gmail.com,BTS/DUT,Sans emploi,30690,1,Leroy,Marie,ma.lero.m492@gmail.com,Master/Grande école,Cadre moyen,332591,5,363281,3,0,Total
493,493,0,Richard,Henri,he.rich.p493@gmail.com,Aucun,Chef d'entreprise,1236345,1,Donfack,Odette,od.donf.m493@gmail.com,BEPC/FSLC,Agriculteur/Éleveur,37109,4,1273454,4,0,Partiel
494,494,1,Atangana,Paul,pa.atan.p494@gmail.com,Baccalauréat,Fonctionnaire,201911,1,Atangana,Pauline,pa.atan.m494@gmail.com,Baccalauréat,Employé secteur informel,68265,5,270176,3,1,Total
495,495,1,Tchamba,Laurent,la.tcha.p495@gmail.com,Master/Grande école,Chef d'entreprise,348609,1,Tchamba,Odette,od.tcha.m495@gmail.com,Baccalauréat,Agriculteur/Éleveur,35915,3,384524,2,0,Partiel
496,496,1,Tchio,Victor,vi.tchi.p496@gmail.com,Licence,Ouvrier/Artisan,92178,1,Tchio,Adèle,ad.tchi.m496@gmail.com,Baccalauréat,Cadre supérieur,706002,6,798180,2,0,Partiel
497,497,1,Camara,Théodore,th.cama.p497@gmail.com,Doctorat,Agriculteur/Éleveur,88404,1,Camara,Blandine,bl.cama.m497@gmail.com,BEPC/FSLC,Ouvrier/Artisan,57355,3,145759,1,0,Partiel
498,498,1,Mvondo,Charles,ch.mvon.p498@gmail.com,Doctorat,Cadre supérieur,640579,1,Bouchard,Rose,ro.bouc.m498@gmail.com,Master/Grande école,Fonctionnaire,191636,8,832215,2,0,Total
499,499,1,Issa,Charles,ch.issa.p499@gmail.com,BTS/DUT,Fonctionnaire,96756,1,Issa,Martine,ma.issa.m499@gmail.com,Baccalauréat,Cadre moyen,278201,5,374957,4,0,Total
500,500,0,Thomas,Emmanuel,,Baccalauréat,Chef d'entreprise,656208,1,Thomas,Hélène,hé.thom.m500@gmail.com,Baccalauréat,Ouvrier/Artisan,74961,6,731169,1,1,Partiel
501,501,1,Dupont,Marcel,ma.dupo.p501@gmail.com,Primaire,Agriculteur/Éleveur,62003,1,Kamga,Yvette,,Licence,Cadre moyen,179716,6,241719,5,1,Total
502,502,0,Jourdain,Paul,,Master/Grande école,Cadre supérieur,788642,1,Zobel,Julienne,ju.zobe.m502@gmail.com,Doctorat,Chef d'entreprise,955527,2,1744169,1,0,Total
503,503,1,Bello,Roger,ro.bell.p503@gmail.com,Master/Grande école,Cadre supérieur,504353,0,Bello,Rose,ro.bell.m503@gmail.com,Baccalauréat,Chef d'entreprise,1282649,7,1787002,3,0,Partiel
504,504,1,Etoundi,Patrice,pa.etou.p504@gmail.com,Baccalauréat,Sans emploi,19525,1,Etoundi,Adèle,ad.etou.m504@gmail.com,BTS/DUT,Fonctionnaire,199607,8,219132,3,0,Total
505,505,1,Robert,Pierre,pi.robe.p505@gmail.com,Master/Grande école,Ouvrier/Artisan,57468,1,Robert,Yvette,yv.robe.m505@gmail.com,BEPC/FSLC,Employé secteur informel,95880,4,153348,5,0,Partiel
506,506,1,Bernard,Clément,cl.bern.p506@gmail.com,BEPC/FSLC,Ouvrier/Artisan,51646,0,Thomas,Hélène,hé.thom.m506@gmail.com,BEPC/FSLC,Agriculteur/Éleveur,52988,4,104634,4,0,Total
507,507,1,Etoundi,Albert,al.etou.p507@gmail.com,BTS/DUT,Cadre supérieur,413273,1,Etoundi,Victoire,,Baccalauréat,Chef d'entreprise,1009261,5,1422534,2,0,Total
508,508,1,Donfack,Marcel,,BEPC/FSLC,Agriculteur/Éleveur,67150,1,Thomas,Jeanne,je.thom.m508@gmail.com,BEPC/FSLC,Employé secteur informel,90252,5,157402,5,1,Partiel
509,509,1,Abomo,Gérard,gé.abom.p509@gmail.com,Master/Grande école,Cadre moyen,377874,1,Abomo,Angèle,an.abom.m509@gmail.com,Master/Grande école,Cadre supérieur,619066,5,996940,3,0,Total
510,510,0,Samba,Joseph,jo.samb.p510@gmail.com,Licence,Cadre moyen,335608,1,Mbouck,Adèle,ad.mbou.m510@gmail.com,BEPC/FSLC,Cadre supérieur,727230,4,1062838,1,0,Partiel
511,511,1,Thomas,Alphonse,,Primaire,Ouvrier/Artisan,57546,1,Leroy,Brigitte,br.lero.m511@gmail.com,Baccalauréat,Cadre moyen,378683,8,436229,2,0,Partiel
512,512,1,Leroy,Théodore,th.lero.p512@gmail.com,BEPC/FSLC,Ouvrier/Artisan,57154,1,Leroy,Thérèse,th.lero.m512@gmail.com,Licence,Cadre moyen,358268,7,415422,1,0,Total
513,513,1,Diallo,Pierre,pi.dial.p513@gmail.com,Master/Grande école,Cadre moyen,317446,1,Diallo,Odette,od.dial.m513@gmail.com,Master/Grande école,Cadre moyen,370460,2,687906,4,0,Total
514,514,1,Richard,André,,Master/Grande école,Cadre supérieur,412794,1,Umba,Hélène,hé.umba.m514@gmail.com,BEPC/FSLC,Cadre moyen,326485,5,739279,4,0,Total
515,515,1,Zobel,Paul,pa.zobe.p515@gmail.com,BEPC/FSLC,Agriculteur/Éleveur,82006,1,Zobel,Jeanne,je.zobe.m515@gmail.com,Baccalauréat,Ouvrier/Artisan,86924,6,168930,3,0,Aucun
516,516,1,Issa,Théodore,th.issa.p516@gmail.com,Primaire,Fonctionnaire,105426,0,Essama,Julienne,ju.essa.m516@gmail.com,BEPC/FSLC,Fonctionnaire,142214,3,247640,4,0,Partiel
517,517,0,Umba,Patrice,pa.umba.p517@gmail.com,BTS/DUT,Employé secteur informel,36066,1,Umba,Christine,ch.umba.m517@gmail.com,Doctorat,Cadre moyen,381502,2,417568,3,0,Partiel
518,518,1,Nguema,Hervé,he.ngue.p518@gmail.com,Master/Grande école,Cadre supérieur,471403,1,Nguema,Angèle,an.ngue.m518@gmail.com,Baccalauréat,Cadre supérieur,408456,7,879859,1,0,Total
519,519,1,Martin,Charles,ch.mart.p519@gmail.com,BTS/DUT,Ouvrier/Artisan,95400,1,Vidal,Hélène,hé.vida.m519@gmail.com,BEPC/FSLC,Agriculteur/Éleveur,39311,7,134711,2,0,Total
520,520,0,Wamba,Patrice,pa.wamb.p520@gmail.com,Baccalauréat,Ouvrier/Artisan,80248,1,Jourdain,Madeleine,ma.jour.m520@gmail.com,BTS/DUT,Employé secteur informel,36704,5,116952,3,1,Partiel
521,521,1,Feudjio,Charles,ch.feud.p521@gmail.com,Primaire,Fonctionnaire,106329,1,Michel,Martine,ma.mich.m521@gmail.com,BEPC/FSLC,Agriculteur/Éleveur,51467,4,157796,2,0,Partiel
522,522,1,Robert,Hervé,he.robe.p522@gmail.com,Licence,Chef d'entreprise,1066545,1,Wamba,Adèle,ad.wamb.m522@gmail.com,BTS/DUT,Fonctionnaire,142851,3,1209396,5,0,Total
523,523,1,Issa,Patrice,pa.issa.p523@gmail.com,Primaire,Agriculteur/Éleveur,61571,1,Issa,Odette,od.issa.m523@gmail.com,BEPC/FSLC,Fonctionnaire,207119,4,268690,2,0,Partiel
524,524,1,Medjo,Alphonse,al.medj.p524@gmail.com,BTS/DUT,Agriculteur/Éleveur,66505,1,Medjo,Julienne,ju.medj.m524@gmail.com,BEPC/FSLC,Ouvrier/Artisan,57582,4,124087,3,0,Partiel
525,525,0,Garcia,Hervé,he.garc.p525@gmail.com,Licence,Ouvrier/Artisan,99867,1,Ndzana,Blandine,bl.ndza.m525@gmail.com,Baccalauréat,Cadre moyen,307523,5,407390,4,1,Total
526,526,1,Onana,Félix,fé.onan.p526@gmail.com,Primaire,Employé secteur informel,46544,1,Nyobe,Rosalie,ro.nyob.m526@gmail.com,Baccalauréat,Agriculteur/Éleveur,37689,6,84233,2,0,Partiel
527,527,1,Manga,Pierre,pi.mang.p527@gmail.com,BEPC/FSLC,Ouvrier/Artisan,67272,1,Manga,Blandine,bl.mang.m527@gmail.com,Master/Grande école,Agriculteur/Éleveur,32944,4,100216,5,0,Total
528,528,1,Tchio,Laurent,la.tchi.p528@gmail.com,Master/Grande école,Chef d'entreprise,434026,1,Essama,Marguerite,ma.essa.m528@gmail.com,Licence,Fonctionnaire,196749,6,630775,4,0,Partiel
529,529,1,Robert,Roger,ro.robe.p529@gmail.com,Licence,Fonctionnaire,121332,0,Robert,Pauline,pa.robe.m529@gmail.com,BTS/DUT,Cadre supérieur,432749,7,554081,4,0,Total
530,530,1,Moreau,Jean,,Licence,Fonctionnaire,93460,1,Jourdain,Blandine,bl.jour.m530@gmail.com,BEPC/FSLC,Agriculteur/Éleveur,27774,3,121234,1,0,Total
531,531,1,Atangana,Théodore,th.atan.p531@gmail.com,BTS/DUT,Cadre moyen,269776,1,Atangana,Martine,ma.atan.m531@gmail.com,Baccalauréat,Employé secteur informel,80692,7,350468,3,0,Aucun
532,532,0,Martin,Roger,,BEPC/FSLC,Fonctionnaire,129072,1,Mvondo,Colette,co.mvon.m532@gmail.com,Baccalauréat,Ouvrier/Artisan,89212,9,218284,4,0,Partiel
533,533,1,Etoundi,Pierre,pi.etou.p533@gmail.com,BTS/DUT,Ouvrier/Artisan,48031,1,Umba,Yvette,yv.umba.m533@gmail.com,BEPC/FSLC,Agriculteur/Éleveur,36621,3,84652,1,1,Partiel
534,534,1,Toure,Charles,ch.tour.p534@gmail.com,Baccalauréat,Cadre moyen,185116,0,Toure,Hélène,hé.tour.m534@gmail.com,BTS/DUT,Cadre supérieur,588109,2,773225,4,1,Total
535,535,1,Wamba,Joseph,jo.wamb.p535@gmail.com,Baccalauréat,Cadre supérieur,496278,1,Okafor,Victoire,vi.okaf.m535@gmail.com,BTS/DUT,Fonctionnaire,106512,8,602790,4,0,Aucun
536,536,1,Dubois,Etienne,et.dubo.p536@gmail.com,BEPC/FSLC,Fonctionnaire,104131,1,Dubois,Suzanne,su.dubo.m536@gmail.com,Primaire,Ouvrier/Artisan,52175,4,156306,4,0,Partiel
537,537,1,Bernard,Félix,fé.bern.p537@gmail.com,Baccalauréat,Employé secteur informel,50565,1,Kamga,Hélène,hé.kamg.m537@gmail.com,Master/Grande école,Employé secteur informel,59308,4,109873,4,1,Partiel
538,538,1,Haidara,Paul,pa.haid.p538@gmail.com,Baccalauréat,Cadre moyen,245845,1,Haidara,Brigitte,,Primaire,Employé secteur informel,42527,9,288372,3,0,Total
539,539,1,Okafor,Alphonse,al.okaf.p539@gmail.com,BTS/DUT,Fonctionnaire,166057,1,Michel,Jeanne,je.mich.m539@gmail.com,BTS/DUT,Employé secteur informel,50029,4,216086,4,0,Total
540,540,1,Kamga,Victor,vi.kamg.p540@gmail.com,Licence,Fonctionnaire,101385,1,Kamga,Christine,ch.kamg.m540@gmail.com,Doctorat,Cadre moyen,355886,7,457271,3,0,Total
541,541,1,Manga,Gérard,gé.mang.p541@gmail.com,BTS/DUT,Cadre supérieur,696608,1,Manga,Adèle,ad.mang.m541@gmail.com,Baccalauréat,Cadre moyen,244264,5,940872,1,0,Aucun
542,542,1,Toure,Félix,fé.tour.p542@gmail.com,Master/Grande école,Cadre supérieur,797891,1,Haidara,Marguerite,ma.haid.m542@gmail.com,BEPC/FSLC,Cadre moyen,198534,6,996425,1,0,Total
543,543,1,Tchamba,Gérard,gé.tcha.p543@gmail.com,Baccalauréat,Ouvrier/Artisan,76800,1,Umba,Odette,,Baccalauréat,Cadre moyen,296795,4,373595,1,1,Partiel
544,544,1,Bernard,Etienne,et.bern.p544@gmail.com,Baccalauréat,Agriculteur/Éleveur,40061,1,Bernard,Rosalie,ro.bern.m544@gmail.com,Licence,Cadre moyen,189865,4,229926,3,1,Total
545,545,1,Umba,Patrice,pa.umba.p545@gmail.com,Licence,Employé secteur informel,86817,1,Tchio,Madeleine,ma.tchi.m545@gmail.com,Baccalauréat,Cadre moyen,181424,5,268241,2,0,Total
546,546,1,Umba,Joseph,jo.umba.p546@gmail.com,BEPC/FSLC,Ouvrier/Artisan,79538,1,Umba,Blandine,bl.umba.m546@gmail.com,Licence,Fonctionnaire,168491,9,248029,1,0,Aucun
547,547,1,Abomo,Etienne,et.abom.p547@gmail.com,BEPC/FSLC,Cadre supérieur,565487,0,Donfack,Jeanne,je.donf.m547@gmail.com,BTS/DUT,Sans emploi,31090,2,596577,4,0,Partiel
548,548,0,Thomas,Roger,ro.thom.p548@gmail.com,Baccalauréat,Cadre moyen,342935,1,Yanga,Pauline,,Primaire,Employé secteur informel,49831,8,392766,2,1,Total
549,549,1,Nyobe,Jean,je.nyob.p549@gmail.com,Baccalauréat,Cadre moyen,367494,1,Nyobe,Julienne,ju.nyob.m549@gmail.com,Baccalauréat,Fonctionnaire,96753,4,464247,1,0,Total
550,550,1,Atangana,Jean,je.atan.p550@gmail.com,Baccalauréat,Chef d'entreprise,638097,1,Dubois,Madeleine,ma.dubo.m550@gmail.com,Doctorat,Chef d'entreprise,612401,3,1250498,5,0,Total
551,551,1,Bouchard,André,an.bouc.p551@gmail.com,Aucun,Cadre moyen,336211,1,Bouchard,Jeanne,je.bouc.m551@gmail.com,Baccalauréat,Fonctionnaire,92818,4,429029,5,0,Partiel
552,552,1,Richard,Félix,fé.rich.p552@gmail.com,Licence,Fonctionnaire,98189,1,Yanga,Marguerite,ma.yang.m552@gmail.com,BTS/DUT,Ouvrier/Artisan,107968,6,206157,5,0,Total
553,553,1,Moreau,Alphonse,al.more.p553@gmail.com,BTS/DUT,Employé secteur informel,42557,1,Abomo,Thérèse,th.abom.m553@gmail.com,Licence,Fonctionnaire,179934,4,222491,5,0,Total
554,554,1,Tchamba,André,an.tcha.p554@gmail.com,Baccalauréat,Sans emploi,23754,1,Tchamba,Suzanne,su.tcha.m554@gmail.com,Baccalauréat,Fonctionnaire,204668,4,228422,3,0,Total
555,555,1,Diallo,Clément,cl.dial.p555@gmail.com,Master/Grande école,Fonctionnaire,163834,1,Diallo,Julienne,ju.dial.m555@gmail.com,Master/Grande école,Cadre supérieur,502412,3,666246,2,0,Partiel
556,556,1,Onana,Alphonse,,BEPC/FSLC,Fonctionnaire,218830,1,Vidal,Blandine,bl.vida.m556@gmail.com,Baccalauréat,Fonctionnaire,137258,5,356088,4,0,Total
557,557,0,Dupont,Théodore,th.dupo.p557@gmail.com,BEPC/FSLC,Fonctionnaire,149942,1,Dupont,Brigitte,br.dupo.m557@gmail.com,BTS/DUT,Ouvrier/Artisan,59851,4,209793,3,0,Partiel
558,558,0,Robert,Albert,al.robe.p558@gmail.com,BTS/DUT,Agriculteur/Éleveur,38151,1,Robert,Victoire,,BEPC/FSLC,Employé secteur informel,36114,8,74265,1,1,Partiel
559,559,1,Donfack,Théodore,,BEPC/FSLC,Cadre moyen,386553,1,Donfack,Jeanne,,BTS/DUT,Agriculteur/Éleveur,75827,6,462380,5,0,Total
560,560,1,Lefebvre,Armand,ar.lefe.p560@gmail.com,Licence,Cadre moyen,368866,1,Nkeng,Marie,,Doctorat,Cadre supérieur,398644,3,767510,3,0,Total
561,561,0,Feudjio,Marcel,ma.feud.p561@gmail.com,Baccalauréat,Fonctionnaire,136483,1,Feudjio,Suzanne,su.feud.m561@gmail.com,Licence,Fonctionnaire,157691,5,294174,1,0,Aucun
562,562,1,Richard,Georges,ge.rich.p562@gmail.com,Licence,Cadre supérieur,556585,1,Richard,Marie,ma.rich.m562@gmail.com,BTS/DUT,Fonctionnaire,131863,3,688448,2,0,Total
563,563,1,Abomo,Félix,fé.abom.p563@gmail.com,Licence,Cadre supérieur,564400,0,Biyong,Julienne,ju.biyo.m563@gmail.com,Primaire,Cadre supérieur,685552,3,1249952,5,0,Total
564,564,1,Wamba,Etienne,et.wamb.p564@gmail.com,BEPC/FSLC,Fonctionnaire,93579,1,Wamba,Rose,ro.wamb.m564@gmail.com,BEPC/FSLC,Fonctionnaire,137587,6,231166,5,1,Partiel
565,565,1,Richard,Félix,fé.rich.p565@gmail.com,Baccalauréat,Fonctionnaire,101437,1,Richard,Adèle,,BEPC/FSLC,Agriculteur/Éleveur,63929,4,165366,1,1,Partiel
566,566,1,Dupont,Albert,al.dupo.p566@gmail.com,Primaire,Ouvrier/Artisan,64999,1,Dupont,Cécile,,BTS/DUT,Fonctionnaire,188930,6,253929,3,0,Total
567,567,1,Nguema,Gérard,,Doctorat,Cadre moyen,318028,1,Issa,Cécile,cé.issa.m567@gmail.com,BEPC/FSLC,Fonctionnaire,156773,3,474801,5,0,Total
568,568,1,Mvondo,Marcel,ma.mvon.p568@gmail.com,BEPC/FSLC,Cadre moyen,190332,1,Mvondo,Angèle,an.mvon.m568@gmail.com,BEPC/FSLC,Employé secteur informel,46270,3,236602,5,0,Partiel
569,569,1,Zobel,Alphonse,al.zobe.p569@gmail.com,Primaire,Cadre moyen,273505,1,Robert,Adèle,ad.robe.m569@gmail.com,BEPC/FSLC,Cadre supérieur,597178,5,870683,5,1,Total
570,570,0,Wamba,Armand,ar.wamb.p570@gmail.com,Master/Grande école,Cadre moyen,336554,1,Robert,Marguerite,ma.robe.m570@gmail.com,Licence,Cadre supérieur,890740,5,1227294,1,0,Total
571,571,1,Camara,Théodore,th.cama.p571@gmail.com,Baccalauréat,Ouvrier/Artisan,103380,1,Camara,Odette,od.cama.m571@gmail.com,BEPC/FSLC,Ouvrier/Artisan,83783,3,187163,3,0,Partiel
572,572,0,Vidal,Pierre,pi.vida.p572@gmail.com,Primaire,Chef d'entreprise,1237872,1,Vidal,Marie,ma.vida.m572@gmail.com,BEPC/FSLC,Fonctionnaire,140789,3,1378661,3,1,Partiel
573,573,1,Bouchard,Félix,fé.bouc.p573@gmail.com,Licence,Ouvrier/Artisan,77976,1,Dupont,Jeanne,je.dupo.m573@gmail.com,Master/Grande école,Ouvrier/Artisan,86920,9,164896,5,0,Total
574,574,1,Bernard,Jean,je.bern.p574@gmail.com,Doctorat,Cadre moyen,310899,1,Biyong,Colette,co.biyo.m574@gmail.com,Aucun,Employé secteur informel,87424,9,398323,2,0,Partiel
575,575,1,Garcia,Charles,ch.garc.p575@gmail.com,Aucun,Fonctionnaire,196798,1,Garcia,Christine,ch.garc.m575@gmail.com,BEPC/FSLC,Fonctionnaire,213381,6,410179,2,0,Aucun
576,576,1,Yanga,Marcel,ma.yang.p576@gmail.com,Licence,Employé secteur informel,49738,1,Bouchard,Thérèse,th.bouc.m576@gmail.com,Doctorat,Cadre supérieur,415507,2,465245,1,1,Total
577,577,1,Martin,Etienne,et.mart.p577@gmail.com,Doctorat,Cadre moyen,322762,1,Martin,Adèle,ad.mart.m577@gmail.com,Doctorat,Ouvrier/Artisan,87859,4,410621,2,0,Total
578,578,1,Feudjio,Clément,cl.feud.p578@gmail.com,Primaire,Cadre moyen,341973,1,Bouchard,Yvette,yv.bouc.m578@gmail.com,Master/Grande école,Cadre moyen,277612,5,619585,5,0,Aucun
579,579,1,Gomis,Henri,he.gomi.p579@gmail.com,Licence,Employé secteur informel,76259,1,Gomis,Marguerite,,Baccalauréat,Fonctionnaire,142214,6,218473,5,1,Total
580,580,1,Bello,Hervé,he.bell.p580@gmail.com,BTS/DUT,Cadre moyen,197591,1,Bello,Victoire,vi.bell.m580@gmail.com,Doctorat,Cadre moyen,276933,3,474524,4,0,Total
581,581,0,Robert,Gérard,gé.robe.p581@gmail.com,Licence,Cadre moyen,277998,1,Tchamba,Christine,ch.tcha.m581@gmail.com,Baccalauréat,Fonctionnaire,107897,4,385895,3,0,Total
582,582,1,Richard,Etienne,et.rich.p582@gmail.com,BEPC/FSLC,Fonctionnaire,126302,1,Richard,Hélène,hé.rich.m582@gmail.com,BEPC/FSLC,Agriculteur/Éleveur,28023,4,154325,4,0,Partiel
583,583,1,Wamba,Marcel,ma.wamb.p583@gmail.com,BEPC/FSLC,Chef d'entreprise,1015981,1,Tchio,Rosalie,ro.tchi.m583@gmail.com,BTS/DUT,Cadre moyen,297604,7,1313585,3,0,Total
584,584,1,Jourdain,Etienne,et.jour.p584@gmail.com,Master/Grande école,Fonctionnaire,133590,1,Dupont,Marie,ma.dupo.m584@gmail.com,BTS/DUT,Cadre supérieur,798327,4,931917,5,0,Partiel
585,585,1,Nkeng,Laurent,la.nken.p585@gmail.com,Baccalauréat,Fonctionnaire,130257,1,Toure,Martine,ma.tour.m585@gmail.com,BEPC/FSLC,Employé secteur informel,95277,6,225534,5,1,Total
586,586,1,Simon,André,an.simo.p586@gmail.com,Master/Grande école,Agriculteur/Éleveur,30626,1,Umba,Hélène,hé.umba.m586@gmail.com,BEPC/FSLC,Ouvrier/Artisan,90221,6,120847,1,0,Aucun
587,587,1,Wamba,Marcel,ma.wamb.p587@gmail.com,BTS/DUT,Employé secteur informel,41170,1,Donfack,Angèle,,Baccalauréat,Employé secteur informel,81557,1,122727,2,0,Partiel
588,588,1,Abomo,Clément,,BEPC/FSLC,Fonctionnaire,140986,1,Manga,Madeleine,ma.mang.m588@gmail.com,Baccalauréat,Employé secteur informel,72654,7,213640,1,0,Total
589,589,1,Moreau,Victor,,Aucun,Cadre supérieur,489283,1,Tchio,Adèle,ad.tchi.m589@gmail.com,BTS/DUT,Employé secteur informel,41697,4,530980,4,0,Partiel
590,590,1,Donfack,Emmanuel,em.donf.p590@gmail.com,Baccalauréat,Fonctionnaire,215978,1,Donfack,Brigitte,br.donf.m590@gmail.com,Baccalauréat,Sans emploi,19072,3,235050,1,0,Aucun
591,591,1,Vidal,Marcel,ma.vida.p591@gmail.com,Aucun,Agriculteur/Éleveur,74659,1,Vidal,Victoire,vi.vida.m591@gmail.com,Primaire,Agriculteur/Éleveur,64708,3,139367,1,0,Partiel
592,592,1,Umba,Etienne,et.umba.p592@gmail.com,Primaire,Ouvrier/Artisan,97002,1,Umba,Madeleine,ma.umba.m592@gmail.com,Baccalauréat,Employé secteur informel,80117,4,177119,1,0,Partiel
593,593,1,Zobel,Clément,cl.zobe.p593@gmail.com,BTS/DUT,Agriculteur/Éleveur,67724,1,Lobe,Hélène,hé.lobe.m593@gmail.com,BEPC/FSLC,Fonctionnaire,171520,4,239244,3,0,Partiel
594,594,1,Ndzana,Gérard,gé.ndza.p594@gmail.com,Master/Grande école,Sans emploi,34747,1,Nkeng,Odette,od.nken.m594@gmail.com,Baccalauréat,Chef d'entreprise,702199,4,736946,2,0,Total
595,595,1,Martin,Roger,ro.mart.p595@gmail.com,Baccalauréat,Cadre moyen,211511,1,Martin,Brigitte,br.mart.m595@gmail.com,BTS/DUT,Fonctionnaire,214862,4,426373,5,0,Total
596,596,1,Dubois,Alphonse,al.dubo.p596@gmail.com,Master/Grande école,Fonctionnaire,163415,1,Vidal,Marie,ma.vida.m596@gmail.com,Baccalauréat,Employé secteur informel,78858,5,242273,5,0,Partiel
597,597,1,Tchamba,Henri,he.tcha.p597@gmail.com,Licence,Agriculteur/Éleveur,63638,1,Tchamba,Yvette,yv.tcha.m597@gmail.com,Baccalauréat,Fonctionnaire,105043,6,168681,3,0,Total
598,598,1,Bouchard,Patrice,pa.bouc.p598@gmail.com,Licence,Cadre supérieur,428355,1,Mvondo,Hélène,hé.mvon.m598@gmail.com,Master/Grande école,Cadre supérieur,677100,3,1105455,3,0,Total
599,599,1,Feudjio,Victor,vi.feud.p599@gmail.com,Licence,Fonctionnaire,138645,1,Feudjio,Thérèse,,BEPC/FSLC,Agriculteur/Éleveur,77422,4,216067,1,0,Total
600,600,1,Okafor,Laurent,la.okaf.p600@gmail.com,Aucun,Fonctionnaire,173749,1,Okafor,Angèle,an.okaf.m600@gmail.com,Licence,Ouvrier/Artisan,93494,4,267243,4,0,Partiel
601,601,1,Leroy,Roger,ro.lero.p601@gmail.com,Baccalauréat,Cadre supérieur,812320,1,Ebene,Odette,od.eben.m601@gmail.com,Baccalauréat,Ouvrier/Artisan,107070,3,919390,1,1,Total
602,602,1,Bello,Albert,,BEPC/FSLC,Ouvrier/Artisan,75857,1,Bello,Rosalie,ro.bell.m602@gmail.com,Baccalauréat,Fonctionnaire,96836,6,172693,2,0,Partiel
603,603,1,Tchamba,Alphonse,al.tcha.p603@gmail.com,Primaire,Employé secteur informel,68810,1,Tchamba,Marie,ma.tcha.m603@gmail.com,BEPC/FSLC,Cadre supérieur,642243,5,711053,3,0,Total
604,604,1,Medjo,Henri,he.medj.p604@gmail.com,BTS/DUT,Ouvrier/Artisan,73807,1,Gomis,Yvette,yv.gomi.m604@gmail.com,BTS/DUT,Agriculteur/Éleveur,39441,5,113248,4,0,Partiel
605,605,1,Mbouck,Henri,he.mbou.p605@gmail.com,BTS/DUT,Agriculteur/Éleveur,26916,0,Wamba,Rosalie,ro.wamb.m605@gmail.com,Licence,Cadre supérieur,533162,9,560078,2,0,Total
606,606,1,Dupont,Félix,fé.dupo.p606@gmail.com,Licence,Cadre moyen,244635,1,Tchio,Yvette,yv.tchi.m606@gmail.com,Baccalauréat,Sans emploi,9501,3,254136,3,0,Total
607,607,1,Ebene,Etienne,,Master/Grande école,Fonctionnaire,200597,1,Ebene,Blandine,bl.eben.m607@gmail.com,Licence,Employé secteur informel,54377,1,254974,2,0,Partiel
608,608,1,Tchamba,Roger,ro.tcha.p608@gmail.com,BTS/DUT,Agriculteur/Éleveur,35979,1,Tchamba,Suzanne,su.tcha.m608@gmail.com,Primaire,Cadre moyen,291356,6,327335,1,0,Partiel
609,609,1,Thomas,Patrice,,BEPC/FSLC,Cadre moyen,371188,1,Thomas,Christine,ch.thom.m609@gmail.com,Baccalauréat,Employé secteur informel,97124,3,468312,1,1,Total
610,610,1,Nguema,Pierre,pi.ngue.p610@gmail.com,BTS/DUT,Cadre moyen,338066,1,Nguema,Martine,ma.ngue.m610@gmail.com,Licence,Agriculteur/Éleveur,74636,4,412702,1,1,Total
611,611,1,Tchio,Gérard,,Aucun,Ouvrier/Artisan,100745,0,Dupont,Madeleine,ma.dupo.m611@gmail.com,BEPC/FSLC,Employé secteur informel,52532,3,153277,2,1,Partiel
612,612,0,Manga,Charles,ch.mang.p612@gmail.com,BEPC/FSLC,Ouvrier/Artisan,90977,1,Manga,Yvette,yv.mang.m612@gmail.com,BTS/DUT,Fonctionnaire,155926,3,246903,2,0,Aucun
613,613,1,Jourdain,André,an.jour.p613@gmail.com,Master/Grande école,Employé secteur informel,59250,1,Jourdain,Rose,ro.jour.m613@gmail.com,Aucun,Employé secteur informel,60750,5,120000,5,0,Partiel
614,614,1,Abomo,Patrice,pa.abom.p614@gmail.com,Primaire,Employé secteur informel,84485,1,Issa,Rosalie,ro.issa.m614@gmail.com,Primaire,Employé secteur informel,92941,4,177426,1,0,Partiel
615,615,1,Jourdain,Armand,ar.jour.p615@gmail.com,Primaire,Fonctionnaire,187642,1,Jourdain,Marguerite,ma.jour.m615@gmail.com,Doctorat,Cadre supérieur,845383,4,1033025,1,0,Total
616,616,1,Martin,Félix,fé.mart.p616@gmail.com,Baccalauréat,Employé secteur informel,41780,1,Essama,Rosalie,ro.essa.m616@gmail.com,Primaire,Cadre moyen,221054,7,262834,1,0,Total
617,617,0,Diallo,Patrice,pa.dial.p617@gmail.com,Licence,Employé secteur informel,38264,1,Manga,Hélène,hé.mang.m617@gmail.com,BEPC/FSLC,Employé secteur informel,53386,8,91650,2,0,Total
618,618,1,Essama,Marcel,ma.essa.p618@gmail.com,Master/Grande école,Cadre moyen,273090,0,Simon,Hélène,hé.simo.m618@gmail.com,Primaire,Cadre moyen,235416,5,508506,2,0,Total
619,619,1,Essama,Marcel,ma.essa.p619@gmail.com,Baccalauréat,Chef d'entreprise,820459,1,Essama,Rosalie,ro.essa.m619@gmail.com,BTS/DUT,Chef d'entreprise,1392913,5,2213372,3,0,Partiel
620,620,1,Yanga,Emmanuel,em.yang.p620@gmail.com,BEPC/FSLC,Fonctionnaire,179327,1,Ebene,Odette,od.eben.m620@gmail.com,BTS/DUT,Employé secteur informel,90487,4,269814,3,0,Total
621,621,1,Dupont,Marcel,ma.dupo.p621@gmail.com,BEPC/FSLC,Cadre supérieur,620313,1,Essama,Blandine,bl.essa.m621@gmail.com,BTS/DUT,Employé secteur informel,97756,3,718069,1,1,Total
622,622,1,Haidara,Armand,,Licence,Cadre supérieur,565640,1,Haidara,Odette,od.haid.m622@gmail.com,Master/Grande école,Cadre moyen,324463,7,890103,1,0,Total
623,623,1,Issa,Charles,ch.issa.p623@gmail.com,Licence,Chef d'entreprise,1477267,1,Issa,Cécile,cé.issa.m623@gmail.com,Master/Grande école,Cadre supérieur,879077,9,2356344,3,0,Total
624,624,1,Mbouck,Emmanuel,em.mbou.p624@gmail.com,BEPC/FSLC,Ouvrier/Artisan,79817,1,Mbouck,Thérèse,th.mbou.m624@gmail.com,Licence,Employé secteur informel,89803,4,169620,3,1,Partiel
625,625,1,Thomas,Théodore,th.thom.p625@gmail.com,BEPC/FSLC,Employé secteur informel,79631,1,Thomas,Brigitte,br.thom.m625@gmail.com,Baccalauréat,Cadre moyen,370662,5,450293,1,0,Total
626,626,1,Okafor,Hervé,he.okaf.p626@gmail.com,BTS/DUT,Cadre moyen,221450,1,Simon,Rosalie,ro.simo.m626@gmail.com,BTS/DUT,Employé secteur informel,69645,4,291095,1,0,Total
627,627,1,Jourdain,Roger,ro.jour.p627@gmail.com,Primaire,Sans emploi,13897,1,Richard,Martine,,Primaire,Employé secteur informel,75903,6,89800,5,0,Total
628,628,1,Bouchard,Théodore,th.bouc.p628@gmail.com,Primaire,Employé secteur informel,52166,1,Mvondo,Thérèse,th.mvon.m628@gmail.com,BTS/DUT,Employé secteur informel,96455,8,148621,5,0,Partiel
629,629,1,Essama,Henri,he.essa.p629@gmail.com,BTS/DUT,Chef d'entreprise,273474,1,Haidara,Victoire,vi.haid.m629@gmail.com,BEPC/FSLC,Sans emploi,20207,6,293681,2,1,Aucun
630,630,1,Nyobe,Pierre,pi.nyob.p630@gmail.com,BEPC/FSLC,Fonctionnaire,119207,1,Mbouck,Hélène,hé.mbou.m630@gmail.com,Master/Grande école,Fonctionnaire,207199,4,326406,5,1,Partiel
631,631,1,Umba,Paul,pa.umba.p631@gmail.com,Primaire,Agriculteur/Éleveur,86479,1,Zobel,Victoire,,BTS/DUT,Cadre supérieur,394436,6,480915,4,0,Partiel
632,632,1,Gomis,Etienne,et.gomi.p632@gmail.com,Licence,Cadre moyen,232495,1,Bello,Martine,ma.bell.m632@gmail.com,BTS/DUT,Agriculteur/Éleveur,70373,7,302868,2,0,Total
633,633,1,Etoundi,Marcel,ma.etou.p633@gmail.com,BEPC/FSLC,Employé secteur informel,84892,1,Etoundi,Brigitte,br.etou.m633@gmail.com,BEPC/FSLC,Cadre moyen,389623,5,474515,1,0,Total
634,634,0,Thomas,Armand,ar.thom.p634@gmail.com,Doctorat,Employé secteur informel,44062,1,Nyobe,Odette,od.nyob.m634@gmail.com,BEPC/FSLC,Agriculteur/Éleveur,86882,3,130944,5,0,Partiel
635,635,1,Abomo,Alphonse,al.abom.p635@gmail.com,Licence,Agriculteur/Éleveur,59920,1,Abomo,Cécile,cé.abom.m635@gmail.com,BTS/DUT,Ouvrier/Artisan,97953,8,157873,3,0,Partiel
636,636,1,Lefebvre,Félix,fé.lefe.p636@gmail.com,BTS/DUT,Cadre moyen,215931,1,Gomis,Christine,ch.gomi.m636@gmail.com,Licence,Fonctionnaire,145462,3,361393,1,0,Partiel
637,637,1,Penda,Henri,he.pend.p637@gmail.com,Baccalauréat,Cadre supérieur,514793,1,Penda,Pauline,pa.pend.m637@gmail.com,Master/Grande école,Cadre supérieur,863318,4,1378111,2,0,Total
638,638,1,Atangana,Armand,ar.atan.p638@gmail.com,BEPC/FSLC,Fonctionnaire,146463,1,Manga,Marguerite,ma.mang.m638@gmail.com,BTS/DUT,Agriculteur/Éleveur,64697,7,211160,1,0,Total
639,639,0,Leroy,Clément,cl.lero.p639@gmail.com,Master/Grande école,Agriculteur/Éleveur,63271,1,Samba,Yvette,yv.samb.m639@gmail.com,Primaire,Employé secteur informel,63892,3,127163,1,0,Aucun
640,640,1,Gomis,Henri,he.gomi.p640@gmail.com,Master/Grande école,Chef d'entreprise,438337,1,Kamga,Marie,ma.kamg.m640@gmail.com,Licence,Cadre moyen,311709,5,750046,1,1,Total
641,641,1,Bouchard,André,an.bouc.p641@gmail.com,Master/Grande école,Cadre supérieur,538529,1,Mbouck,Hélène,hé.mbou.m641@gmail.com,Licence,Employé secteur informel,51859,3,590388,2,0,Partiel
642,642,1,Onana,Marcel,ma.onan.p642@gmail.com,Baccalauréat,Cadre supérieur,473074,1,Onana,Angèle,an.onan.m642@gmail.com,Aucun,Employé secteur informel,43099,2,516173,5,0,Total
643,643,1,Martin,Patrice,pa.mart.p643@gmail.com,Master/Grande école,Ouvrier/Artisan,93588,1,Martin,Yvette,yv.mart.m643@gmail.com,BTS/DUT,Cadre moyen,352957,6,446545,2,0,Aucun
644,644,1,Bernard,André,an.bern.p644@gmail.com,BTS/DUT,Fonctionnaire,170394,1,Rodrigues,Rose,ro.rodr.m644@gmail.com,Licence,Chef d'entreprise,851718,4,1022112,5,0,Aucun
645,645,1,Robert,Joseph,,BEPC/FSLC,Cadre moyen,384534,1,Okafor,Blandine,bl.okaf.m645@gmail.com,Licence,Cadre moyen,285269,6,669803,4,0,Total
646,646,1,Nguema,Victor,vi.ngue.p646@gmail.com,BEPC/FSLC,Employé secteur informel,83609,1,Petit,Rose,ro.peti.m646@gmail.com,Baccalauréat,Cadre moyen,316662,3,400271,4,0,Total
647,647,1,Nguema,Gérard,gé.ngue.p647@gmail.com,Master/Grande école,Fonctionnaire,101496,1,Jourdain,Jeanne,je.jour.m647@gmail.com,Aucun,Cadre moyen,318178,6,419674,2,0,Total
648,648,1,Vidal,Félix,fé.vida.p648@gmail.com,Master/Grande école,Employé secteur informel,52627,1,Rodrigues,Julienne,ju.rodr.m648@gmail.com,Baccalauréat,Ouvrier/Artisan,109280,4,161907,4,0,Total
649,649,0,Abomo,Henri,he.abom.p649@gmail.com,Master/Grande école,Chef d'entreprise,1519787,0,Manga,Odette,od.mang.m649@gmail.com,Licence,Cadre supérieur,743879,3,2263666,3,1,Partiel
650,650,1,Mbarga,Etienne,,Licence,Cadre moyen,280815,1,Bello,Madeleine,ma.bell.m650@gmail.com,BTS/DUT,Employé secteur informel,60097,4,340912,1,0,Partiel
651,651,1,Kamga,Patrice,pa.kamg.p651@gmail.com,Master/Grande école,Agriculteur/Éleveur,36000,1,Bouchard,Brigitte,br.bouc.m651@gmail.com,Primaire,Cadre supérieur,517723,7,553723,4,1,Total
652,652,1,Tchio,Albert,al.tchi.p652@gmail.com,Master/Grande école,Cadre supérieur,461610,1,Tchio,Angèle,an.tchi.m652@gmail.com,BTS/DUT,Cadre supérieur,748929,6,1210539,5,0,Total
653,653,1,Umba,Patrice,pa.umba.p653@gmail.com,Primaire,Sans emploi,12972,1,Bouchard,Christine,ch.bouc.m653@gmail.com,Baccalauréat,Ouvrier/Artisan,104959,4,117931,5,0,Total
654,654,1,Martin,Charles,ch.mart.p654@gmail.com,BEPC/FSLC,Cadre moyen,203547,0,Martin,Odette,od.mart.m654@gmail.com,Baccalauréat,Fonctionnaire,129533,4,333080,2,1,Total
655,655,1,Mbarga,Paul,pa.mbar.p655@gmail.com,BEPC/FSLC,Fonctionnaire,104704,1,Ndzana,Odette,,Master/Grande école,Ouvrier/Artisan,67753,7,172457,2,1,Partiel
656,656,1,Gomis,Hervé,,BTS/DUT,Ouvrier/Artisan,54392,1,Gomis,Rosalie,ro.gomi.m656@gmail.com,BEPC/FSLC,Agriculteur/Éleveur,89397,4,143789,5,0,Partiel
657,657,0,Toure,Alphonse,al.tour.p657@gmail.com,Primaire,Employé secteur informel,63840,1,Toure,Julienne,ju.tour.m657@gmail.com,BEPC/FSLC,Cadre supérieur,794568,4,858408,3,0,Partiel
658,658,1,Onana,Théodore,th.onan.p658@gmail.com,Primaire,Fonctionnaire,172936,1,Onana,Marie,ma.onan.m658@gmail.com,Baccalauréat,Fonctionnaire,116849,4,289785,5,0,Total
659,659,1,Biyong,André,,Aucun,Employé secteur informel,60329,1,Biyong,Marie,ma.biyo.m659@gmail.com,Baccalauréat,Fonctionnaire,115038,6,175367,3,1,Total
660,660,0,Dubois,Laurent,la.dubo.p660@gmail.com,Primaire,Ouvrier/Artisan,62423,1,Lefebvre,Cécile,cé.lefe.m660@gmail.com,Primaire,Employé secteur informel,52353,7,114776,5,0,Aucun
661,661,1,Atangana,Georges,ge.atan.p661@gmail.com,Master/Grande école,Sans emploi,32326,1,Atangana,Blandine,bl.atan.m661@gmail.com,Licence,Fonctionnaire,122528,1,154854,1,0,Total
662,662,1,Medjo,Victor,vi.medj.p662@gmail.com,Aucun,Employé secteur informel,71620,1,Medjo,Yvette,yv.medj.m662@gmail.com,Aucun,Fonctionnaire,206651,4,278271,4,0,Partiel
663,663,1,Haidara,Roger,ro.haid.p663@gmail.com,BEPC/FSLC,Fonctionnaire,170227,1,Haidara,Angèle,an.haid.m663@gmail.com,BTS/DUT,Employé secteur informel,76664,2,246891,2,1,Partiel
664,664,1,Wamba,Théodore,th.wamb.p664@gmail.com,Master/Grande école,Sans emploi,15429,1,Wamba,Yvette,yv.wamb.m664@gmail.com,Baccalauréat,Cadre moyen,245182,1,260611,2,0,Total
665,665,1,Garcia,Armand,ar.garc.p665@gmail.com,Master/Grande école,Ouvrier/Artisan,109247,1,Robert,Marie,ma.robe.m665@gmail.com,Master/Grande école,Sans emploi,29887,2,139134,5,0,Total
666,666,1,Garcia,Marcel,ma.garc.p666@gmail.com,BTS/DUT,Ouvrier/Artisan,58339,1,Haidara,Yvette,yv.haid.m666@gmail.com,BEPC/FSLC,Chef d'entreprise,411460,5,469799,4,1,Partiel
667,667,1,Bello,Victor,vi.bell.p667@gmail.com,Licence,Fonctionnaire,172838,1,Bello,Cécile,cé.bell.m667@gmail.com,Primaire,Ouvrier/Artisan,107111,1,279949,2,0,Partiel
668,668,1,Diallo,Jean,je.dial.p668@gmail.com,BEPC/FSLC,Cadre moyen,218105,0,Diallo,Yvette,yv.dial.m668@gmail.com,Baccalauréat,Agriculteur/Éleveur,43264,5,261369,5,0,Total
669,669,1,Ebene,Alphonse,,Primaire,Employé secteur informel,43628,1,Vidal,Jeanne,,Baccalauréat,Ouvrier/Artisan,94535,6,138163,1,0,Partiel
670,670,1,Petit,Georges,ge.peti.p670@gmail.com,Baccalauréat,Cadre moyen,213149,1,Petit,Marie,ma.peti.m670@gmail.com,BEPC/FSLC,Cadre moyen,380659,9,593808,4,0,Total
671,671,1,Martin,Joseph,jo.mart.p671@gmail.com,BEPC/FSLC,Ouvrier/Artisan,68014,1,Martin,Odette,od.mart.m671@gmail.com,BEPC/FSLC,Ouvrier/Artisan,96084,4,164098,2,0,Partiel
672,672,1,Jourdain,Joseph,jo.jour.p672@gmail.com,Baccalauréat,Sans emploi,22139,0,Jourdain,Colette,co.jour.m672@gmail.com,BEPC/FSLC,Ouvrier/Artisan,105731,4,127870,2,0,Total
673,673,1,Zobel,Félix,,Primaire,Fonctionnaire,165923,0,Haidara,Blandine,bl.haid.m673@gmail.com,BEPC/FSLC,Employé secteur informel,68089,8,234012,2,0,Partiel
674,674,1,Bello,André,an.bell.p674@gmail.com,Master/Grande école,Cadre moyen,177557,1,Mbarga,Adèle,,BEPC/FSLC,Cadre supérieur,638367,7,815924,2,0,Partiel
675,675,1,Zobel,Charles,ch.zobe.p675@gmail.com,Primaire,Employé secteur informel,37203,1,Gomis,Yvette,yv.gomi.m675@gmail.com,Primaire,Ouvrier/Artisan,103950,6,141153,4,0,Partiel
676,676,1,Bello,Clément,cl.bell.p676@gmail.com,Baccalauréat,Employé secteur informel,74064,1,Mvondo,Pauline,pa.mvon.m676@gmail.com,Licence,Employé secteur informel,51402,6,125466,5,0,Total
677,677,1,Bello,Laurent,la.bell.p677@gmail.com,BEPC/FSLC,Employé secteur informel,42297,1,Okafor,Pauline,pa.okaf.m677@gmail.com,BEPC/FSLC,Cadre moyen,264350,7,306647,3,0,Partiel
678,678,1,Manga,Théodore,th.mang.p678@gmail.com,BEPC/FSLC,Ouvrier/Artisan,101617,1,Kamga,Marguerite,ma.kamg.m678@gmail.com,BTS/DUT,Ouvrier/Artisan,54633,6,156250,3,0,Aucun
679,679,1,Garcia,Jean,,BTS/DUT,Sans emploi,33006,1,Dubois,Martine,ma.dubo.m679@gmail.com,Baccalauréat,Employé secteur informel,38236,4,71242,3,0,Total
680,680,1,Leroy,Charles,ch.lero.p680@gmail.com,BEPC/FSLC,Ouvrier/Artisan,61388,1,Leroy,Martine,ma.lero.m680@gmail.com,BEPC/FSLC,Employé secteur informel,92571,6,153959,3,1,Total
681,681,1,Issa,Roger,ro.issa.p681@gmail.com,BEPC/FSLC,Ouvrier/Artisan,64223,1,Mbouck,Suzanne,su.mbou.m681@gmail.com,Baccalauréat,Sans emploi,28502,6,92725,1,0,Partiel
682,682,1,Moreau,Armand,ar.more.p682@gmail.com,Master/Grande école,Cadre supérieur,581282,0,Moreau,Rosalie,ro.more.m682@gmail.com,Primaire,Cadre supérieur,593360,9,1174642,5,1,Total
683,683,1,Ebene,André,an.eben.p683@gmail.com,Licence,Chef d'entreprise,1322405,1,Ebene,Suzanne,su.eben.m683@gmail.com,Baccalauréat,Cadre moyen,399790,3,1722195,3,1,Total
684,684,1,Abomo,Jean,,BEPC/FSLC,Sans emploi,14403,1,Abomo,Victoire,vi.abom.m684@gmail.com,BEPC/FSLC,Employé secteur informel,94254,4,108657,2,1,Aucun
685,685,1,Dubois,Hervé,he.dubo.p685@gmail.com,BTS/DUT,Cadre moyen,257788,1,Dubois,Jeanne,je.dubo.m685@gmail.com,BTS/DUT,Employé secteur informel,68941,7,326729,3,0,Total
686,686,1,Umba,Alphonse,al.umba.p686@gmail.com,Baccalauréat,Fonctionnaire,168951,0,Umba,Blandine,bl.umba.m686@gmail.com,Aucun,Agriculteur/Éleveur,30686,4,199637,1,1,Total
687,687,1,Haidara,Joseph,jo.haid.p687@gmail.com,Licence,Sans emploi,25561,1,Haidara,Angèle,,BEPC/FSLC,Agriculteur/Éleveur,34316,2,59877,4,0,Partiel
688,688,1,Umba,Henri,he.umba.p688@gmail.com,BTS/DUT,Ouvrier/Artisan,66567,1,Thomas,Odette,od.thom.m688@gmail.com,Licence,Ouvrier/Artisan,52820,3,119387,5,0,Total
689,689,1,Lefebvre,Théodore,th.lefe.p689@gmail.com,Licence,Employé secteur informel,71254,1,Issa,Jeanne,je.issa.m689@gmail.com,BEPC/FSLC,Employé secteur informel,93751,7,165005,4,0,Total
690,690,1,Kamga,Victor,vi.kamg.p690@gmail.com,BTS/DUT,Ouvrier/Artisan,71982,1,Kamga,Jeanne,je.kamg.m690@gmail.com,BEPC/FSLC,Sans emploi,28949,8,100931,3,0,Total
691,691,1,Michel,Hervé,he.mich.p691@gmail.com,BEPC/FSLC,Fonctionnaire,200980,1,Michel,Hélène,,Baccalauréat,Cadre moyen,230416,5,431396,2,0,Partiel
692,692,1,Issa,Félix,fé.issa.p692@gmail.com,Master/Grande école,Fonctionnaire,105273,0,Bouchard,Angèle,an.bouc.m692@gmail.com,Licence,Employé secteur informel,79391,6,184664,4,0,Partiel
693,693,1,Garcia,Alphonse,al.garc.p693@gmail.com,Baccalauréat,Cadre moyen,255942,1,Garcia,Pauline,pa.garc.m693@gmail.com,BEPC/FSLC,Cadre moyen,358264,5,614206,2,0,Total
694,694,1,Samba,Hervé,he.samb.p694@gmail.com,Baccalauréat,Employé secteur informel,78947,1,Medjo,Cécile,cé.medj.m694@gmail.com,Baccalauréat,Cadre supérieur,486783,6,565730,5,1,Partiel
695,695,1,Foko,Marcel,ma.foko.p695@gmail.com,Baccalauréat,Cadre moyen,262681,1,Foko,Suzanne,,BEPC/FSLC,Cadre moyen,208212,3,470893,4,0,Partiel
696,696,1,Rodrigues,Patrice,pa.rodr.p696@gmail.com,Aucun,Ouvrier/Artisan,94014,1,Etoundi,Yvette,,Primaire,Employé secteur informel,76973,3,170987,2,0,Total
697,697,1,Garcia,Joseph,jo.garc.p697@gmail.com,Licence,Chef d'entreprise,267346,1,Garcia,Julienne,ju.garc.m697@gmail.com,Doctorat,Cadre moyen,394601,5,661947,3,0,Aucun
698,698,1,Mbouck,Patrice,,Primaire,Cadre supérieur,803315,0,Mbouck,Yvette,yv.mbou.m698@gmail.com,Baccalauréat,Fonctionnaire,206466,5,1009781,5,0,Total
699,699,1,Medjo,Paul,pa.medj.p699@gmail.com,BEPC/FSLC,Fonctionnaire,108763,0,Tchamba,Martine,ma.tcha.m699@gmail.com,Licence,Cadre moyen,359976,2,468739,1,0,Total
700,700,1,Garcia,Etienne,et.garc.p700@gmail.com,Licence,Cadre supérieur,470201,1,Garcia,Christine,,Master/Grande école,Ouvrier/Artisan,56904,3,527105,1,1,Partiel
701,701,1,Gomis,Pierre,pi.gomi.p701@gmail.com,Primaire,Agriculteur/Éleveur,65965,1,Gomis,Victoire,vi.gomi.m701@gmail.com,Licence,Employé secteur informel,77576,5,143541,4,1,Partiel
702,702,1,Nkeng,Félix,fé.nken.p702@gmail.com,BEPC/FSLC,Agriculteur/Éleveur,65534,1,Jourdain,Madeleine,,BEPC/FSLC,Chef d'entreprise,633787,1,699321,5,0,Total
703,703,1,Tchio,Gérard,gé.tchi.p703@gmail.com,Baccalauréat,Employé secteur informel,93891,1,Moreau,Suzanne,su.more.m703@gmail.com,BEPC/FSLC,Agriculteur/Éleveur,70909,2,164800,5,0,Total
704,704,1,Jourdain,Henri,he.jour.p704@gmail.com,BTS/DUT,Agriculteur/Éleveur,64351,1,Yanga,Jeanne,je.yang.m704@gmail.com,Baccalauréat,Fonctionnaire,122704,8,187055,3,0,Total
705,705,0,Zobel,Théodore,th.zobe.p705@gmail.com,Aucun,Agriculteur/Éleveur,31383,1,Petit,Victoire,vi.peti.m705@gmail.com,BEPC/FSLC,Ouvrier/Artisan,97976,5,129359,4,1,Total
706,706,1,Ebene,Etienne,et.eben.p706@gmail.com,Baccalauréat,Ouvrier/Artisan,66760,1,Ebene,Jeanne,je.eben.m706@gmail.com,Primaire,Employé secteur informel,48056,6,114816,3,1,Partiel
707,707,1,Donfack,Alphonse,al.donf.p707@gmail.com,Baccalauréat,Employé secteur informel,89689,1,Donfack,Thérèse,th.donf.m707@gmail.com,Baccalauréat,Agriculteur/Éleveur,89341,6,179030,2,0,Partiel
708,708,1,Richard,Joseph,jo.rich.p708@gmail.com,Licence,Ouvrier/Artisan,101728,1,Onana,Rose,ro.onan.m708@gmail.com,BEPC/FSLC,Employé secteur informel,78855,2,180583,1,0,Aucun
709,709,0,Robert,Charles,ch.robe.p709@gmail.com,Primaire,Employé secteur informel,37098,1,Robert,Colette,co.robe.m709@gmail.com,Master/Grande école,Agriculteur/Éleveur,73166,6,110264,1,0,Partiel
710,710,1,Zobel,Alphonse,al.zobe.p710@gmail.com,BEPC/FSLC,Employé secteur informel,41386,1,Zobel,Julienne,ju.zobe.m710@gmail.com,Primaire,Ouvrier/Artisan,69950,5,111336,2,1,Partiel
711,711,1,Dupont,Pierre,pi.dupo.p711@gmail.com,Baccalauréat,Employé secteur informel,48959,1,Dupont,Blandine,,Master/Grande école,Chef d'entreprise,669839,3,718798,2,0,Total
712,712,1,Ndzana,Gérard,gé.ndza.p712@gmail.com,Licence,Cadre moyen,201956,0,Nyobe,Yvette,yv.nyob.m712@gmail.com,Master/Grande école,Cadre moyen,357562,6,559518,3,0,Total
713,713,1,Wamba,Pierre,pi.wamb.p713@gmail.com,Baccalauréat,Fonctionnaire,99539,1,Michel,Christine,ch.mich.m713@gmail.com,Baccalauréat,Agriculteur/Éleveur,50023,4,149562,1,0,Partiel
714,714,1,Etoundi,Alphonse,al.etou.p714@gmail.com,Baccalauréat,Ouvrier/Artisan,108097,1,Etoundi,Pauline,pa.etou.m714@gmail.com,BTS/DUT,Cadre moyen,283465,6,391562,4,0,Total
715,715,0,Bouchard,Henri,he.bouc.p715@gmail.com,Baccalauréat,Chef d'entreprise,1474466,1,Bouchard,Angèle,an.bouc.m715@gmail.com,Aucun,Employé secteur informel,66818,3,1541284,2,0,Partiel
716,716,1,Bouchard,Albert,al.bouc.p716@gmail.com,BEPC/FSLC,Agriculteur/Éleveur,39216,1,Haidara,Madeleine,ma.haid.m716@gmail.com,Baccalauréat,Agriculteur/Éleveur,80137,3,119353,3,1,Aucun
717,717,1,Biyong,Patrice,pa.biyo.p717@gmail.com,Licence,Cadre supérieur,825452,1,Ndzana,Rose,ro.ndza.m717@gmail.com,Master/Grande école,Cadre moyen,379801,4,1205253,1,0,Total
718,718,1,Thomas,Etienne,,Licence,Fonctionnaire,100363,1,Tchio,Marie,ma.tchi.m718@gmail.com,BEPC/FSLC,Ouvrier/Artisan,109240,7,209603,4,0,Partiel
719,719,1,Garcia,Clément,cl.garc.p719@gmail.com,Doctorat,Chef d'entreprise,476989,0,Garcia,Marguerite,ma.garc.m719@gmail.com,Master/Grande école,Cadre supérieur,369907,5,846896,2,0,Total
720,720,1,Toure,Théodore,th.tour.p720@gmail.com,Master/Grande école,Cadre moyen,181675,1,Mvondo,Victoire,vi.mvon.m720@gmail.com,BEPC/FSLC,Cadre moyen,361153,8,542828,3,0,Total
721,721,1,Abomo,André,,Baccalauréat,Agriculteur/Éleveur,81443,1,Dubois,Blandine,bl.dubo.m721@gmail.com,Aucun,Cadre supérieur,415235,8,496678,1,0,Aucun
722,722,1,Yanga,Roger,,BTS/DUT,Fonctionnaire,157262,1,Simon,Julienne,ju.simo.m722@gmail.com,BTS/DUT,Chef d'entreprise,1124820,5,1282082,5,0,Total
723,723,1,Issa,Gérard,gé.issa.p723@gmail.com,Baccalauréat,Sans emploi,6893,1,Issa,Pauline,pa.issa.m723@gmail.com,Primaire,Cadre moyen,397549,2,404442,2,1,Partiel
724,724,1,Dupont,Alphonse,al.dupo.p724@gmail.com,Primaire,Employé secteur informel,81981,0,Dupont,Odette,od.dupo.m724@gmail.com,Baccalauréat,Agriculteur/Éleveur,85271,6,167252,5,0,Partiel
725,725,1,Rodrigues,Pierre,pi.rodr.p725@gmail.com,Master/Grande école,Cadre supérieur,553126,1,Camara,Martine,ma.cama.m725@gmail.com,Doctorat,Chef d'entreprise,700124,8,1253250,3,0,Total
726,726,1,Gomis,Laurent,la.gomi.p726@gmail.com,Baccalauréat,Fonctionnaire,118721,1,Bello,Jeanne,je.bell.m726@gmail.com,Primaire,Cadre moyen,229029,3,347750,3,0,Aucun
727,727,1,Mbouck,Patrice,,Primaire,Cadre moyen,221532,1,Wamba,Jeanne,je.wamb.m727@gmail.com,BEPC/FSLC,Cadre supérieur,843618,9,1065150,3,0,Partiel
728,728,1,Dubois,Roger,ro.dubo.p728@gmail.com,Primaire,Sans emploi,32248,1,Dubois,Colette,,Primaire,Sans emploi,24558,2,56806,5,0,Aucun
729,729,1,Dubois,Etienne,et.dubo.p729@gmail.com,Baccalauréat,Employé secteur informel,98927,1,Richard,Yvette,yv.rich.m729@gmail.com,BEPC/FSLC,Fonctionnaire,203718,6,302645,2,0,Partiel
730,730,1,Etoundi,Paul,,Master/Grande école,Fonctionnaire,128950,1,Etoundi,Cécile,cé.etou.m730@gmail.com,BEPC/FSLC,Cadre supérieur,422235,1,551185,5,0,Total
731,731,1,Feudjio,Patrice,pa.feud.p731@gmail.com,BTS/DUT,Sans emploi,9837,1,Feudjio,Odette,od.feud.m731@gmail.com,BEPC/FSLC,Employé secteur informel,64196,7,74033,2,0,Partiel
732,732,1,Martin,André,an.mart.p732@gmail.com,BEPC/FSLC,Employé secteur informel,77377,1,Mbouck,Madeleine,,Licence,Cadre moyen,388555,7,465932,4,0,Partiel
733,733,1,Okafor,Laurent,,Baccalauréat,Employé secteur informel,88034,1,Okafor,Martine,ma.okaf.m733@gmail.com,Master/Grande école,Cadre moyen,306841,4,394875,2,0,Partiel
734,734,1,Issa,Etienne,et.issa.p734@gmail.com,Baccalauréat,Cadre moyen,193008,1,Issa,Hélène,hé.issa.m734@gmail.com,Licence,Ouvrier/Artisan,90609,8,283617,2,0,Aucun
735,735,1,Diallo,Charles,ch.dial.p735@gmail.com,Baccalauréat,Employé secteur informel,45959,1,Diallo,Suzanne,su.dial.m735@gmail.com,Primaire,Employé secteur informel,40896,4,86855,1,0,Partiel
736,736,1,Garcia,Gérard,,Aucun,Agriculteur/Éleveur,36537,1,Garcia,Rose,ro.garc.m736@gmail.com,Baccalauréat,Fonctionnaire,154308,4,190845,4,1,Partiel
737,737,1,Dupont,Hervé,he.dupo.p737@gmail.com,Licence,Employé secteur informel,89075,1,Dupont,Angèle,an.dupo.m737@gmail.com,Primaire,Employé secteur informel,63861,7,152936,4,0,Partiel
738,738,1,Kamga,Charles,ch.kamg.p738@gmail.com,Baccalauréat,Cadre moyen,270272,1,Kamga,Blandine,bl.kamg.m738@gmail.com,BTS/DUT,Employé secteur informel,47228,4,317500,1,0,Partiel
739,739,1,Penda,Félix,fé.pend.p739@gmail.com,BTS/DUT,Fonctionnaire,136947,1,Penda,Rosalie,ro.pend.m739@gmail.com,Primaire,Fonctionnaire,143945,5,280892,4,1,Total
740,740,0,Dupont,Georges,ge.dupo.p740@gmail.com,BTS/DUT,Sans emploi,2099,1,Manga,Victoire,vi.mang.m740@gmail.com,Licence,Cadre moyen,241480,8,243579,1,0,Partiel
741,741,1,Bouchard,Théodore,th.bouc.p741@gmail.com,Licence,Employé secteur informel,39482,1,Bouchard,Brigitte,br.bouc.m741@gmail.com,Baccalauréat,Ouvrier/Artisan,93533,3,133015,1,0,Total
742,742,1,Richard,Georges,ge.rich.p742@gmail.com,Licence,Employé secteur informel,42969,1,Martin,Madeleine,ma.mart.m742@gmail.com,BTS/DUT,Ouvrier/Artisan,71850,3,114819,2,0,Partiel
743,743,1,Toure,Victor,,Baccalauréat,Fonctionnaire,214687,1,Toure,Pauline,pa.tour.m743@gmail.com,Licence,Cadre moyen,268976,2,483663,5,0,Total
744,744,1,Essama,Victor,vi.essa.p744@gmail.com,Master/Grande école,Employé secteur informel,35226,0,Essama,Adèle,ad.essa.m744@gmail.com,BEPC/FSLC,Cadre moyen,285875,4,321101,2,0,Total
745,745,1,Rodrigues,Albert,al.rodr.p745@gmail.com,Primaire,Cadre moyen,348152,0,Rodrigues,Adèle,ad.rodr.m745@gmail.com,Baccalauréat,Fonctionnaire,206119,4,554271,2,1,Partiel
746,746,1,Ebene,Hervé,he.eben.p746@gmail.com,BEPC/FSLC,Cadre moyen,209145,1,Abomo,Rosalie,ro.abom.m746@gmail.com,BEPC/FSLC,Fonctionnaire,92401,5,301546,4,0,Partiel
747,747,1,Bouchard,Gérard,gé.bouc.p747@gmail.com,BTS/DUT,Fonctionnaire,95414,1,Kamga,Marie,ma.kamg.m747@gmail.com,BTS/DUT,Agriculteur/Éleveur,41301,5,136715,4,1,Total
748,748,0,Essama,Laurent,la.essa.p748@gmail.com,Primaire,Fonctionnaire,134521,1,Essama,Pauline,pa.essa.m748@gmail.com,Licence,Cadre moyen,234858,6,369379,5,1,Partiel
749,749,0,Manga,Emmanuel,em.mang.p749@gmail.com,Aucun,Ouvrier/Artisan,66397,1,Tchio,Rosalie,ro.tchi.m749@gmail.com,Aucun,Agriculteur/Éleveur,49581,6,115978,1,0,Partiel
750,750,1,Atangana,Marcel,ma.atan.p750@gmail.com,Baccalauréat,Employé secteur informel,60633,1,Ndzana,Rosalie,ro.ndza.m750@gmail.com,BEPC/FSLC,Cadre moyen,212945,6,273578,2,0,Total
751,751,0,Abomo,Roger,,Primaire,Cadre moyen,379403,1,Abomo,Julienne,ju.abom.m751@gmail.com,Licence,Employé secteur informel,63527,8,442930,4,0,Total
752,752,1,Kamga,Armand,ar.kamg.p752@gmail.com,Aucun,Employé secteur informel,48772,1,Kamga,Marie,ma.kamg.m752@gmail.com,Primaire,Agriculteur/Éleveur,69437,4,118209,1,0,Partiel
753,753,1,Okafor,Henri,he.okaf.p753@gmail.com,Licence,Fonctionnaire,162032,1,Okafor,Marie,ma.okaf.m753@gmail.com,Baccalauréat,Cadre supérieur,735160,3,897192,5,0,Partiel
754,754,1,Rodrigues,Georges,ge.rodr.p754@gmail.com,BTS/DUT,Ouvrier/Artisan,69618,1,Rodrigues,Blandine,bl.rodr.m754@gmail.com,Master/Grande école,Cadre moyen,215193,3,284811,2,0,Total
755,755,1,Biyong,Paul,pa.biyo.p755@gmail.com,BEPC/FSLC,Employé secteur informel,78619,1,Biyong,Brigitte,br.biyo.m755@gmail.com,Primaire,Employé secteur informel,67773,3,146392,5,0,Total
756,756,1,Essama,Emmanuel,em.essa.p756@gmail.com,Licence,Cadre moyen,226769,1,Toure,Yvette,yv.tour.m756@gmail.com,Doctorat,Cadre moyen,170204,6,396973,2,0,Total
757,757,1,Lefebvre,Victor,vi.lefe.p757@gmail.com,Master/Grande école,Chef d'entreprise,515650,1,Lefebvre,Hélène,hé.lefe.m757@gmail.com,Master/Grande école,Cadre supérieur,489250,3,1004900,1,0,Total
758,758,1,Jourdain,Pierre,pi.jour.p758@gmail.com,Baccalauréat,Sans emploi,6084,1,Jourdain,Colette,co.jour.m758@gmail.com,Primaire,Agriculteur/Éleveur,62742,5,68826,4,0,Aucun
759,759,1,Nguema,Félix,fé.ngue.p759@gmail.com,Master/Grande école,Chef d'entreprise,1488832,1,Nguema,Jeanne,,Baccalauréat,Chef d'entreprise,1086708,3,2575540,3,0,Partiel
760,760,1,Haidara,Emmanuel,em.haid.p760@gmail.com,Baccalauréat,Cadre moyen,212539,1,Haidara,Martine,ma.haid.m760@gmail.com,Master/Grande école,Cadre moyen,350471,6,563010,5,0,Partiel
761,761,1,Bouchard,Etienne,et.bouc.p761@gmail.com,Aucun,Ouvrier/Artisan,105776,1,Bouchard,Julienne,ju.bouc.m761@gmail.com,Baccalauréat,Ouvrier/Artisan,53525,3,159301,1,0,Total
762,762,1,Yanga,Albert,al.yang.p762@gmail.com,Baccalauréat,Sans emploi,28134,1,Yanga,Rosalie,ro.yang.m762@gmail.com,Licence,Cadre moyen,198251,4,226385,2,0,Partiel
763,763,1,Michel,Charles,ch.mich.p763@gmail.com,Aucun,Ouvrier/Artisan,86775,1,Garcia,Martine,ma.garc.m763@gmail.com,BTS/DUT,Employé secteur informel,99757,2,186532,3,0,Partiel
764,764,1,Nguema,Gérard,gé.ngue.p764@gmail.com,Master/Grande école,Ouvrier/Artisan,81004,1,Nguema,Victoire,vi.ngue.m764@gmail.com,BTS/DUT,Cadre moyen,364356,6,445360,5,1,Total
765,765,1,Dubois,Gérard,gé.dubo.p765@gmail.com,BTS/DUT,Sans emploi,8888,1,Michel,Yvette,yv.mich.m765@gmail.com,Baccalauréat,Fonctionnaire,219765,6,228653,2,0,Total
766,766,1,Robert,Gérard,,Master/Grande école,Cadre moyen,321410,1,Robert,Hélène,hé.robe.m766@gmail.com,BTS/DUT,Cadre supérieur,573654,4,895064,1,1,Partiel
767,767,1,Richard,André,an.rich.p767@gmail.com,Aucun,Cadre moyen,241907,1,Richard,Brigitte,br.rich.m767@gmail.com,Baccalauréat,Ouvrier/Artisan,98609,3,340516,1,0,Total
768,768,1,Leroy,Joseph,jo.lero.p768@gmail.com,Baccalauréat,Employé secteur informel,75628,0,Lobe,Martine,ma.lobe.m768@gmail.com,Licence,Employé secteur informel,40765,7,116393,5,1,Partiel
769,769,0,Bernard,Patrice,pa.bern.p769@gmail.com,Baccalauréat,Cadre supérieur,624171,1,Bernard,Julienne,ju.bern.m769@gmail.com,BEPC/FSLC,Cadre moyen,262813,6,886984,3,0,Partiel
770,770,1,Onana,Alphonse,al.onan.p770@gmail.com,Licence,Cadre moyen,328194,1,Vidal,Marguerite,ma.vida.m770@gmail.com,Primaire,Cadre supérieur,856962,4,1185156,1,0,Total
771,771,1,Lobe,Albert,al.lobe.p771@gmail.com,Licence,Employé secteur informel,54048,1,Lobe,Hélène,hé.lobe.m771@gmail.com,Licence,Employé secteur informel,51480,3,105528,4,1,Total
772,772,1,Umba,Jean,je.umba.p772@gmail.com,BTS/DUT,Ouvrier/Artisan,57677,1,Zobel,Cécile,cé.zobe.m772@gmail.com,Baccalauréat,Cadre moyen,345575,2,403252,2,0,Total
773,773,1,Abomo,André,,Baccalauréat,Cadre moyen,242872,1,Michel,Victoire,vi.mich.m773@gmail.com,Primaire,Employé secteur informel,38717,5,281589,5,0,Partiel
774,774,1,Biyong,Théodore,th.biyo.p774@gmail.com,BTS/DUT,Cadre moyen,299108,1,Bernard,Christine,ch.bern.m774@gmail.com,BTS/DUT,Employé secteur informel,70365,7,369473,4,0,Total
775,775,1,Gomis,Patrice,pa.gomi.p775@gmail.com,BTS/DUT,Fonctionnaire,194373,1,Jourdain,Suzanne,su.jour.m775@gmail.com,Master/Grande école,Sans emploi,18075,9,212448,3,1,Total
776,776,1,Atangana,Georges,ge.atan.p776@gmail.com,BEPC/FSLC,Agriculteur/Éleveur,25030,1,Nguema,Madeleine,ma.ngue.m776@gmail.com,BEPC/FSLC,Employé secteur informel,64589,5,89619,5,0,Total
777,777,1,Mvondo,Félix,fé.mvon.p777@gmail.com,Baccalauréat,Ouvrier/Artisan,67618,1,Etoundi,Victoire,vi.etou.m777@gmail.com,Master/Grande école,Cadre moyen,318521,7,386139,2,0,Partiel
778,778,1,Moreau,Paul,pa.more.p778@gmail.com,Licence,Employé secteur informel,38924,1,Kamga,Rose,ro.kamg.m778@gmail.com,Licence,Agriculteur/Éleveur,59265,4,98189,1,0,Total
779,779,1,Diallo,Roger,ro.dial.p779@gmail.com,Licence,Cadre moyen,250601,1,Camara,Yvette,yv.cama.m779@gmail.com,BTS/DUT,Fonctionnaire,197379,5,447980,3,0,Partiel
780,780,1,Diallo,Joseph,jo.dial.p780@gmail.com,BEPC/FSLC,Sans emploi,6338,1,Nguema,Martine,ma.ngue.m780@gmail.com,Baccalauréat,Agriculteur/Éleveur,44602,6,50940,2,0,Aucun
781,781,0,Mvondo,Etienne,et.mvon.p781@gmail.com,Primaire,Ouvrier/Artisan,59157,1,Mvondo,Pauline,pa.mvon.m781@gmail.com,Baccalauréat,Ouvrier/Artisan,46665,5,105822,4,0,Partiel
782,782,1,Mbouck,Patrice,pa.mbou.p782@gmail.com,Licence,Cadre moyen,383793,1,Mbouck,Jeanne,,Baccalauréat,Employé secteur informel,47460,4,431253,3,0,Partiel
783,783,1,Mbouck,Albert,al.mbou.p783@gmail.com,Primaire,Cadre moyen,362757,1,Okafor,Martine,ma.okaf.m783@gmail.com,Primaire,Ouvrier/Artisan,104208,7,466965,3,0,Partiel
784,784,1,Okafor,Laurent,,Licence,Employé secteur informel,93379,1,Manga,Rosalie,ro.mang.m784@gmail.com,Aucun,Employé secteur informel,58053,6,151432,4,0,Aucun
785,785,1,Jourdain,Emmanuel,em.jour.p785@gmail.com,BEPC/FSLC,Ouvrier/Artisan,77825,1,Jourdain,Jeanne,je.jour.m785@gmail.com,Baccalauréat,Sans emploi,17889,5,95714,5,0,Total
786,786,1,Atangana,Armand,ar.atan.p786@gmail.com,Doctorat,Chef d'entreprise,1176721,1,Atangana,Colette,co.atan.m786@gmail.com,Master/Grande école,Fonctionnaire,208940,3,1385661,2,1,Total
787,787,1,Penda,Henri,he.pend.p787@gmail.com,Baccalauréat,Ouvrier/Artisan,78143,1,Gomis,Pauline,,BEPC/FSLC,Employé secteur informel,99742,4,177885,2,0,Partiel
788,788,0,Abomo,Alphonse,al.abom.p788@gmail.com,BTS/DUT,Employé secteur informel,69701,1,Thomas,Suzanne,su.thom.m788@gmail.com,BEPC/FSLC,Fonctionnaire,162931,4,232632,5,0,Total
789,789,0,Nguema,Henri,he.ngue.p789@gmail.com,BTS/DUT,Fonctionnaire,193140,1,Lefebvre,Cécile,cé.lefe.m789@gmail.com,BEPC/FSLC,Fonctionnaire,147406,4,340546,3,0,Aucun
790,790,1,Thomas,Joseph,jo.thom.p790@gmail.com,BTS/DUT,Cadre moyen,235909,1,Thomas,Colette,co.thom.m790@gmail.com,Primaire,Ouvrier/Artisan,52710,6,288619,2,0,Total
791,791,1,Onana,Joseph,jo.onan.p791@gmail.com,BTS/DUT,Chef d'entreprise,1136010,1,Etoundi,Hélène,hé.etou.m791@gmail.com,Baccalauréat,Cadre moyen,208310,6,1344320,5,0,Total
792,792,1,Martin,Jean,je.mart.p792@gmail.com,Baccalauréat,Fonctionnaire,140119,1,Martin,Adèle,ad.mart.m792@gmail.com,Baccalauréat,Cadre moyen,265837,4,405956,2,0,Total
793,793,1,Simon,Jean,je.simo.p793@gmail.com,Primaire,Employé secteur informel,41336,1,Kamga,Blandine,bl.kamg.m793@gmail.com,BEPC/FSLC,Agriculteur/Éleveur,81149,3,122485,5,0,Total
794,794,1,Martin,Joseph,jo.mart.p794@gmail.com,BTS/DUT,Cadre moyen,270288,1,Martin,Madeleine,ma.mart.m794@gmail.com,BEPC/FSLC,Employé secteur informel,46286,3,316574,1,0,Partiel
795,795,1,Penda,Charles,ch.pend.p795@gmail.com,Licence,Fonctionnaire,163531,1,Umba,Rosalie,ro.umba.m795@gmail.com,BEPC/FSLC,Cadre moyen,211450,8,374981,2,0,Partiel
796,796,1,Donfack,Victor,vi.donf.p796@gmail.com,BEPC/FSLC,Employé secteur informel,72953,1,Donfack,Pauline,pa.donf.m796@gmail.com,Primaire,Employé secteur informel,89295,9,162248,5,0,Total
797,797,1,Zobel,Albert,al.zobe.p797@gmail.com,Licence,Cadre moyen,199794,1,Jourdain,Odette,od.jour.m797@gmail.com,BTS/DUT,Ouvrier/Artisan,78202,2,277996,1,1,Total
798,798,1,Garcia,Théodore,th.garc.p798@gmail.com,Aucun,Sans emploi,1171,1,Garcia,Rosalie,ro.garc.m798@gmail.com,Baccalauréat,Fonctionnaire,178938,5,180109,3,1,Aucun
799,799,1,Nguema,Jean,je.ngue.p799@gmail.com,Doctorat,Chef d'entreprise,383867,1,Nguema,Marie,ma.ngue.m799@gmail.com,Baccalauréat,Fonctionnaire,216844,6,600711,3,0,Total
800,800,1,Lobe,Etienne,et.lobe.p800@gmail.com,Licence,Cadre moyen,174518,1,Lobe,Rosalie,ro.lobe.m800@gmail.com,BTS/DUT,Employé secteur informel,60861,5,235379,5,0,Partiel
801,801,1,Bouchard,Laurent,la.bouc.p801@gmail.com,Master/Grande école,Chef d'entreprise,1758224,1,Moreau,Angèle,an.more.m801@gmail.com,Master/Grande école,Cadre supérieur,545554,2,2303778,1,0,Partiel
802,802,1,Tchio,Charles,ch.tchi.p802@gmail.com,Primaire,Ouvrier/Artisan,64374,1,Tchio,Angèle,an.tchi.m802@gmail.com,Primaire,Employé secteur informel,68901,3,133275,3,1,Partiel
803,803,1,Okafor,Clément,cl.okaf.p803@gmail.com,Aucun,Ouvrier/Artisan,87375,1,Okafor,Marguerite,ma.okaf.m803@gmail.com,Primaire,Ouvrier/Artisan,102740,6,190115,1,1,Partiel
804,804,1,Dubois,André,an.dubo.p804@gmail.com,Licence,Cadre moyen,219521,1,Dubois,Suzanne,su.dubo.m804@gmail.com,Aucun,Cadre supérieur,429748,7,649269,4,1,Total
805,805,1,Ebene,Etienne,et.eben.p805@gmail.com,BTS/DUT,Employé secteur informel,75259,1,Ebene,Brigitte,br.eben.m805@gmail.com,BTS/DUT,Chef d'entreprise,1028959,5,1104218,5,0,Total
806,806,1,Simon,Patrice,pa.simo.p806@gmail.com,Aucun,Employé secteur informel,56754,1,Simon,Madeleine,ma.simo.m806@gmail.com,BTS/DUT,Agriculteur/Éleveur,53010,3,109764,2,0,Total
807,807,1,Martin,Joseph,,Licence,Employé secteur informel,89254,1,Penda,Blandine,bl.pend.m807@gmail.com,Master/Grande école,Agriculteur/Éleveur,50205,8,139459,3,0,Partiel
808,808,1,Robert,Félix,fé.robe.p808@gmail.com,Licence,Employé secteur informel,35591,1,Robert,Colette,co.robe.m808@gmail.com,BEPC/FSLC,Fonctionnaire,214926,4,250517,2,0,Aucun
809,809,1,Penda,Armand,ar.pend.p809@gmail.com,Aucun,Agriculteur/Éleveur,88600,1,Umba,Jeanne,je.umba.m809@gmail.com,Licence,Employé secteur informel,60838,2,149438,3,0,Aucun
810,810,0,Kamga,Gérard,gé.kamg.p810@gmail.com,Doctorat,Cadre supérieur,791744,1,Kamga,Victoire,vi.kamg.m810@gmail.com,Licence,Ouvrier/Artisan,76472,6,868216,5,0,Partiel
811,811,1,Lobe,Emmanuel,em.lobe.p811@gmail.com,Primaire,Sans emploi,25777,0,Lobe,Suzanne,su.lobe.m811@gmail.com,Baccalauréat,Fonctionnaire,90239,5,116016,4,0,Aucun
812,812,1,Lefebvre,Pierre,pi.lefe.p812@gmail.com,Baccalauréat,Fonctionnaire,174805,1,Tchio,Rosalie,ro.tchi.m812@gmail.com,BEPC/FSLC,Cadre supérieur,835410,6,1010215,3,0,Partiel
813,813,1,Michel,Gérard,,BTS/DUT,Fonctionnaire,110941,1,Biyong,Pauline,pa.biyo.m813@gmail.com,Master/Grande école,Fonctionnaire,117010,5,227951,4,0,Partiel
814,814,1,Nguema,Marcel,ma.ngue.p814@gmail.com,Aucun,Ouvrier/Artisan,49907,1,Nguema,Marguerite,ma.ngue.m814@gmail.com,Primaire,Ouvrier/Artisan,65444,5,115351,4,1,Total
815,815,1,Bernard,Paul,pa.bern.p815@gmail.com,Baccalauréat,Fonctionnaire,204329,1,Bernard,Rose,ro.bern.m815@gmail.com,Baccalauréat,Employé secteur informel,67971,5,272300,5,0,Total
816,816,0,Haidara,Alphonse,,Licence,Employé secteur informel,62212,1,Ndzana,Madeleine,,BTS/DUT,Cadre moyen,355456,4,417668,4,0,Total
817,817,1,Bouchard,Hervé,he.bouc.p817@gmail.com,BTS/DUT,Cadre moyen,245169,1,Bouchard,Blandine,bl.bouc.m817@gmail.com,Baccalauréat,Fonctionnaire,155646,7,400815,1,0,Total
818,818,1,Atangana,Félix,fé.atan.p818@gmail.com,BEPC/FSLC,Chef d'entreprise,1189579,1,Atangana,Marguerite,,Primaire,Cadre moyen,317106,2,1506685,1,1,Partiel
819,819,1,Feudjio,Clément,cl.feud.p819@gmail.com,BEPC/FSLC,Agriculteur/Éleveur,86357,1,Feudjio,Martine,ma.feud.m819@gmail.com,BTS/DUT,Ouvrier/Artisan,58603,5,144960,5,0,Partiel
820,820,1,Donfack,Clément,cl.donf.p820@gmail.com,Baccalauréat,Employé secteur informel,96478,1,Richard,Madeleine,ma.rich.m820@gmail.com,Licence,Fonctionnaire,175199,3,271677,5,0,Total
821,821,1,Lefebvre,Armand,ar.lefe.p821@gmail.com,Primaire,Sans emploi,14283,1,Lefebvre,Brigitte,br.lefe.m821@gmail.com,Primaire,Agriculteur/Éleveur,44614,1,58897,5,0,Total
822,822,1,Tchio,André,an.tchi.p822@gmail.com,BEPC/FSLC,Cadre supérieur,815270,1,Samba,Cécile,cé.samb.m822@gmail.com,Baccalauréat,Employé secteur informel,49936,6,865206,3,0,Partiel
823,823,1,Haidara,Gérard,gé.haid.p823@gmail.com,Baccalauréat,Chef d'entreprise,575107,1,Haidara,Victoire,,Primaire,Cadre supérieur,625592,6,1200699,2,0,Total
824,824,0,Bello,Henri,he.bell.p824@gmail.com,BEPC/FSLC,Employé secteur informel,47073,1,Bello,Thérèse,th.bell.m824@gmail.com,Baccalauréat,Agriculteur/Éleveur,89221,3,136294,1,0,Total
825,825,1,Manga,Roger,ro.mang.p825@gmail.com,Doctorat,Ouvrier/Artisan,55080,1,Manga,Thérèse,th.mang.m825@gmail.com,BTS/DUT,Employé secteur informel,61865,5,116945,4,0,Partiel
826,826,1,Mbouck,Clément,cl.mbou.p826@gmail.com,Master/Grande école,Cadre supérieur,416800,1,Michel,Rosalie,ro.mich.m826@gmail.com,Licence,Employé secteur informel,96562,3,513362,5,0,Partiel
827,827,1,Thomas,Alphonse,al.thom.p827@gmail.com,Baccalauréat,Fonctionnaire,192614,1,Thomas,Cécile,,BTS/DUT,Fonctionnaire,137223,4,329837,1,0,Total
828,828,1,Atangana,Paul,pa.atan.p828@gmail.com,BEPC/FSLC,Chef d'entreprise,768275,1,Ndzana,Victoire,vi.ndza.m828@gmail.com,BTS/DUT,Cadre supérieur,715672,8,1483947,4,0,Total
829,829,1,Ebene,Marcel,,Licence,Employé secteur informel,78914,1,Foko,Rose,ro.foko.m829@gmail.com,Baccalauréat,Ouvrier/Artisan,86982,4,165896,3,0,Aucun
830,830,1,Donfack,Etienne,et.donf.p830@gmail.com,Baccalauréat,Fonctionnaire,130029,1,Nguema,Julienne,ju.ngue.m830@gmail.com,Primaire,Agriculteur/Éleveur,55310,4,185339,2,0,Partiel
831,831,1,Diallo,Henri,he.dial.p831@gmail.com,Aucun,Employé secteur informel,35303,1,Diallo,Suzanne,su.dial.m831@gmail.com,Baccalauréat,Cadre supérieur,650147,6,685450,4,0,Partiel
832,832,1,Nyobe,Henri,he.nyob.p832@gmail.com,Aucun,Employé secteur informel,87253,1,Mbouck,Thérèse,th.mbou.m832@gmail.com,BEPC/FSLC,Agriculteur/Éleveur,25578,5,112831,5,0,Partiel
833,833,1,Dupont,Laurent,la.dupo.p833@gmail.com,Master/Grande école,Cadre moyen,192084,1,Robert,Suzanne,su.robe.m833@gmail.com,Baccalauréat,Cadre supérieur,720599,9,912683,4,1,Total
834,834,1,Martin,Victor,,BTS/DUT,Fonctionnaire,189203,1,Martin,Adèle,ad.mart.m834@gmail.com,Licence,Fonctionnaire,181820,8,371023,3,0,Total
835,835,1,Camara,Victor,vi.cama.p835@gmail.com,Baccalauréat,Cadre moyen,224065,1,Camara,Victoire,vi.cama.m835@gmail.com,BEPC/FSLC,Employé secteur informel,37838,6,261903,3,0,Partiel
836,836,1,Dubois,Théodore,th.dubo.p836@gmail.com,Master/Grande école,Cadre moyen,291622,1,Medjo,Adèle,ad.medj.m836@gmail.com,Doctorat,Fonctionnaire,162824,4,454446,4,0,Partiel
837,837,1,Michel,Paul,pa.mich.p837@gmail.com,Primaire,Cadre moyen,223454,1,Haidara,Marie,ma.haid.m837@gmail.com,Master/Grande école,Employé secteur informel,42074,2,265528,2,0,Total
838,838,1,Okafor,Charles,,Baccalauréat,Cadre moyen,186406,1,Rodrigues,Rose,ro.rodr.m838@gmail.com,Licence,Chef d'entreprise,402889,4,589295,2,0,Total
839,839,1,Bouchard,André,,BTS/DUT,Sans emploi,24881,1,Etoundi,Christine,ch.etou.m839@gmail.com,Baccalauréat,Ouvrier/Artisan,55040,4,79921,1,0,Total
840,840,1,Samba,André,an.samb.p840@gmail.com,Primaire,Ouvrier/Artisan,52484,1,Kamga,Rosalie,ro.kamg.m840@gmail.com,Baccalauréat,Ouvrier/Artisan,89998,7,142482,5,1,Partiel
841,841,1,Gomis,Charles,ch.gomi.p841@gmail.com,BTS/DUT,Agriculteur/Éleveur,34884,1,Rodrigues,Odette,od.rodr.m841@gmail.com,Baccalauréat,Chef d'entreprise,1029136,4,1064020,3,0,Partiel
842,842,1,Leroy,Jean,je.lero.p842@gmail.com,Master/Grande école,Cadre moyen,259395,1,Simon,Rosalie,ro.simo.m842@gmail.com,BEPC/FSLC,Fonctionnaire,146480,8,405875,4,1,Total
843,843,0,Mbarga,Patrice,pa.mbar.p843@gmail.com,Baccalauréat,Employé secteur informel,95000,1,Mbarga,Jeanne,je.mbar.m843@gmail.com,Licence,Employé secteur informel,54306,3,149306,1,1,Total
844,844,1,Wamba,Jean,je.wamb.p844@gmail.com,Primaire,Ouvrier/Artisan,103808,1,Vidal,Suzanne,su.vida.m844@gmail.com,Baccalauréat,Chef d'entreprise,1075422,6,1179230,5,0,Total
845,845,1,Martin,Félix,,Primaire,Cadre supérieur,515978,1,Tchamba,Marguerite,ma.tcha.m845@gmail.com,Primaire,Agriculteur/Éleveur,71086,4,587064,1,0,Partiel
846,846,0,Petit,Charles,ch.peti.p846@gmail.com,Licence,Ouvrier/Artisan,82922,1,Petit,Suzanne,su.peti.m846@gmail.com,Licence,Sans emploi,1714,8,84636,5,0,Partiel
847,847,1,Nkeng,Laurent,la.nken.p847@gmail.com,BTS/DUT,Fonctionnaire,153562,1,Nkeng,Victoire,vi.nken.m847@gmail.com,Baccalauréat,Employé secteur informel,66531,4,220093,4,0,Partiel
848,848,1,Issa,Victor,vi.issa.p848@gmail.com,Baccalauréat,Chef d'entreprise,1238084,1,Issa,Rose,ro.issa.m848@gmail.com,Baccalauréat,Chef d'entreprise,473074,5,1711158,3,0,Total
849,849,1,Penda,Patrice,pa.pend.p849@gmail.com,Baccalauréat,Cadre moyen,211397,1,Richard,Brigitte,br.rich.m849@gmail.com,Baccalauréat,Fonctionnaire,112113,2,323510,4,0,Total
850,850,1,Gomis,Joseph,jo.gomi.p850@gmail.com,Baccalauréat,Agriculteur/Éleveur,50793,1,Wamba,Angèle,an.wamb.m850@gmail.com,BEPC/FSLC,Fonctionnaire,170127,6,220920,5,0,Partiel
851,851,1,Rodrigues,Alphonse,al.rodr.p851@gmail.com,Primaire,Employé secteur informel,62377,1,Simon,Angèle,an.simo.m851@gmail.com,Baccalauréat,Agriculteur/Éleveur,82986,3,145363,5,1,Total
852,852,1,Medjo,Gérard,gé.medj.p852@gmail.com,Baccalauréat,Cadre supérieur,384004,1,Medjo,Martine,ma.medj.m852@gmail.com,BEPC/FSLC,Sans emploi,16346,2,400350,5,0,Partiel
853,853,1,Toure,Pierre,pi.tour.p853@gmail.com,BEPC/FSLC,Fonctionnaire,188264,1,Moreau,Julienne,ju.more.m853@gmail.com,BEPC/FSLC,Employé secteur informel,71284,7,259548,3,0,Partiel
854,854,1,Nkeng,Laurent,la.nken.p854@gmail.com,BTS/DUT,Employé secteur informel,57442,1,Nkeng,Blandine,bl.nken.m854@gmail.com,BEPC/FSLC,Fonctionnaire,194409,3,251851,4,0,Total
855,855,1,Dupont,Roger,ro.dupo.p855@gmail.com,BTS/DUT,Agriculteur/Éleveur,84174,1,Dupont,Marie,ma.dupo.m855@gmail.com,Primaire,Employé secteur informel,89552,6,173726,2,0,Partiel
856,856,1,Mbarga,Clément,,Licence,Cadre supérieur,697565,1,Mbarga,Julienne,ju.mbar.m856@gmail.com,Baccalauréat,Fonctionnaire,145013,3,842578,3,0,Partiel
857,857,1,Lefebvre,Hervé,he.lefe.p857@gmail.com,Primaire,Employé secteur informel,47640,1,Lefebvre,Jeanne,je.lefe.m857@gmail.com,BEPC/FSLC,Agriculteur/Éleveur,52841,6,100481,4,0,Aucun
858,858,1,Samba,Albert,al.samb.p858@gmail.com,Primaire,Cadre supérieur,451706,1,Samba,Hélène,hé.samb.m858@gmail.com,Baccalauréat,Chef d'entreprise,1072203,8,1523909,1,0,Partiel
859,859,1,Michel,Charles,ch.mich.p859@gmail.com,Baccalauréat,Cadre moyen,363643,1,Donfack,Angèle,an.donf.m859@gmail.com,BEPC/FSLC,Cadre supérieur,410329,8,773972,4,0,Partiel
860,860,1,Martin,André,an.mart.p860@gmail.com,BTS/DUT,Ouvrier/Artisan,94875,1,Martin,Julienne,ju.mart.m860@gmail.com,Baccalauréat,Agriculteur/Éleveur,47813,6,142688,1,0,Total
861,861,1,Bernard,Albert,,BEPC/FSLC,Sans emploi,12592,1,Michel,Yvette,yv.mich.m861@gmail.com,Baccalauréat,Employé secteur informel,83827,8,96419,4,0,Total
862,862,1,Onana,Félix,fé.onan.p862@gmail.com,Master/Grande école,Cadre supérieur,597246,1,Onana,Thérèse,th.onan.m862@gmail.com,BTS/DUT,Chef d'entreprise,1379951,5,1977197,3,1,Total
863,863,0,Medjo,Marcel,ma.medj.p863@gmail.com,BEPC/FSLC,Employé secteur informel,63930,1,Mbouck,Victoire,vi.mbou.m863@gmail.com,Primaire,Employé secteur informel,98684,7,162614,5,1,Partiel
864,864,1,Robert,Pierre,pi.robe.p864@gmail.com,BEPC/FSLC,Agriculteur/Éleveur,86637,1,Garcia,Cécile,cé.garc.m864@gmail.com,Baccalauréat,Cadre supérieur,694519,6,781156,5,1,Partiel
865,865,1,Abomo,Etienne,et.abom.p865@gmail.com,BEPC/FSLC,Cadre supérieur,381949,1,Abomo,Jeanne,je.abom.m865@gmail.com,Master/Grande école,Ouvrier/Artisan,79744,3,461693,5,0,Total
866,866,1,Tchio,Clément,cl.tchi.p866@gmail.com,Baccalauréat,Agriculteur/Éleveur,30793,0,Tchio,Victoire,vi.tchi.m866@gmail.com,Baccalauréat,Ouvrier/Artisan,79199,4,109992,4,0,Aucun
867,867,1,Robert,Clément,cl.robe.p867@gmail.com,Master/Grande école,Employé secteur informel,90102,1,Garcia,Victoire,vi.garc.m867@gmail.com,Primaire,Cadre supérieur,513789,7,603891,2,0,Partiel
868,868,0,Yanga,Georges,ge.yang.p868@gmail.com,Master/Grande école,Employé secteur informel,82380,1,Yanga,Adèle,,Primaire,Cadre supérieur,594416,4,676796,2,0,Total
869,869,1,Nyobe,Jean,je.nyob.p869@gmail.com,Licence,Cadre supérieur,646325,1,Nguema,Yvette,yv.ngue.m869@gmail.com,Licence,Cadre moyen,288953,6,935278,1,1,Total
870,870,1,Lefebvre,André,an.lefe.p870@gmail.com,Aucun,Ouvrier/Artisan,80773,1,Lefebvre,Thérèse,th.lefe.m870@gmail.com,BEPC/FSLC,Employé secteur informel,89120,2,169893,3,0,Partiel
871,871,1,Bouchard,Pierre,pi.bouc.p871@gmail.com,Licence,Fonctionnaire,105575,1,Manga,Rosalie,ro.mang.m871@gmail.com,BTS/DUT,Employé secteur informel,48484,3,154059,4,0,Aucun
872,872,1,Camara,Gérard,gé.cama.p872@gmail.com,Licence,Employé secteur informel,93635,1,Camara,Christine,ch.cama.m872@gmail.com,Baccalauréat,Employé secteur informel,51536,4,145171,3,0,Partiel
873,873,1,Foko,Clément,cl.foko.p873@gmail.com,BEPC/FSLC,Agriculteur/Éleveur,49217,1,Dubois,Madeleine,ma.dubo.m873@gmail.com,Primaire,Cadre moyen,235870,3,285087,1,0,Partiel
874,874,1,Yanga,Joseph,jo.yang.p874@gmail.com,Baccalauréat,Employé secteur informel,92829,1,Feudjio,Blandine,bl.feud.m874@gmail.com,BEPC/FSLC,Fonctionnaire,200739,4,293568,4,0,Total
875,875,1,Bernard,Henri,he.bern.p875@gmail.com,BEPC/FSLC,Employé secteur informel,97251,1,Yanga,Odette,od.yang.m875@gmail.com,Baccalauréat,Ouvrier/Artisan,91617,3,188868,4,0,Partiel
876,876,1,Martin,Hervé,he.mart.p876@gmail.com,Baccalauréat,Sans emploi,20074,1,Martin,Thérèse,th.mart.m876@gmail.com,BTS/DUT,Chef d'entreprise,260705,4,280779,3,0,Total
877,877,1,Wamba,Etienne,et.wamb.p877@gmail.com,Primaire,Chef d'entreprise,1794922,1,Atangana,Brigitte,br.atan.m877@gmail.com,Baccalauréat,Fonctionnaire,148631,6,1943553,4,1,Partiel
878,878,1,Nyobe,Hervé,,Doctorat,Employé secteur informel,40418,1,Nyobe,Rosalie,ro.nyob.m878@gmail.com,Aucun,Agriculteur/Éleveur,53039,3,93457,1,0,Aucun
879,879,1,Petit,Joseph,jo.peti.p879@gmail.com,BEPC/FSLC,Agriculteur/Éleveur,84216,1,Petit,Angèle,an.peti.m879@gmail.com,Licence,Cadre moyen,304771,5,388987,5,0,Total
880,880,1,Richard,Emmanuel,em.rich.p880@gmail.com,Licence,Employé secteur informel,62160,1,Mbarga,Marguerite,ma.mbar.m880@gmail.com,BEPC/FSLC,Agriculteur/Éleveur,71468,2,133628,1,0,Partiel
881,881,1,Dupont,Joseph,,BEPC/FSLC,Cadre supérieur,549429,1,Dupont,Pauline,pa.dupo.m881@gmail.com,Baccalauréat,Employé secteur informel,85803,8,635232,1,0,Total
882,882,1,Mbarga,Gérard,gé.mbar.p882@gmail.com,BTS/DUT,Employé secteur informel,71790,1,Robert,Victoire,vi.robe.m882@gmail.com,Primaire,Cadre supérieur,769135,4,840925,2,1,Partiel
883,883,1,Bello,Henri,he.bell.p883@gmail.com,BTS/DUT,Cadre moyen,189541,1,Manga,Blandine,bl.mang.m883@gmail.com,Baccalauréat,Chef d'entreprise,1156432,3,1345973,1,1,Total
884,884,1,Medjo,Félix,fé.medj.p884@gmail.com,BTS/DUT,Fonctionnaire,212918,1,Yanga,Rosalie,ro.yang.m884@gmail.com,Aucun,Fonctionnaire,102093,3,315011,2,1,Total
885,885,1,Rodrigues,Armand,,Primaire,Fonctionnaire,165483,1,Rodrigues,Rosalie,,Primaire,Sans emploi,22298,6,187781,2,1,Partiel
886,886,1,Bernard,Henri,he.bern.p886@gmail.com,Aucun,Employé secteur informel,52119,1,Thomas,Pauline,pa.thom.m886@gmail.com,BEPC/FSLC,Employé secteur informel,94844,5,146963,2,0,Total
887,887,1,Donfack,Joseph,jo.donf.p887@gmail.com,Aucun,Cadre moyen,178878,1,Donfack,Suzanne,su.donf.m887@gmail.com,Licence,Ouvrier/Artisan,84097,6,262975,5,0,Total
888,888,0,Yanga,Laurent,la.yang.p888@gmail.com,BEPC/FSLC,Employé secteur informel,70492,1,Yanga,Rose,ro.yang.m888@gmail.com,Baccalauréat,Agriculteur/Éleveur,77950,9,148442,2,1,Aucun
889,889,1,Tchio,Victor,vi.tchi.p889@gmail.com,BTS/DUT,Cadre supérieur,436153,1,Tchio,Suzanne,su.tchi.m889@gmail.com,Primaire,Cadre supérieur,875103,1,1311256,2,0,Total
890,890,0,Tchamba,Théodore,,Primaire,Ouvrier/Artisan,71822,1,Tchamba,Suzanne,su.tcha.m890@gmail.com,Baccalauréat,Employé secteur informel,72970,4,144792,3,1,Aucun
891,891,1,Dubois,Emmanuel,em.dubo.p891@gmail.com,BEPC/FSLC,Cadre moyen,189826,1,Nguema,Marie,ma.ngue.m891@gmail.com,BTS/DUT,Employé secteur informel,83612,6,273438,3,0,Partiel
892,892,1,Jourdain,Emmanuel,em.jour.p892@gmail.com,Baccalauréat,Agriculteur/Éleveur,75605,1,Jourdain,Jeanne,je.jour.m892@gmail.com,Baccalauréat,Employé secteur informel,45366,8,120971,4,0,Partiel
893,893,1,Nkeng,Hervé,he.nken.p893@gmail.com,BTS/DUT,Chef d'entreprise,684943,1,Dupont,Marguerite,ma.dupo.m893@gmail.com,BEPC/FSLC,Employé secteur informel,55736,6,740679,3,0,Total
894,894,1,Michel,Félix,fé.mich.p894@gmail.com,Baccalauréat,Chef d'entreprise,1260173,1,Moreau,Colette,co.more.m894@gmail.com,Doctorat,Fonctionnaire,126184,5,1386357,1,0,Total
895,895,1,Feudjio,Victor,vi.feud.p895@gmail.com,Baccalauréat,Employé secteur informel,99000,0,Feudjio,Yvette,yv.feud.m895@gmail.com,BTS/DUT,Employé secteur informel,37180,3,136180,4,0,Total
896,896,1,Onana,Pierre,pi.onan.p896@gmail.com,Licence,Fonctionnaire,168620,1,Onana,Madeleine,ma.onan.m896@gmail.com,Licence,Cadre moyen,375632,4,544252,5,1,Total
897,897,1,Martin,Laurent,,Master/Grande école,Cadre supérieur,810689,1,Martin,Marie,ma.mart.m897@gmail.com,Master/Grande école,Cadre supérieur,623864,2,1434553,3,0,Total
898,898,0,Bernard,Pierre,pi.bern.p898@gmail.com,Doctorat,Ouvrier/Artisan,91702,1,Bernard,Jeanne,,Baccalauréat,Sans emploi,9123,5,100825,3,0,Partiel
899,899,1,Biyong,Paul,pa.biyo.p899@gmail.com,Master/Grande école,Ouvrier/Artisan,72633,1,Biyong,Hélène,hé.biyo.m899@gmail.com,BTS/DUT,Fonctionnaire,138682,5,211315,5,0,Partiel
900,900,0,Okafor,André,an.okaf.p900@gmail.com,Master/Grande école,Cadre supérieur,794098,1,Okafor,Jeanne,je.okaf.m900@gmail.com,Doctorat,Fonctionnaire,101219,8,895317,5,0,Total
901,901,1,Wamba,Alphonse,al.wamb.p901@gmail.com,Baccalauréat,Agriculteur/Éleveur,26594,1,Gomis,Brigitte,br.gomi.m901@gmail.com,Licence,Employé secteur informel,38662,3,65256,5,0,Partiel
902,902,1,Zobel,André,an.zobe.p902@gmail.com,Licence,Employé secteur informel,64012,1,Ndzana,Blandine,bl.ndza.m902@gmail.com,Baccalauréat,Ouvrier/Artisan,106911,5,170923,2,0,Total
903,903,1,Umba,Armand,ar.umba.p903@gmail.com,BEPC/FSLC,Employé secteur informel,71499,1,Vidal,Rose,ro.vida.m903@gmail.com,Baccalauréat,Ouvrier/Artisan,101817,6,173316,1,0,Partiel
904,904,1,Lobe,Albert,al.lobe.p904@gmail.com,BEPC/FSLC,Employé secteur informel,67606,1,Lobe,Pauline,pa.lobe.m904@gmail.com,Licence,Employé secteur informel,81077,5,148683,3,0,Partiel
905,905,0,Biyong,Georges,ge.biyo.p905@gmail.com,Primaire,Ouvrier/Artisan,84511,1,Vidal,Thérèse,th.vida.m905@gmail.com,Primaire,Cadre moyen,277357,4,361868,4,0,Partiel
906,906,1,Thomas,Victor,vi.thom.p906@gmail.com,Primaire,Cadre supérieur,639744,1,Thomas,Marguerite,ma.thom.m906@gmail.com,Licence,Cadre supérieur,892642,6,1532386,1,1,Total
907,907,1,Petit,Emmanuel,em.peti.p907@gmail.com,Baccalauréat,Cadre moyen,293320,1,Petit,Thérèse,th.peti.m907@gmail.com,BTS/DUT,Agriculteur/Éleveur,58390,1,351710,4,0,Total
908,908,1,Vidal,Clément,cl.vida.p908@gmail.com,Doctorat,Cadre supérieur,876816,1,Vidal,Angèle,an.vida.m908@gmail.com,BTS/DUT,Fonctionnaire,192066,3,1068882,3,0,Aucun
909,909,1,Vidal,André,an.vida.p909@gmail.com,Licence,Chef d'entreprise,524723,1,Lefebvre,Cécile,cé.lefe.m909@gmail.com,BTS/DUT,Cadre moyen,347656,2,872379,5,1,Aucun
910,910,1,Issa,Alphonse,al.issa.p910@gmail.com,Primaire,Fonctionnaire,183937,1,Okafor,Angèle,an.okaf.m910@gmail.com,Master/Grande école,Employé secteur informel,95333,4,279270,4,0,Total
911,911,1,Okafor,Gérard,gé.okaf.p911@gmail.com,Baccalauréat,Employé secteur informel,35751,1,Nyobe,Colette,co.nyob.m911@gmail.com,Master/Grande école,Employé secteur informel,49202,9,84953,5,0,Partiel
912,912,1,Camara,Albert,al.cama.p912@gmail.com,Baccalauréat,Employé secteur informel,71303,0,Camara,Rosalie,ro.cama.m912@gmail.com,BEPC/FSLC,Ouvrier/Artisan,82849,4,154152,3,0,Aucun
913,913,1,Samba,Hervé,he.samb.p913@gmail.com,BTS/DUT,Fonctionnaire,101676,1,Feudjio,Christine,ch.feud.m913@gmail.com,BTS/DUT,Cadre moyen,171021,5,272697,2,1,Aucun
914,914,1,Etoundi,Félix,fé.etou.p914@gmail.com,Baccalauréat,Fonctionnaire,102787,1,Rodrigues,Marguerite,,Baccalauréat,Ouvrier/Artisan,70027,6,172814,3,0,Partiel
915,915,1,Medjo,Gérard,gé.medj.p915@gmail.com,Baccalauréat,Ouvrier/Artisan,98630,1,Medjo,Colette,co.medj.m915@gmail.com,BTS/DUT,Fonctionnaire,128470,8,227100,3,1,Partiel
916,916,1,Lobe,Clément,cl.lobe.p916@gmail.com,BTS/DUT,Employé secteur informel,42201,1,Lobe,Blandine,bl.lobe.m916@gmail.com,BEPC/FSLC,Cadre supérieur,805191,3,847392,1,0,Partiel
917,917,1,Thomas,Félix,fé.thom.p917@gmail.com,BTS/DUT,Fonctionnaire,119648,0,Thomas,Colette,co.thom.m917@gmail.com,Master/Grande école,Cadre supérieur,646145,9,765793,4,0,Partiel
918,918,1,Mbouck,Alphonse,al.mbou.p918@gmail.com,Primaire,Employé secteur informel,73876,1,Mbouck,Martine,ma.mbou.m918@gmail.com,BEPC/FSLC,Cadre moyen,388154,2,462030,3,1,Total
919,919,1,Bouchard,Gérard,gé.bouc.p919@gmail.com,Master/Grande école,Cadre supérieur,642525,1,Bouchard,Yvette,yv.bouc.m919@gmail.com,Baccalauréat,Ouvrier/Artisan,106725,4,749250,5,0,Partiel
920,920,1,Bouchard,Albert,al.bouc.p920@gmail.com,Primaire,Cadre moyen,177588,1,Bouchard,Cécile,cé.bouc.m920@gmail.com,Licence,Chef d'entreprise,1116809,8,1294397,5,0,Total
921,921,1,Haidara,Emmanuel,em.haid.p921@gmail.com,Baccalauréat,Employé secteur informel,95757,0,Haidara,Rose,ro.haid.m921@gmail.com,Licence,Ouvrier/Artisan,93658,5,189415,5,0,Partiel
922,922,1,Umba,Albert,al.umba.p922@gmail.com,BEPC/FSLC,Cadre moyen,308257,1,Lobe,Christine,ch.lobe.m922@gmail.com,BEPC/FSLC,Agriculteur/Éleveur,25573,3,333830,2,1,Total
923,923,1,Lobe,Paul,pa.lobe.p923@gmail.com,Aucun,Cadre moyen,356788,0,Penda,Hélène,hé.pend.m923@gmail.com,Master/Grande école,Agriculteur/Éleveur,33118,5,389906,5,0,Partiel
924,924,1,Nguema,Albert,al.ngue.p924@gmail.com,Licence,Ouvrier/Artisan,94068,1,Nguema,Thérèse,th.ngue.m924@gmail.com,Primaire,Cadre moyen,269804,3,363872,2,0,Total
925,925,1,Toure,Emmanuel,em.tour.p925@gmail.com,BEPC/FSLC,Cadre supérieur,691810,0,Toure,Rosalie,ro.tour.m925@gmail.com,BEPC/FSLC,Ouvrier/Artisan,86867,7,778677,5,0,Partiel
926,926,1,Dubois,Georges,ge.dubo.p926@gmail.com,BTS/DUT,Cadre moyen,219867,1,Dubois,Cécile,cé.dubo.m926@gmail.com,BEPC/FSLC,Employé secteur informel,55778,7,275645,1,0,Total
927,927,1,Penda,Albert,al.pend.p927@gmail.com,Aucun,Fonctionnaire,204091,1,Penda,Victoire,vi.pend.m927@gmail.com,Master/Grande école,Employé secteur informel,49222,6,253313,2,0,Total
928,928,1,Richard,Pierre,pi.rich.p928@gmail.com,BEPC/FSLC,Fonctionnaire,110517,0,Richard,Victoire,vi.rich.m928@gmail.com,BEPC/FSLC,Cadre moyen,183459,6,293976,1,1,Partiel
929,929,1,Nguema,Armand,ar.ngue.p929@gmail.com,Baccalauréat,Fonctionnaire,117898,1,Nguema,Jeanne,je.ngue.m929@gmail.com,BTS/DUT,Employé secteur informel,58521,4,176419,3,1,Partiel
930,930,1,Zobel,Alphonse,al.zobe.p930@gmail.com,Licence,Fonctionnaire,153745,1,Garcia,Colette,co.garc.m930@gmail.com,BTS/DUT,Cadre supérieur,785890,2,939635,3,0,Total
931,931,1,Michel,Gérard,gé.mich.p931@gmail.com,Aucun,Employé secteur informel,92650,1,Manga,Rose,ro.mang.m931@gmail.com,BEPC/FSLC,Ouvrier/Artisan,63538,4,156188,5,0,Total
932,932,1,Tchio,Clément,cl.tchi.p932@gmail.com,BEPC/FSLC,Cadre supérieur,625398,1,Tchio,Suzanne,su.tchi.m932@gmail.com,BTS/DUT,Fonctionnaire,171330,5,796728,1,0,Partiel
933,933,1,Onana,Patrice,pa.onan.p933@gmail.com,Primaire,Sans emploi,9686,1,Onana,Suzanne,su.onan.m933@gmail.com,BEPC/FSLC,Sans emploi,30647,3,40333,5,1,Aucun
934,934,1,Tchio,Georges,ge.tchi.p934@gmail.com,Primaire,Sans emploi,7460,1,Tchio,Adèle,ad.tchi.m934@gmail.com,BEPC/FSLC,Sans emploi,28375,9,35835,5,0,Aucun
935,935,1,Ndzana,Patrice,pa.ndza.p935@gmail.com,Baccalauréat,Cadre moyen,292446,1,Ndzana,Brigitte,,BTS/DUT,Fonctionnaire,113790,6,406236,4,0,Partiel
936,936,1,Penda,Théodore,th.pend.p936@gmail.com,BEPC/FSLC,Cadre moyen,294015,1,Penda,Odette,od.pend.m936@gmail.com,Baccalauréat,Ouvrier/Artisan,87001,6,381016,4,1,Total
937,937,1,Diallo,Roger,ro.dial.p937@gmail.com,Master/Grande école,Chef d'entreprise,1199712,1,Diallo,Julienne,ju.dial.m937@gmail.com,BEPC/FSLC,Cadre moyen,312198,5,1511910,1,1,Partiel
938,938,1,Martin,Paul,,Licence,Fonctionnaire,178783,1,Penda,Martine,ma.pend.m938@gmail.com,Aucun,Fonctionnaire,94883,4,273666,1,0,Partiel
939,939,1,Toure,Armand,ar.tour.p939@gmail.com,BEPC/FSLC,Fonctionnaire,130554,1,Toure,Julienne,ju.tour.m939@gmail.com,Baccalauréat,Ouvrier/Artisan,77147,6,207701,5,0,Total
940,940,1,Yanga,Victor,vi.yang.p940@gmail.com,Licence,Ouvrier/Artisan,54914,1,Medjo,Odette,od.medj.m940@gmail.com,BEPC/FSLC,Fonctionnaire,142237,6,197151,3,0,Partiel
941,941,1,Simon,Albert,al.simo.p941@gmail.com,Primaire,Agriculteur/Éleveur,88471,1,Simon,Pauline,pa.simo.m941@gmail.com,Primaire,Ouvrier/Artisan,51098,4,139569,5,0,Total
942,942,1,Manga,Roger,ro.mang.p942@gmail.com,Baccalauréat,Cadre moyen,370513,1,Manga,Pauline,pa.mang.m942@gmail.com,Baccalauréat,Chef d'entreprise,1528070,8,1898583,4,0,Total
943,943,1,Mbarga,Albert,,BTS/DUT,Ouvrier/Artisan,95078,1,Mbarga,Madeleine,ma.mbar.m943@gmail.com,Baccalauréat,Employé secteur informel,59057,4,154135,5,0,Total
944,944,1,Lobe,Théodore,th.lobe.p944@gmail.com,BTS/DUT,Cadre moyen,196876,1,Lobe,Yvette,,BEPC/FSLC,Ouvrier/Artisan,49151,7,246027,4,0,Aucun
945,945,0,Abomo,Paul,pa.abom.p945@gmail.com,Licence,Cadre moyen,389991,1,Toure,Colette,co.tour.m945@gmail.com,BEPC/FSLC,Fonctionnaire,123958,3,513949,4,0,Total
946,946,1,Thomas,Alphonse,al.thom.p946@gmail.com,Primaire,Ouvrier/Artisan,71164,1,Thomas,Christine,,BTS/DUT,Agriculteur/Éleveur,34833,4,105997,4,1,Total
947,947,1,Ndzana,Pierre,pi.ndza.p947@gmail.com,BTS/DUT,Cadre moyen,349326,1,Nkeng,Marie,ma.nken.m947@gmail.com,Aucun,Agriculteur/Éleveur,31027,4,380353,2,0,Partiel
948,948,1,Haidara,Charles,ch.haid.p948@gmail.com,Licence,Cadre moyen,176353,1,Penda,Christine,ch.pend.m948@gmail.com,BEPC/FSLC,Sans emploi,7948,4,184301,5,0,Total
949,949,1,Vidal,Marcel,ma.vida.p949@gmail.com,BTS/DUT,Cadre moyen,224389,1,Kamga,Martine,ma.kamg.m949@gmail.com,Licence,Employé secteur informel,67880,3,292269,3,0,Total
950,950,1,Umba,Charles,ch.umba.p950@gmail.com,Licence,Agriculteur/Éleveur,80387,1,Umba,Colette,co.umba.m950@gmail.com,Primaire,Ouvrier/Artisan,47845,3,128232,4,1,Total
951,951,1,Mbarga,Gérard,gé.mbar.p951@gmail.com,Baccalauréat,Sans emploi,128,1,Mbarga,Rosalie,ro.mbar.m951@gmail.com,BTS/DUT,Employé secteur informel,93677,6,93805,3,0,Aucun
952,952,1,Wamba,Roger,ro.wamb.p952@gmail.com,BEPC/FSLC,Agriculteur/Éleveur,67504,1,Wamba,Madeleine,ma.wamb.m952@gmail.com,BTS/DUT,Agriculteur/Éleveur,67204,8,134708,5,0,Total
953,953,1,Feudjio,Marcel,ma.feud.p953@gmail.com,Baccalauréat,Cadre supérieur,700541,1,Petit,Blandine,,BTS/DUT,Cadre supérieur,700807,2,1401348,5,0,Partiel
954,954,1,Bernard,Théodore,th.bern.p954@gmail.com,BEPC/FSLC,Cadre supérieur,582661,1,Bernard,Yvette,yv.bern.m954@gmail.com,Baccalauréat,Chef d'entreprise,315654,3,898315,1,0,Partiel
955,955,1,Biyong,Armand,ar.biyo.p955@gmail.com,Baccalauréat,Employé secteur informel,99824,1,Biyong,Thérèse,th.biyo.m955@gmail.com,Baccalauréat,Employé secteur informel,76069,5,175893,5,0,Partiel
956,956,1,Nkeng,Pierre,pi.nken.p956@gmail.com,BTS/DUT,Agriculteur/Éleveur,44172,1,Nkeng,Adèle,ad.nken.m956@gmail.com,Aucun,Fonctionnaire,139507,8,183679,2,0,Aucun
957,957,1,Simon,Georges,,Baccalauréat,Sans emploi,31947,1,Simon,Thérèse,th.simo.m957@gmail.com,Aucun,Sans emploi,27707,2,59654,2,0,Partiel
958,958,1,Okafor,Charles,ch.okaf.p958@gmail.com,BEPC/FSLC,Agriculteur/Éleveur,52940,1,Nguema,Pauline,,Primaire,Employé secteur informel,63986,4,116926,4,0,Total
959,959,1,Bello,Jean,je.bell.p959@gmail.com,BEPC/FSLC,Employé secteur informel,89732,1,Bello,Julienne,ju.bell.m959@gmail.com,Baccalauréat,Agriculteur/Éleveur,52494,4,142226,1,0,Total
960,960,1,Toure,Georges,ge.tour.p960@gmail.com,Baccalauréat,Cadre supérieur,513679,1,Garcia,Jeanne,je.garc.m960@gmail.com,Primaire,Ouvrier/Artisan,75230,3,588909,3,0,Partiel
961,961,1,Onana,Marcel,,BEPC/FSLC,Employé secteur informel,78536,1,Manga,Marguerite,ma.mang.m961@gmail.com,BEPC/FSLC,Agriculteur/Éleveur,75955,8,154491,3,1,Partiel
962,962,0,Richard,Roger,ro.rich.p962@gmail.com,BEPC/FSLC,Ouvrier/Artisan,65914,1,Rodrigues,Christine,ch.rodr.m962@gmail.com,Doctorat,Fonctionnaire,152234,1,218148,1,0,Aucun
963,963,1,Biyong,Emmanuel,em.biyo.p963@gmail.com,BEPC/FSLC,Cadre supérieur,467106,1,Biyong,Marguerite,ma.biyo.m963@gmail.com,Baccalauréat,Cadre moyen,270484,7,737590,4,0,Total
964,964,1,Bouchard,Théodore,th.bouc.p964@gmail.com,Master/Grande école,Agriculteur/Éleveur,80682,1,Foko,Colette,co.foko.m964@gmail.com,BTS/DUT,Employé secteur informel,88840,5,169522,3,0,Partiel
965,965,1,Issa,Emmanuel,em.issa.p965@gmail.com,Doctorat,Agriculteur/Éleveur,62368,1,Jourdain,Suzanne,su.jour.m965@gmail.com,Aucun,Ouvrier/Artisan,93283,3,155651,3,1,Total
966,966,1,Vidal,Laurent,,Licence,Cadre moyen,178514,1,Onana,Adèle,ad.onan.m966@gmail.com,Licence,Cadre supérieur,591770,2,770284,3,0,Total
967,967,0,Garcia,Théodore,th.garc.p967@gmail.com,Baccalauréat,Cadre moyen,262202,1,Yanga,Suzanne,su.yang.m967@gmail.com,BEPC/FSLC,Ouvrier/Artisan,49866,5,312068,3,0,Partiel
968,968,1,Penda,Félix,fé.pend.p968@gmail.com,Baccalauréat,Agriculteur/Éleveur,78095,1,Penda,Madeleine,,BTS/DUT,Agriculteur/Éleveur,41214,4,119309,2,0,Partiel
969,969,1,Biyong,Victor,vi.biyo.p969@gmail.com,Aucun,Agriculteur/Éleveur,78436,1,Thomas,Thérèse,th.thom.m969@gmail.com,BEPC/FSLC,Fonctionnaire,154981,3,233417,5,1,Aucun
970,970,1,Umba,Victor,vi.umba.p970@gmail.com,Baccalauréat,Employé secteur informel,87460,0,Umba,Marguerite,ma.umba.m970@gmail.com,BTS/DUT,Employé secteur informel,74954,4,162414,1,1,Partiel
971,971,1,Dubois,Alphonse,al.dubo.p971@gmail.com,BTS/DUT,Employé secteur informel,99419,1,Dubois,Christine,ch.dubo.m971@gmail.com,Master/Grande école,Cadre moyen,387011,2,486430,1,1,Aucun
972,972,1,Ndzana,Albert,al.ndza.p972@gmail.com,Primaire,Fonctionnaire,110929,1,Lefebvre,Cécile,cé.lefe.m972@gmail.com,Licence,Employé secteur informel,79607,8,190536,3,0,Total
973,973,1,Abomo,Jean,je.abom.p973@gmail.com,Licence,Cadre supérieur,843269,0,Abomo,Julienne,ju.abom.m973@gmail.com,BTS/DUT,Cadre moyen,322179,4,1165448,1,1,Partiel
974,974,1,Tchamba,Gérard,,Baccalauréat,Fonctionnaire,171559,1,Wamba,Thérèse,th.wamb.m974@gmail.com,Primaire,Fonctionnaire,159989,5,331548,1,1,Partiel
975,975,1,Dubois,Félix,fé.dubo.p975@gmail.com,BTS/DUT,Fonctionnaire,190359,1,Richard,Madeleine,,BTS/DUT,Sans emploi,20904,8,211263,2,0,Partiel
976,976,1,Abomo,Etienne,et.abom.p976@gmail.com,Master/Grande école,Agriculteur/Éleveur,33700,1,Essama,Madeleine,ma.essa.m976@gmail.com,Primaire,Fonctionnaire,167343,4,201043,3,0,Partiel
977,977,1,Bello,Victor,vi.bell.p977@gmail.com,Baccalauréat,Ouvrier/Artisan,97837,1,Tchamba,Thérèse,th.tcha.m977@gmail.com,BTS/DUT,Employé secteur informel,81964,6,179801,5,0,Partiel
978,978,1,Atangana,Pierre,,Baccalauréat,Ouvrier/Artisan,108394,1,Atangana,Martine,ma.atan.m978@gmail.com,Baccalauréat,Cadre supérieur,466069,5,574463,1,0,Aucun
979,979,0,Michel,Etienne,,Baccalauréat,Cadre moyen,188750,1,Bouchard,Odette,,Baccalauréat,Employé secteur informel,53074,7,241824,5,0,Total
980,980,1,Robert,Pierre,pi.robe.p980@gmail.com,BTS/DUT,Ouvrier/Artisan,77289,1,Robert,Victoire,vi.robe.m980@gmail.com,Master/Grande école,Employé secteur informel,55234,4,132523,4,0,Partiel
981,981,1,Issa,Alphonse,al.issa.p981@gmail.com,BTS/DUT,Ouvrier/Artisan,52372,1,Issa,Pauline,pa.issa.m981@gmail.com,Master/Grande école,Fonctionnaire,95496,2,147868,4,0,Partiel
982,982,1,Diallo,Hervé,he.dial.p982@gmail.com,BEPC/FSLC,Employé secteur informel,85595,1,Diallo,Victoire,,BEPC/FSLC,Fonctionnaire,186104,5,271699,2,1,Partiel
983,983,1,Issa,Gérard,gé.issa.p983@gmail.com,Licence,Cadre moyen,369352,1,Issa,Marguerite,ma.issa.m983@gmail.com,BTS/DUT,Cadre moyen,304739,2,674091,3,0,Partiel
984,984,1,Nkeng,Laurent,la.nken.p984@gmail.com,BTS/DUT,Fonctionnaire,204531,1,Onana,Colette,co.onan.m984@gmail.com,Primaire,Ouvrier/Artisan,57343,4,261874,5,0,Aucun
985,985,1,Simon,Marcel,ma.simo.p985@gmail.com,BTS/DUT,Fonctionnaire,197445,1,Mbarga,Angèle,an.mbar.m985@gmail.com,Licence,Cadre supérieur,531566,4,729011,2,0,Aucun
986,986,1,Gomis,Hervé,he.gomi.p986@gmail.com,Doctorat,Cadre supérieur,564741,1,Gomis,Julienne,ju.gomi.m986@gmail.com,Licence,Cadre moyen,393191,5,957932,2,0,Total
987,987,1,Thomas,Victor,vi.thom.p987@gmail.com,Primaire,Employé secteur informel,44635,1,Lefebvre,Julienne,ju.lefe.m987@gmail.com,Aucun,Agriculteur/Éleveur,58289,7,102924,2,0,Partiel
988,988,1,Michel,Théodore,,BTS/DUT,Ouvrier/Artisan,84975,1,Kamga,Madeleine,ma.kamg.m988@gmail.com,BTS/DUT,Employé secteur informel,77738,7,162713,3,0,Total
989,989,1,Thomas,Albert,,Licence,Cadre moyen,306715,1,Thomas,Angèle,an.thom.m989@gmail.com,BTS/DUT,Cadre moyen,355956,4,662671,4,1,Aucun
990,990,1,Toure,Paul,pa.tour.p990@gmail.com,Baccalauréat,Cadre supérieur,527200,1,Toure,Thérèse,th.tour.m990@gmail.com,Baccalauréat,Fonctionnaire,139677,9,666877,3,0,Total
991,991,1,Rodrigues,Gérard,gé.rodr.p991@gmail.com,Licence,Fonctionnaire,155419,1,Rodrigues,Victoire,vi.rodr.m991@gmail.com,BTS/DUT,Employé secteur informel,86111,6,241530,1,0,Partiel
992,992,1,Nguema,Etienne,et.ngue.p992@gmail.com,Doctorat,Ouvrier/Artisan,78329,1,Nguema,Julienne,ju.ngue.m992@gmail.com,BTS/DUT,Ouvrier/Artisan,94803,4,173132,3,0,Partiel
993,993,0,Martin,Etienne,et.mart.p993@gmail.com,Primaire,Employé secteur informel,89272,1,Camara,Jeanne,je.cama.m993@gmail.com,BEPC/FSLC,Agriculteur/Éleveur,79377,7,168649,4,0,Aucun
994,994,1,Umba,Clément,cl.umba.p994@gmail.com,BTS/DUT,Ouvrier/Artisan,90945,1,Medjo,Rose,ro.medj.m994@gmail.com,BTS/DUT,Fonctionnaire,189516,4,280461,4,0,Aucun
995,995,1,Mvondo,Alphonse,al.mvon.p995@gmail.com,Licence,Cadre supérieur,443972,1,Mbouck,Thérèse,th.mbou.m995@gmail.com,Baccalauréat,Cadre moyen,303006,2,746978,1,0,Total
996,996,1,Manga,Hervé,he.mang.p996@gmail.com,BEPC/FSLC,Cadre moyen,290362,1,Manga,Suzanne,su.mang.m996@gmail.com,Primaire,Employé secteur informel,57977,6,348339,4,0,Partiel
997,997,1,Simon,Armand,ar.simo.p997@gmail.com,Primaire,Cadre moyen,284399,1,Martin,Odette,od.mart.m997@gmail.com,Baccalauréat,Employé secteur informel,44799,3,329198,3,0,Partiel
998,998,1,Foko,Roger,ro.foko.p998@gmail.com,Baccalauréat,Fonctionnaire,126707,1,Tchamba,Blandine,bl.tcha.m998@gmail.com,Licence,Fonctionnaire,186490,9,313197,4,0,Partiel
999,999,1,Biyong,Armand,ar.biyo.p999@gmail.com,BEPC/FSLC,Fonctionnaire,195343,1,Biyong,Brigitte,br.biyo.m999@gmail.com,BEPC/FSLC,Ouvrier/Artisan,52092,3,247435,1,0,Total
1000,1000,1,Martin,Hervé,he.mart.p1000@gmail.com,BTS/DUT,Employé secteur informel,35836,1,Martin,Hélène,hé.mart.m1000@gmail.com,Licence,Ouvrier/Artisan,77864,2,113700,4,1,Partiel
1001,1001,1,Moreau,Etienne,et.more.p1001@gmail.com,Master/Grande école,Cadre supérieur,536156,1,Moreau,Rose,ro.more.m1001@gmail.com,Baccalauréat,Employé secteur informel,51868,3,588024,2,0,Partiel
1002,1002,1,Bouchard,Emmanuel,em.bouc.p1002@gmail.com,Licence,Employé secteur informel,96279,1,Toure,Martine,ma.tour.m1002@gmail.com,Baccalauréat,Fonctionnaire,163402,4,259681,4,1,Total
1003,1003,1,Leroy,Félix,fé.lero.p1003@gmail.com,Primaire,Employé secteur informel,89268,1,Leroy,Marguerite,ma.lero.m1003@gmail.com,Aucun,Ouvrier/Artisan,92377,2,181645,3,0,Partiel
1004,1004,1,Yanga,Patrice,pa.yang.p1004@gmail.com,Baccalauréat,Ouvrier/Artisan,81122,1,Yanga,Brigitte,br.yang.m1004@gmail.com,Master/Grande école,Fonctionnaire,192851,6,273973,5,0,Aucun
1005,1005,1,Michel,Henri,he.mich.p1005@gmail.com,Master/Grande école,Cadre moyen,173989,1,Haidara,Suzanne,su.haid.m1005@gmail.com,Baccalauréat,Employé secteur informel,84067,6,258056,2,1,Aucun
1006,1006,1,Atangana,Alphonse,al.atan.p1006@gmail.com,Doctorat,Fonctionnaire,104866,1,Atangana,Cécile,cé.atan.m1006@gmail.com,Baccalauréat,Fonctionnaire,91858,2,196724,5,1,Total
1007,1007,1,Foko,Joseph,jo.foko.p1007@gmail.com,BTS/DUT,Sans emploi,10298,0,Penda,Pauline,pa.pend.m1007@gmail.com,BTS/DUT,Cadre moyen,294958,4,305256,1,1,Aucun
1008,1008,1,Donfack,Alphonse,al.donf.p1008@gmail.com,BEPC/FSLC,Fonctionnaire,90995,1,Donfack,Adèle,ad.donf.m1008@gmail.com,BTS/DUT,Employé secteur informel,88732,4,179727,1,0,Total
1009,1009,0,Mvondo,Paul,pa.mvon.p1009@gmail.com,Baccalauréat,Cadre supérieur,437847,1,Mvondo,Martine,,Primaire,Cadre moyen,221679,3,659526,2,0,Partiel
1010,1010,1,Abomo,Pierre,pi.abom.p1010@gmail.com,Primaire,Employé secteur informel,86236,1,Abomo,Adèle,ad.abom.m1010@gmail.com,Licence,Employé secteur informel,95328,8,181564,5,0,Total
1011,1011,1,Essama,Victor,vi.essa.p1011@gmail.com,BEPC/FSLC,Cadre moyen,381357,0,Haidara,Suzanne,su.haid.m1011@gmail.com,Licence,Sans emploi,2956,6,384313,2,0,Total
1012,1012,1,Penda,Marcel,ma.pend.p1012@gmail.com,BTS/DUT,Sans emploi,29763,1,Abomo,Martine,ma.abom.m1012@gmail.com,BEPC/FSLC,Employé secteur informel,87748,5,117511,2,0,Aucun
1013,1013,1,Thomas,Victor,vi.thom.p1013@gmail.com,BTS/DUT,Cadre moyen,244620,1,Vidal,Jeanne,je.vida.m1013@gmail.com,BTS/DUT,Fonctionnaire,182541,9,427161,3,0,Partiel
1014,1014,1,Foko,Victor,vi.foko.p1014@gmail.com,Licence,Agriculteur/Éleveur,87527,0,Foko,Angèle,an.foko.m1014@gmail.com,Baccalauréat,Employé secteur informel,91786,3,179313,4,0,Partiel
1015,1015,1,Lobe,Albert,al.lobe.p1015@gmail.com,Baccalauréat,Ouvrier/Artisan,81671,1,Lobe,Rose,,BTS/DUT,Employé secteur informel,89857,4,171528,2,0,Partiel
1016,1016,1,Toure,Joseph,jo.tour.p1016@gmail.com,Baccalauréat,Employé secteur informel,47846,1,Rodrigues,Rose,ro.rodr.m1016@gmail.com,BEPC/FSLC,Employé secteur informel,52175,7,100021,2,0,Aucun
1017,1017,1,Umba,Marcel,ma.umba.p1017@gmail.com,Primaire,Employé secteur informel,67376,1,Toure,Julienne,ju.tour.m1017@gmail.com,BTS/DUT,Fonctionnaire,171739,7,239115,3,0,Partiel
1018,1018,1,Essama,Roger,ro.essa.p1018@gmail.com,Master/Grande école,Fonctionnaire,145620,1,Essama,Yvette,yv.essa.m1018@gmail.com,Primaire,Agriculteur/Éleveur,57566,4,203186,1,0,Total
1019,1019,1,Lefebvre,Georges,ge.lefe.p1019@gmail.com,Licence,Cadre supérieur,716393,1,Lefebvre,Yvette,yv.lefe.m1019@gmail.com,Baccalauréat,Agriculteur/Éleveur,57648,5,774041,2,0,Total
1020,1020,1,Bello,Etienne,et.bell.p1020@gmail.com,Licence,Ouvrier/Artisan,54643,1,Nguema,Yvette,yv.ngue.m1020@gmail.com,BEPC/FSLC,Fonctionnaire,187245,3,241888,3,1,Partiel
1021,1021,1,Ndzana,Alphonse,al.ndza.p1021@gmail.com,Master/Grande école,Cadre moyen,344965,1,Okafor,Blandine,bl.okaf.m1021@gmail.com,BTS/DUT,Agriculteur/Éleveur,28081,5,373046,4,1,Aucun
1022,1022,0,Donfack,Marcel,ma.donf.p1022@gmail.com,Baccalauréat,Employé secteur informel,53075,1,Donfack,Rosalie,,Baccalauréat,Chef d'entreprise,1421620,6,1474695,2,0,Total
1023,1023,1,Lefebvre,Etienne,et.lefe.p1023@gmail.com,Primaire,Fonctionnaire,112829,1,Lefebvre,Adèle,ad.lefe.m1023@gmail.com,BEPC/FSLC,Employé secteur informel,85450,5,198279,2,0,Total
1024,1024,1,Issa,Théodore,th.issa.p1024@gmail.com,Licence,Cadre supérieur,479340,1,Essama,Madeleine,ma.essa.m1024@gmail.com,BEPC/FSLC,Cadre supérieur,428389,7,907729,2,1,Total
1025,1025,1,Atangana,Théodore,th.atan.p1025@gmail.com,BTS/DUT,Employé secteur informel,73758,1,Atangana,Cécile,,Licence,Cadre supérieur,432810,5,506568,2,1,Total
1026,1026,1,Etoundi,Charles,ch.etou.p1026@gmail.com,Licence,Cadre supérieur,631956,1,Etoundi,Yvette,,Licence,Chef d'entreprise,1639519,4,2271475,4,1,Partiel
1027,1027,1,Diallo,Félix,,Master/Grande école,Fonctionnaire,183903,1,Diallo,Thérèse,th.dial.m1027@gmail.com,BTS/DUT,Cadre moyen,180339,8,364242,3,0,Total
1028,1028,1,Issa,Etienne,et.issa.p1028@gmail.com,BTS/DUT,Sans emploi,5528,0,Medjo,Yvette,yv.medj.m1028@gmail.com,Aucun,Fonctionnaire,183315,4,188843,3,0,Partiel
1029,1029,1,Mvondo,Gérard,gé.mvon.p1029@gmail.com,Licence,Cadre supérieur,676887,1,Mvondo,Angèle,an.mvon.m1029@gmail.com,Doctorat,Cadre supérieur,578544,9,1255431,1,1,Total
1030,1030,1,Rodrigues,André,an.rodr.p1030@gmail.com,Master/Grande école,Employé secteur informel,95908,1,Rodrigues,Marie,ma.rodr.m1030@gmail.com,Licence,Employé secteur informel,81422,5,177330,1,0,Total
1031,1031,1,Issa,Roger,ro.issa.p1031@gmail.com,Baccalauréat,Agriculteur/Éleveur,34230,1,Issa,Jeanne,je.issa.m1031@gmail.com,Baccalauréat,Fonctionnaire,128766,8,162996,4,0,Total
1032,1032,1,Feudjio,Félix,fé.feud.p1032@gmail.com,Primaire,Cadre moyen,357442,1,Nguema,Suzanne,su.ngue.m1032@gmail.com,BTS/DUT,Fonctionnaire,186953,3,544395,2,0,Total
1033,1033,1,Mvondo,Emmanuel,em.mvon.p1033@gmail.com,Doctorat,Agriculteur/Éleveur,86895,1,Mvondo,Victoire,vi.mvon.m1033@gmail.com,Baccalauréat,Agriculteur/Éleveur,75212,3,162107,4,1,Partiel
1034,1034,0,Feudjio,Théodore,,Master/Grande école,Agriculteur/Éleveur,33693,1,Petit,Rosalie,ro.peti.m1034@gmail.com,BTS/DUT,Cadre supérieur,893852,3,927545,5,1,Aucun
1035,1035,1,Abomo,Hervé,he.abom.p1035@gmail.com,Primaire,Agriculteur/Éleveur,87371,1,Nguema,Adèle,ad.ngue.m1035@gmail.com,Licence,Cadre supérieur,671440,5,758811,1,0,Total
1036,1036,1,Diallo,Joseph,jo.dial.p1036@gmail.com,Baccalauréat,Employé secteur informel,69513,1,Diallo,Thérèse,th.dial.m1036@gmail.com,Primaire,Ouvrier/Artisan,81289,1,150802,2,0,Partiel
1037,1037,1,Vidal,Marcel,ma.vida.p1037@gmail.com,Licence,Ouvrier/Artisan,87015,1,Vidal,Brigitte,br.vida.m1037@gmail.com,Primaire,Fonctionnaire,92558,2,179573,5,1,Partiel
1038,1038,1,Richard,Hervé,he.rich.p1038@gmail.com,Licence,Cadre supérieur,705829,1,Richard,Angèle,an.rich.m1038@gmail.com,BTS/DUT,Cadre supérieur,602396,4,1308225,2,0,Total
1039,1039,1,Thomas,Hervé,he.thom.p1039@gmail.com,Baccalauréat,Agriculteur/Éleveur,56559,1,Haidara,Suzanne,,Baccalauréat,Cadre moyen,282940,9,339499,1,0,Aucun
1040,1040,1,Rodrigues,Pierre,pi.rodr.p1040@gmail.com,Primaire,Employé secteur informel,67629,1,Donfack,Yvette,yv.donf.m1040@gmail.com,Aucun,Cadre moyen,304676,6,372305,2,0,Total
1041,1041,1,Petit,Jean,je.peti.p1041@gmail.com,Primaire,Agriculteur/Éleveur,66578,1,Petit,Yvette,yv.peti.m1041@gmail.com,BEPC/FSLC,Employé secteur informel,47467,6,114045,5,0,Total
1042,1042,1,Penda,Alphonse,,Master/Grande école,Cadre supérieur,415854,0,Ndzana,Suzanne,su.ndza.m1042@gmail.com,Licence,Cadre supérieur,660037,3,1075891,4,0,Total
1043,1043,1,Abomo,Gérard,gé.abom.p1043@gmail.com,Baccalauréat,Fonctionnaire,106479,1,Abomo,Marie,ma.abom.m1043@gmail.com,Baccalauréat,Fonctionnaire,143584,7,250063,1,1,Total
1044,1044,1,Wamba,Gérard,gé.wamb.p1044@gmail.com,Licence,Agriculteur/Éleveur,54926,1,Martin,Rose,,Primaire,Ouvrier/Artisan,70124,5,125050,1,1,Total
1045,1045,0,Donfack,Victor,,Licence,Agriculteur/Éleveur,39811,1,Donfack,Brigitte,br.donf.m1045@gmail.com,Aucun,Sans emploi,33511,6,73322,3,0,Partiel
1046,1046,1,Okafor,Laurent,la.okaf.p1046@gmail.com,Master/Grande école,Chef d'entreprise,858835,1,Okafor,Blandine,bl.okaf.m1046@gmail.com,Licence,Cadre moyen,272782,5,1131617,1,0,Total
1047,1047,1,Wamba,André,an.wamb.p1047@gmail.com,Baccalauréat,Employé secteur informel,80335,1,Wamba,Yvette,yv.wamb.m1047@gmail.com,BTS/DUT,Employé secteur informel,87725,4,168060,3,0,Partiel
1048,1048,1,Tchamba,Roger,ro.tcha.p1048@gmail.com,Baccalauréat,Cadre moyen,337193,1,Tchamba,Victoire,vi.tcha.m1048@gmail.com,Licence,Sans emploi,18735,4,355928,4,0,Total
1049,1049,1,Manga,Armand,ar.mang.p1049@gmail.com,Baccalauréat,Employé secteur informel,47712,1,Etoundi,Martine,ma.etou.m1049@gmail.com,BTS/DUT,Ouvrier/Artisan,62122,4,109834,1,0,Aucun
1050,1050,1,Petit,Félix,fé.peti.p1050@gmail.com,Baccalauréat,Fonctionnaire,120826,1,Petit,Pauline,pa.peti.m1050@gmail.com,BEPC/FSLC,Fonctionnaire,132896,5,253722,2,0,Partiel
1051,1051,1,Thomas,Félix,fé.thom.p1051@gmail.com,BTS/DUT,Fonctionnaire,117656,1,Leroy,Marguerite,ma.lero.m1051@gmail.com,Licence,Fonctionnaire,105683,2,223339,5,0,Aucun
1052,1052,1,Atangana,Marcel,ma.atan.p1052@gmail.com,BTS/DUT,Agriculteur/Éleveur,83220,1,Rodrigues,Suzanne,su.rodr.m1052@gmail.com,Licence,Employé secteur informel,54357,6,137577,4,0,Total
1053,1053,1,Tchamba,Emmanuel,em.tcha.p1053@gmail.com,Licence,Fonctionnaire,153606,1,Tchamba,Colette,,Master/Grande école,Cadre moyen,330727,4,484333,3,0,Total
1054,1054,1,Thomas,Georges,,BTS/DUT,Fonctionnaire,200817,1,Atangana,Yvette,yv.atan.m1054@gmail.com,Baccalauréat,Chef d'entreprise,1558718,8,1759535,4,0,Total
1055,1055,1,Diallo,Albert,al.dial.p1055@gmail.com,Baccalauréat,Cadre moyen,314846,1,Ndzana,Madeleine,ma.ndza.m1055@gmail.com,Licence,Sans emploi,704,7,315550,4,0,Total
1056,1056,1,Dubois,Victor,vi.dubo.p1056@gmail.com,Licence,Employé secteur informel,68229,1,Richard,Christine,ch.rich.m1056@gmail.com,Licence,Cadre supérieur,840341,3,908570,3,1,Total
1057,1057,1,Petit,Laurent,,Baccalauréat,Employé secteur informel,62362,1,Diallo,Adèle,ad.dial.m1057@gmail.com,Baccalauréat,Cadre moyen,263284,6,325646,1,0,Total
1058,1058,1,Onana,André,an.onan.p1058@gmail.com,BEPC/FSLC,Cadre moyen,170517,1,Onana,Pauline,pa.onan.m1058@gmail.com,Baccalauréat,Cadre moyen,257632,5,428149,5,0,Total
1059,1059,1,Donfack,Théodore,th.donf.p1059@gmail.com,Licence,Employé secteur informel,81123,1,Dupont,Martine,ma.dupo.m1059@gmail.com,Baccalauréat,Employé secteur informel,37142,3,118265,1,0,Partiel
1060,1060,1,Camara,Armand,,BTS/DUT,Employé secteur informel,39610,1,Camara,Marguerite,ma.cama.m1060@gmail.com,Doctorat,Employé secteur informel,58159,5,97769,1,1,Total
1061,1061,1,Petit,Pierre,pi.peti.p1061@gmail.com,Master/Grande école,Cadre moyen,302085,1,Petit,Odette,od.peti.m1061@gmail.com,Doctorat,Cadre moyen,242723,5,544808,2,0,Total
1062,1062,0,Samba,Alphonse,al.samb.p1062@gmail.com,Baccalauréat,Employé secteur informel,84517,1,Samba,Blandine,bl.samb.m1062@gmail.com,Aucun,Sans emploi,3393,3,87910,1,1,Total
1063,1063,1,Mbouck,André,an.mbou.p1063@gmail.com,Licence,Fonctionnaire,201632,1,Simon,Pauline,pa.simo.m1063@gmail.com,Baccalauréat,Cadre supérieur,748885,7,950517,5,0,Total
1064,1064,1,Ebene,Charles,ch.eben.p1064@gmail.com,BTS/DUT,Employé secteur informel,46821,1,Bernard,Hélène,hé.bern.m1064@gmail.com,Baccalauréat,Cadre moyen,224969,5,271790,5,0,Aucun
1065,1065,1,Moreau,Pierre,pi.more.p1065@gmail.com,Baccalauréat,Cadre moyen,232766,1,Moreau,Madeleine,ma.more.m1065@gmail.com,BTS/DUT,Employé secteur informel,41499,5,274265,1,0,Aucun
1066,1066,1,Dupont,Laurent,la.dupo.p1066@gmail.com,BEPC/FSLC,Cadre moyen,396499,1,Dupont,Cécile,cé.dupo.m1066@gmail.com,Primaire,Employé secteur informel,61401,5,457900,2,0,Partiel
1067,1067,0,Michel,Théodore,th.mich.p1067@gmail.com,BEPC/FSLC,Fonctionnaire,178129,1,Michel,Victoire,,Primaire,Fonctionnaire,173060,6,351189,4,1,Partiel
1068,1068,1,Etoundi,Emmanuel,,BTS/DUT,Employé secteur informel,68840,1,Etoundi,Marguerite,ma.etou.m1068@gmail.com,BEPC/FSLC,Fonctionnaire,107023,3,175863,4,0,Total
1069,1069,1,Penda,Georges,ge.pend.p1069@gmail.com,Licence,Fonctionnaire,155295,1,Penda,Suzanne,su.pend.m1069@gmail.com,Master/Grande école,Cadre moyen,221604,4,376899,1,0,Total
1070,1070,1,Tchio,Gérard,gé.tchi.p1070@gmail.com,Primaire,Sans emploi,18768,1,Tchio,Suzanne,su.tchi.m1070@gmail.com,Primaire,Agriculteur/Éleveur,78951,6,97719,4,1,Partiel
1071,1071,0,Richard,Clément,cl.rich.p1071@gmail.com,Primaire,Employé secteur informel,66676,1,Dupont,Brigitte,br.dupo.m1071@gmail.com,BEPC/FSLC,Agriculteur/Éleveur,76291,2,142967,4,0,Partiel
1072,1072,1,Essama,Marcel,ma.essa.p1072@gmail.com,BEPC/FSLC,Cadre moyen,335782,1,Essama,Suzanne,su.essa.m1072@gmail.com,Baccalauréat,Agriculteur/Éleveur,86048,3,421830,1,0,Partiel
1073,1073,1,Bouchard,Charles,,Aucun,Employé secteur informel,86379,1,Bouchard,Marie,,Licence,Employé secteur informel,50921,2,137300,2,0,Total
1074,1074,1,Bello,Patrice,pa.bell.p1074@gmail.com,Baccalauréat,Employé secteur informel,80612,1,Dubois,Angèle,an.dubo.m1074@gmail.com,BEPC/FSLC,Chef d'entreprise,936499,7,1017111,5,0,Total
1075,1075,1,Lobe,Marcel,ma.lobe.p1075@gmail.com,Baccalauréat,Cadre supérieur,825914,1,Lobe,Thérèse,th.lobe.m1075@gmail.com,BTS/DUT,Chef d'entreprise,1782528,1,2608442,1,0,Total
1076,1076,1,Biyong,Emmanuel,em.biyo.p1076@gmail.com,BEPC/FSLC,Employé secteur informel,97311,1,Biyong,Jeanne,je.biyo.m1076@gmail.com,BTS/DUT,Employé secteur informel,66298,5,163609,3,0,Partiel
1077,1077,1,Essama,Etienne,,Licence,Chef d'entreprise,352150,1,Essama,Pauline,pa.essa.m1077@gmail.com,BTS/DUT,Fonctionnaire,138776,4,490926,4,0,Total
1078,1078,1,Nkeng,Armand,ar.nken.p1078@gmail.com,Baccalauréat,Cadre moyen,289416,1,Nkeng,Victoire,vi.nken.m1078@gmail.com,Baccalauréat,Ouvrier/Artisan,76246,4,365662,1,0,Total
1079,1079,1,Jourdain,Laurent,la.jour.p1079@gmail.com,Licence,Cadre moyen,244907,1,Jourdain,Angèle,an.jour.m1079@gmail.com,BEPC/FSLC,Sans emploi,10765,6,255672,3,0,Total
1080,1080,1,Manga,Laurent,la.mang.p1080@gmail.com,Licence,Employé secteur informel,90879,1,Martin,Jeanne,je.mart.m1080@gmail.com,Licence,Cadre moyen,335684,8,426563,4,1,Partiel
1081,1081,1,Lefebvre,Félix,fé.lefe.p1081@gmail.com,Primaire,Fonctionnaire,211220,1,Dubois,Jeanne,je.dubo.m1081@gmail.com,BEPC/FSLC,Agriculteur/Éleveur,43430,5,254650,3,0,Partiel
1082,1082,1,Ndzana,Pierre,pi.ndza.p1082@gmail.com,BEPC/FSLC,Cadre moyen,341641,0,Onana,Blandine,bl.onan.m1082@gmail.com,BTS/DUT,Fonctionnaire,135850,3,477491,3,0,Partiel
1083,1083,1,Feudjio,Patrice,pa.feud.p1083@gmail.com,Baccalauréat,Cadre moyen,276832,1,Camara,Colette,co.cama.m1083@gmail.com,Primaire,Cadre supérieur,739302,9,1016134,3,0,Total
1084,1084,1,Okafor,Emmanuel,em.okaf.p1084@gmail.com,Licence,Employé secteur informel,65837,1,Okafor,Victoire,vi.okaf.m1084@gmail.com,BEPC/FSLC,Sans emploi,16877,3,82714,1,1,Partiel
1085,1085,1,Lefebvre,Pierre,pi.lefe.p1085@gmail.com,Licence,Fonctionnaire,130113,1,Lefebvre,Cécile,cé.lefe.m1085@gmail.com,Licence,Chef d'entreprise,896355,3,1026468,3,0,Total
1086,1086,1,Vidal,Jean,je.vida.p1086@gmail.com,Baccalauréat,Agriculteur/Éleveur,78401,1,Haidara,Yvette,yv.haid.m1086@gmail.com,BTS/DUT,Cadre supérieur,525606,6,604007,1,0,Total
1087,1087,1,Manga,Pierre,pi.mang.p1087@gmail.com,BEPC/FSLC,Agriculteur/Éleveur,32267,1,Manga,Thérèse,th.mang.m1087@gmail.com,Baccalauréat,Agriculteur/Éleveur,56593,4,88860,2,0,Partiel
1088,1088,1,Etoundi,Clément,cl.etou.p1088@gmail.com,BTS/DUT,Employé secteur informel,61708,1,Etoundi,Angèle,an.etou.m1088@gmail.com,BEPC/FSLC,Fonctionnaire,172009,4,233717,2,0,Partiel
1089,1089,1,Martin,Joseph,jo.mart.p1089@gmail.com,BEPC/FSLC,Fonctionnaire,126780,1,Martin,Marie,ma.mart.m1089@gmail.com,Licence,Ouvrier/Artisan,109255,5,236035,1,1,Partiel
1090,1090,1,Rodrigues,Alphonse,al.rodr.p1090@gmail.com,Baccalauréat,Cadre supérieur,423225,1,Tchamba,Jeanne,je.tcha.m1090@gmail.com,Licence,Chef d'entreprise,296397,8,719622,3,1,Partiel
1091,1091,1,Feudjio,Théodore,th.feud.p1091@gmail.com,Primaire,Fonctionnaire,208957,1,Jourdain,Suzanne,su.jour.m1091@gmail.com,BEPC/FSLC,Employé secteur informel,36498,4,245455,5,0,Total
1092,1092,0,Kamga,Henri,he.kamg.p1092@gmail.com,Baccalauréat,Employé secteur informel,52927,1,Kamga,Blandine,bl.kamg.m1092@gmail.com,Baccalauréat,Employé secteur informel,49757,2,102684,4,0,Partiel
1093,1093,1,Camara,Alphonse,al.cama.p1093@gmail.com,Primaire,Cadre moyen,234030,1,Camara,Colette,co.cama.m1093@gmail.com,Baccalauréat,Agriculteur/Éleveur,73155,7,307185,3,0,Partiel
1094,1094,1,Mvondo,Marcel,ma.mvon.p1094@gmail.com,Primaire,Cadre supérieur,859961,1,Onana,Rose,ro.onan.m1094@gmail.com,BEPC/FSLC,Fonctionnaire,207086,4,1067047,2,1,Aucun
1095,1095,0,Foko,Georges,ge.foko.p1095@gmail.com,Primaire,Sans emploi,22541,1,Donfack,Adèle,ad.donf.m1095@gmail.com,Baccalauréat,Fonctionnaire,135926,4,158467,4,0,Partiel
1096,1096,1,Etoundi,Gérard,,Licence,Fonctionnaire,170985,1,Etoundi,Cécile,cé.etou.m1096@gmail.com,BTS/DUT,Employé secteur informel,61574,8,232559,1,1,Total
1097,1097,1,Foko,Laurent,la.foko.p1097@gmail.com,Baccalauréat,Fonctionnaire,122976,0,Nguema,Colette,co.ngue.m1097@gmail.com,BTS/DUT,Ouvrier/Artisan,53093,2,176069,4,1,Partiel
1098,1098,0,Dupont,Alphonse,al.dupo.p1098@gmail.com,Master/Grande école,Agriculteur/Éleveur,34320,1,Dupont,Suzanne,su.dupo.m1098@gmail.com,Licence,Fonctionnaire,114229,6,148549,4,0,Total
1099,1099,0,Michel,Pierre,pi.mich.p1099@gmail.com,BEPC/FSLC,Sans emploi,6617,1,Abomo,Brigitte,,Baccalauréat,Employé secteur informel,79620,5,86237,1,0,Total
1100,1100,1,Foko,Clément,cl.foko.p1100@gmail.com,BTS/DUT,Fonctionnaire,193663,1,Robert,Victoire,,Baccalauréat,Cadre moyen,193798,3,387461,3,0,Total
1101,1101,1,Mbouck,Jean,je.mbou.p1101@gmail.com,Master/Grande école,Ouvrier/Artisan,72380,1,Mbouck,Cécile,cé.mbou.m1101@gmail.com,Primaire,Employé secteur informel,54539,1,126919,5,1,Total
1102,1102,0,Petit,Georges,ge.peti.p1102@gmail.com,BTS/DUT,Employé secteur informel,67087,1,Petit,Christine,ch.peti.m1102@gmail.com,BTS/DUT,Fonctionnaire,140916,4,208003,3,0,Partiel
1103,1103,1,Okafor,Henri,he.okaf.p1103@gmail.com,Baccalauréat,Employé secteur informel,80845,1,Simon,Odette,od.simo.m1103@gmail.com,BTS/DUT,Agriculteur/Éleveur,47783,3,128628,2,1,Total
1104,1104,1,Foko,Georges,ge.foko.p1104@gmail.com,BEPC/FSLC,Employé secteur informel,85236,0,Bouchard,Madeleine,ma.bouc.m1104@gmail.com,BTS/DUT,Sans emploi,25250,8,110486,5,0,Total
1105,1105,0,Zobel,Victor,vi.zobe.p1105@gmail.com,Aucun,Employé secteur informel,87518,1,Zobel,Suzanne,su.zobe.m1105@gmail.com,BTS/DUT,Fonctionnaire,114694,7,202212,2,0,Total
1106,1106,1,Robert,Théodore,th.robe.p1106@gmail.com,BEPC/FSLC,Fonctionnaire,207712,1,Robert,Pauline,pa.robe.m1106@gmail.com,Licence,Sans emploi,13412,5,221124,4,0,Partiel
1107,1107,1,Garcia,Paul,pa.garc.p1107@gmail.com,Licence,Ouvrier/Artisan,76026,1,Moreau,Victoire,vi.more.m1107@gmail.com,BTS/DUT,Agriculteur/Éleveur,27741,6,103767,2,1,Total
1108,1108,1,Atangana,Joseph,jo.atan.p1108@gmail.com,Doctorat,Cadre supérieur,587081,1,Atangana,Odette,od.atan.m1108@gmail.com,Licence,Cadre moyen,227462,2,814543,3,0,Total
1109,1109,1,Zobel,Théodore,th.zobe.p1109@gmail.com,BTS/DUT,Cadre supérieur,431791,1,Zobel,Colette,co.zobe.m1109@gmail.com,BTS/DUT,Fonctionnaire,157377,6,589168,3,1,Total
1110,1110,1,Ebene,Albert,al.eben.p1110@gmail.com,BEPC/FSLC,Agriculteur/Éleveur,29324,1,Lobe,Martine,ma.lobe.m1110@gmail.com,Baccalauréat,Cadre moyen,340040,1,369364,4,0,Partiel
1111,1111,0,Tchamba,Charles,ch.tcha.p1111@gmail.com,Master/Grande école,Fonctionnaire,91678,1,Tchamba,Martine,ma.tcha.m1111@gmail.com,Baccalauréat,Sans emploi,22328,5,114006,3,1,Total
1112,1112,1,Etoundi,Paul,pa.etou.p1112@gmail.com,Licence,Cadre supérieur,490088,1,Etoundi,Cécile,cé.etou.m1112@gmail.com,Doctorat,Chef d'entreprise,1680613,5,2170701,5,0,Total
1113,1113,1,Bello,Etienne,et.bell.p1113@gmail.com,BTS/DUT,Agriculteur/Éleveur,69129,1,Bello,Rose,ro.bell.m1113@gmail.com,Primaire,Cadre moyen,182782,4,251911,4,0,Aucun
1114,1114,1,Donfack,Marcel,ma.donf.p1114@gmail.com,BTS/DUT,Fonctionnaire,186029,1,Donfack,Rose,ro.donf.m1114@gmail.com,Licence,Fonctionnaire,169120,9,355149,2,1,Total
1115,1115,1,Penda,André,,Primaire,Agriculteur/Éleveur,64075,1,Nguema,Rose,,BEPC/FSLC,Agriculteur/Éleveur,28166,5,92241,5,0,Total
1116,1116,1,Ndzana,Emmanuel,em.ndza.p1116@gmail.com,Primaire,Chef d'entreprise,561023,1,Ndzana,Adèle,ad.ndza.m1116@gmail.com,Licence,Employé secteur informel,52688,3,613711,4,0,Total
1117,1117,1,Nguema,Marcel,ma.ngue.p1117@gmail.com,Doctorat,Fonctionnaire,188115,1,Nguema,Martine,ma.ngue.m1117@gmail.com,Primaire,Cadre moyen,311987,2,500102,5,0,Total
1118,1118,0,Atangana,Alphonse,al.atan.p1118@gmail.com,BTS/DUT,Employé secteur informel,74353,1,Atangana,Madeleine,ma.atan.m1118@gmail.com,BEPC/FSLC,Agriculteur/Éleveur,63574,4,137927,1,1,Total
1119,1119,1,Biyong,Alphonse,,BTS/DUT,Cadre supérieur,835525,1,Rodrigues,Brigitte,br.rodr.m1119@gmail.com,Licence,Cadre supérieur,850637,5,1686162,5,0,Total
1120,1120,0,Medjo,Paul,pa.medj.p1120@gmail.com,Baccalauréat,Fonctionnaire,148225,1,Medjo,Rosalie,ro.medj.m1120@gmail.com,Baccalauréat,Cadre moyen,331861,8,480086,5,0,Total
1121,1121,0,Garcia,Théodore,th.garc.p1121@gmail.com,Licence,Cadre moyen,268291,0,Diallo,Hélène,hé.dial.m1121@gmail.com,BEPC/FSLC,Chef d'entreprise,1107019,8,1375310,4,0,Total
1122,1122,1,Issa,Clément,cl.issa.p1122@gmail.com,Licence,Employé secteur informel,80721,1,Issa,Rosalie,ro.issa.m1122@gmail.com,Baccalauréat,Cadre moyen,351681,3,432402,5,0,Total
1123,1123,0,Ndzana,Albert,al.ndza.p1123@gmail.com,BTS/DUT,Sans emploi,28594,1,Ndzana,Suzanne,su.ndza.m1123@gmail.com,BEPC/FSLC,Fonctionnaire,215194,4,243788,5,0,Partiel
1124,1124,1,Etoundi,Joseph,jo.etou.p1124@gmail.com,Primaire,Chef d'entreprise,541795,1,Etoundi,Rosalie,ro.etou.m1124@gmail.com,Licence,Employé secteur informel,53181,4,594976,1,1,Total
1125,1125,1,Vidal,Armand,ar.vida.p1125@gmail.com,Licence,Fonctionnaire,215309,1,Vidal,Angèle,an.vida.m1125@gmail.com,BEPC/FSLC,Employé secteur informel,93517,5,308826,1,0,Total
1126,1126,1,Toure,Jean,je.tour.p1126@gmail.com,BEPC/FSLC,Ouvrier/Artisan,74198,1,Martin,Rosalie,ro.mart.m1126@gmail.com,Baccalauréat,Sans emploi,27139,6,101337,3,0,Total
1127,1127,1,Lobe,Félix,fé.lobe.p1127@gmail.com,Primaire,Agriculteur/Éleveur,71910,1,Lobe,Marguerite,ma.lobe.m1127@gmail.com,BEPC/FSLC,Fonctionnaire,207056,4,278966,3,0,Partiel
1128,1128,1,Lobe,Roger,ro.lobe.p1128@gmail.com,Baccalauréat,Chef d'entreprise,527799,1,Lobe,Madeleine,,Licence,Employé secteur informel,53236,4,581035,4,0,Partiel
1129,1129,1,Ebene,Paul,pa.eben.p1129@gmail.com,Baccalauréat,Chef d'entreprise,1707136,1,Ebene,Julienne,ju.eben.m1129@gmail.com,Licence,Employé secteur informel,84559,5,1791695,3,0,Total
1130,1130,1,Onana,Henri,he.onan.p1130@gmail.com,Primaire,Agriculteur/Éleveur,59703,1,Feudjio,Cécile,cé.feud.m1130@gmail.com,BEPC/FSLC,Agriculteur/Éleveur,27283,4,86986,4,0,Total
1131,1131,1,Samba,Roger,ro.samb.p1131@gmail.com,Master/Grande école,Cadre moyen,383926,1,Samba,Pauline,pa.samb.m1131@gmail.com,BTS/DUT,Agriculteur/Éleveur,36521,3,420447,5,1,Partiel
1132,1132,1,Bello,Pierre,pi.bell.p1132@gmail.com,BEPC/FSLC,Agriculteur/Éleveur,54506,1,Essama,Adèle,ad.essa.m1132@gmail.com,Master/Grande école,Ouvrier/Artisan,94212,5,148718,3,0,Total
1133,1133,1,Michel,Pierre,pi.mich.p1133@gmail.com,BEPC/FSLC,Fonctionnaire,174833,1,Wamba,Adèle,ad.wamb.m1133@gmail.com,Baccalauréat,Cadre moyen,286245,5,461078,1,0,Total
1134,1134,1,Feudjio,Emmanuel,em.feud.p1134@gmail.com,BTS/DUT,Employé secteur informel,78251,1,Toure,Jeanne,je.tour.m1134@gmail.com,BTS/DUT,Agriculteur/Éleveur,88125,4,166376,1,0,Total
1135,1135,1,Essama,Paul,pa.essa.p1135@gmail.com,Baccalauréat,Cadre moyen,262471,1,Essama,Rose,ro.essa.m1135@gmail.com,BEPC/FSLC,Cadre moyen,242036,9,504507,2,0,Total
1136,1136,0,Atangana,Charles,ch.atan.p1136@gmail.com,Baccalauréat,Employé secteur informel,45343,1,Foko,Rose,ro.foko.m1136@gmail.com,Baccalauréat,Employé secteur informel,37267,4,82610,5,0,Partiel
1137,1137,1,Foko,Jean,je.foko.p1137@gmail.com,Licence,Agriculteur/Éleveur,32211,1,Richard,Adèle,ad.rich.m1137@gmail.com,Baccalauréat,Cadre moyen,194974,5,227185,5,1,Total
1138,1138,1,Moreau,Albert,al.more.p1138@gmail.com,Baccalauréat,Fonctionnaire,104307,1,Moreau,Rose,ro.more.m1138@gmail.com,Primaire,Employé secteur informel,52667,2,156974,5,0,Total
1139,1139,0,Michel,Henri,he.mich.p1139@gmail.com,Baccalauréat,Ouvrier/Artisan,63361,1,Michel,Odette,od.mich.m1139@gmail.com,Baccalauréat,Agriculteur/Éleveur,82083,2,145444,5,0,Total
1140,1140,1,Bello,Pierre,pi.bell.p1140@gmail.com,Licence,Cadre supérieur,588449,1,Nguema,Hélène,hé.ngue.m1140@gmail.com,Baccalauréat,Agriculteur/Éleveur,80511,3,668960,3,0,Total
1141,1141,1,Essama,Charles,ch.essa.p1141@gmail.com,Primaire,Employé secteur informel,57233,1,Mvondo,Rose,ro.mvon.m1141@gmail.com,Doctorat,Fonctionnaire,120474,4,177707,5,0,Partiel
1142,1142,1,Rodrigues,Félix,fé.rodr.p1142@gmail.com,BTS/DUT,Cadre supérieur,386168,0,Feudjio,Brigitte,br.feud.m1142@gmail.com,Master/Grande école,Cadre moyen,399029,5,785197,2,0,Partiel
1143,1143,1,Mbarga,Gérard,gé.mbar.p1143@gmail.com,Primaire,Employé secteur informel,82815,1,Robert,Brigitte,br.robe.m1143@gmail.com,Primaire,Ouvrier/Artisan,93914,7,176729,4,0,Total
1144,1144,1,Tchio,Gérard,gé.tchi.p1144@gmail.com,Licence,Cadre supérieur,649707,1,Camara,Thérèse,th.cama.m1144@gmail.com,Licence,Employé secteur informel,97742,5,747449,5,0,Total
1145,1145,1,Umba,Gérard,gé.umba.p1145@gmail.com,Primaire,Cadre supérieur,406189,1,Thomas,Christine,ch.thom.m1145@gmail.com,Baccalauréat,Cadre supérieur,410415,1,816604,1,0,Partiel
1146,1146,1,Nkeng,Clément,cl.nken.p1146@gmail.com,BEPC/FSLC,Cadre moyen,308744,1,Nkeng,Angèle,an.nken.m1146@gmail.com,Master/Grande école,Fonctionnaire,161387,9,470131,1,0,Partiel
1147,1147,1,Umba,Clément,cl.umba.p1147@gmail.com,BEPC/FSLC,Agriculteur/Éleveur,31154,0,Garcia,Cécile,cé.garc.m1147@gmail.com,Primaire,Ouvrier/Artisan,55466,6,86620,5,1,Partiel
1148,1148,1,Gomis,Clément,cl.gomi.p1148@gmail.com,BTS/DUT,Ouvrier/Artisan,105231,0,Gomis,Odette,od.gomi.m1148@gmail.com,Baccalauréat,Agriculteur/Éleveur,60955,6,166186,5,0,Total
1149,1149,1,Yanga,Félix,fé.yang.p1149@gmail.com,BEPC/FSLC,Ouvrier/Artisan,101667,1,Yanga,Hélène,hé.yang.m1149@gmail.com,BEPC/FSLC,Ouvrier/Artisan,83759,4,185426,4,0,Partiel
1150,1150,1,Simon,Paul,pa.simo.p1150@gmail.com,Baccalauréat,Employé secteur informel,71279,1,Wamba,Christine,,Primaire,Agriculteur/Éleveur,54678,6,125957,5,1,Total
1151,1151,1,Onana,Joseph,jo.onan.p1151@gmail.com,Baccalauréat,Fonctionnaire,201462,1,Tchamba,Julienne,ju.tcha.m1151@gmail.com,Doctorat,Employé secteur informel,62983,3,264445,1,0,Aucun
1152,1152,1,Mbouck,Félix,fé.mbou.p1152@gmail.com,BTS/DUT,Agriculteur/Éleveur,73032,1,Mbouck,Rosalie,ro.mbou.m1152@gmail.com,BTS/DUT,Cadre supérieur,737347,5,810379,5,0,Partiel
1153,1153,0,Tchamba,André,an.tcha.p1153@gmail.com,Baccalauréat,Agriculteur/Éleveur,44860,1,Moreau,Adèle,ad.more.m1153@gmail.com,Master/Grande école,Ouvrier/Artisan,77502,6,122362,3,0,Partiel
1154,1154,0,Yanga,Pierre,pi.yang.p1154@gmail.com,Licence,Cadre supérieur,382539,1,Yanga,Colette,co.yang.m1154@gmail.com,BTS/DUT,Cadre supérieur,567857,9,950396,2,0,Aucun
1155,1155,1,Umba,Victor,vi.umba.p1155@gmail.com,Primaire,Agriculteur/Éleveur,64109,1,Umba,Yvette,yv.umba.m1155@gmail.com,BEPC/FSLC,Sans emploi,17408,7,81517,5,0,Partiel
1156,1156,1,Biyong,Alphonse,al.biyo.p1156@gmail.com,Baccalauréat,Cadre moyen,218369,1,Biyong,Odette,,Baccalauréat,Cadre supérieur,590366,3,808735,1,1,Total
1157,1157,1,Biyong,Albert,,BEPC/FSLC,Agriculteur/Éleveur,34449,1,Moreau,Suzanne,su.more.m1157@gmail.com,Baccalauréat,Sans emploi,31384,2,65833,2,0,Total
1158,1158,1,Feudjio,Charles,ch.feud.p1158@gmail.com,BEPC/FSLC,Cadre moyen,330215,1,Mbouck,Marie,ma.mbou.m1158@gmail.com,BTS/DUT,Cadre moyen,210542,4,540757,2,0,Total
1159,1159,0,Garcia,Etienne,,Licence,Sans emploi,14356,1,Simon,Martine,ma.simo.m1159@gmail.com,BTS/DUT,Fonctionnaire,141970,7,156326,2,0,Partiel
1160,1160,1,Gomis,Henri,,Licence,Employé secteur informel,39289,1,Gomis,Julienne,,BTS/DUT,Employé secteur informel,71094,2,110383,1,0,Aucun
1161,1161,1,Ndzana,Félix,fé.ndza.p1161@gmail.com,BTS/DUT,Ouvrier/Artisan,91259,1,Zobel,Jeanne,je.zobe.m1161@gmail.com,BTS/DUT,Fonctionnaire,92958,4,184217,5,0,Partiel
1162,1162,1,Vidal,André,an.vida.p1162@gmail.com,BTS/DUT,Fonctionnaire,137137,1,Vidal,Suzanne,su.vida.m1162@gmail.com,BTS/DUT,Employé secteur informel,69689,5,206826,2,1,Total
1163,1163,1,Medjo,Alphonse,al.medj.p1163@gmail.com,Doctorat,Cadre supérieur,579731,1,Medjo,Julienne,ju.medj.m1163@gmail.com,BTS/DUT,Cadre moyen,239622,8,819353,4,0,Total
1164,1164,1,Bello,Gérard,gé.bell.p1164@gmail.com,Baccalauréat,Cadre moyen,240156,1,Donfack,Pauline,pa.donf.m1164@gmail.com,Master/Grande école,Fonctionnaire,108081,6,348237,4,0,Total
1165,1165,1,Issa,André,an.issa.p1165@gmail.com,Baccalauréat,Cadre supérieur,523737,1,Issa,Marguerite,ma.issa.m1165@gmail.com,Licence,Cadre moyen,311440,2,835177,4,0,Total
1166,1166,1,Nkeng,Paul,pa.nken.p1166@gmail.com,BEPC/FSLC,Cadre supérieur,531295,1,Bouchard,Suzanne,su.bouc.m1166@gmail.com,BTS/DUT,Chef d'entreprise,1266956,7,1798251,2,0,Partiel
1167,1167,1,Donfack,Patrice,pa.donf.p1167@gmail.com,Aucun,Sans emploi,20046,1,Essama,Marguerite,ma.essa.m1167@gmail.com,BTS/DUT,Employé secteur informel,56223,2,76269,4,0,Partiel
1168,1168,1,Thomas,Félix,fé.thom.p1168@gmail.com,Primaire,Fonctionnaire,113500,1,Penda,Thérèse,th.pend.m1168@gmail.com,Baccalauréat,Cadre moyen,276210,3,389710,3,0,Aucun
1169,1169,1,Wamba,Clément,cl.wamb.p1169@gmail.com,BEPC/FSLC,Employé secteur informel,58864,1,Rodrigues,Blandine,bl.rodr.m1169@gmail.com,Primaire,Employé secteur informel,39728,3,98592,2,0,Total
1170,1170,1,Mvondo,Paul,pa.mvon.p1170@gmail.com,Baccalauréat,Fonctionnaire,123221,0,Jourdain,Rosalie,ro.jour.m1170@gmail.com,BEPC/FSLC,Employé secteur informel,96385,7,219606,3,0,Total
1171,1171,1,Martin,Clément,cl.mart.p1171@gmail.com,Licence,Agriculteur/Éleveur,59759,1,Richard,Victoire,vi.rich.m1171@gmail.com,BEPC/FSLC,Fonctionnaire,202777,2,262536,4,0,Aucun
1172,1172,1,Toure,Hervé,he.tour.p1172@gmail.com,Baccalauréat,Fonctionnaire,191258,1,Toure,Cécile,cé.tour.m1172@gmail.com,Primaire,Agriculteur/Éleveur,25360,1,216618,3,0,Partiel
1173,1173,1,Issa,Alphonse,,Master/Grande école,Agriculteur/Éleveur,80367,1,Issa,Rose,ro.issa.m1173@gmail.com,BTS/DUT,Ouvrier/Artisan,89924,5,170291,4,0,Partiel
1174,1174,1,Moreau,Paul,pa.more.p1174@gmail.com,Baccalauréat,Cadre supérieur,647654,1,Moreau,Yvette,yv.more.m1174@gmail.com,Primaire,Ouvrier/Artisan,69251,5,716905,3,0,Partiel
1175,1175,1,Okafor,Jean,je.okaf.p1175@gmail.com,Licence,Employé secteur informel,38890,1,Vidal,Cécile,cé.vida.m1175@gmail.com,Baccalauréat,Cadre supérieur,591693,2,630583,5,0,Total
1176,1176,1,Garcia,Albert,al.garc.p1176@gmail.com,BTS/DUT,Cadre moyen,363657,1,Garcia,Victoire,vi.garc.m1176@gmail.com,Baccalauréat,Fonctionnaire,133327,1,496984,4,0,Total
1177,1177,1,Moreau,Victor,,Licence,Employé secteur informel,37158,1,Moreau,Pauline,pa.more.m1177@gmail.com,BEPC/FSLC,Ouvrier/Artisan,47480,5,84638,2,0,Partiel
1178,1178,0,Diallo,Henri,,Baccalauréat,Agriculteur/Éleveur,41200,1,Diallo,Brigitte,br.dial.m1178@gmail.com,Baccalauréat,Employé secteur informel,99735,6,140935,2,0,Partiel
1179,1179,1,Nguema,Georges,ge.ngue.p1179@gmail.com,Licence,Fonctionnaire,133317,1,Nguema,Thérèse,th.ngue.m1179@gmail.com,Baccalauréat,Fonctionnaire,126954,6,260271,1,0,Aucun
1180,1180,1,Issa,Emmanuel,,BEPC/FSLC,Fonctionnaire,181680,1,Essama,Pauline,pa.essa.m1180@gmail.com,BEPC/FSLC,Fonctionnaire,193871,5,375551,3,0,Partiel
1181,1181,1,Haidara,Albert,al.haid.p1181@gmail.com,BEPC/FSLC,Agriculteur/Éleveur,83553,1,Umba,Angèle,an.umba.m1181@gmail.com,Baccalauréat,Ouvrier/Artisan,46300,6,129853,5,0,Total
1182,1182,1,Bernard,Clément,cl.bern.p1182@gmail.com,Baccalauréat,Fonctionnaire,180114,1,Bernard,Suzanne,su.bern.m1182@gmail.com,BTS/DUT,Employé secteur informel,36631,5,216745,5,0,Total
1183,1183,1,Martin,Joseph,jo.mart.p1183@gmail.com,Licence,Cadre moyen,383067,1,Richard,Rosalie,ro.rich.m1183@gmail.com,Licence,Chef d'entreprise,265137,6,648204,1,0,Partiel
1184,1184,1,Petit,Emmanuel,,Aucun,Cadre moyen,270911,1,Petit,Madeleine,ma.peti.m1184@gmail.com,Master/Grande école,Agriculteur/Éleveur,67086,4,337997,5,0,Total
1185,1185,1,Essama,Henri,he.essa.p1185@gmail.com,Baccalauréat,Employé secteur informel,67852,1,Essama,Thérèse,th.essa.m1185@gmail.com,Doctorat,Employé secteur informel,56411,6,124263,3,0,Total
1186,1186,0,Leroy,Laurent,la.lero.p1186@gmail.com,Licence,Employé secteur informel,82087,1,Leroy,Martine,ma.lero.m1186@gmail.com,Primaire,Cadre moyen,358119,4,440206,4,0,Partiel
1187,1187,1,Dubois,Théodore,,Master/Grande école,Agriculteur/Éleveur,65545,1,Dubois,Marguerite,ma.dubo.m1187@gmail.com,BEPC/FSLC,Fonctionnaire,187528,2,253073,4,0,Aucun
1188,1188,1,Kamga,Emmanuel,em.kamg.p1188@gmail.com,Baccalauréat,Ouvrier/Artisan,92700,1,Kamga,Brigitte,br.kamg.m1188@gmail.com,Doctorat,Cadre moyen,217980,5,310680,2,0,Total
1189,1189,1,Mbarga,Henri,he.mbar.p1189@gmail.com,Doctorat,Ouvrier/Artisan,96036,1,Wamba,Cécile,cé.wamb.m1189@gmail.com,Primaire,Employé secteur informel,53406,8,149442,3,0,Total
1190,1190,1,Foko,Charles,ch.foko.p1190@gmail.com,Baccalauréat,Cadre moyen,351026,1,Leroy,Cécile,cé.lero.m1190@gmail.com,Aucun,Sans emploi,17158,4,368184,4,0,Partiel
1191,1191,1,Ndzana,Henri,he.ndza.p1191@gmail.com,Licence,Employé secteur informel,73481,1,Mbarga,Cécile,cé.mbar.m1191@gmail.com,BEPC/FSLC,Sans emploi,12036,8,85517,1,0,Partiel
1192,1192,1,Umba,Henri,he.umba.p1192@gmail.com,BTS/DUT,Fonctionnaire,209164,1,Umba,Blandine,bl.umba.m1192@gmail.com,BEPC/FSLC,Employé secteur informel,88260,8,297424,3,0,Aucun
1193,1193,0,Foko,Victor,vi.foko.p1193@gmail.com,Licence,Fonctionnaire,127811,1,Dupont,Adèle,ad.dupo.m1193@gmail.com,Baccalauréat,Employé secteur informel,62035,6,189846,2,0,Partiel
1194,1194,1,Vidal,Henri,,Baccalauréat,Employé secteur informel,60217,1,Vidal,Hélène,hé.vida.m1194@gmail.com,Baccalauréat,Fonctionnaire,184709,4,244926,1,0,Total
1195,1195,1,Leroy,Albert,al.lero.p1195@gmail.com,BEPC/FSLC,Ouvrier/Artisan,50973,0,Leroy,Angèle,an.lero.m1195@gmail.com,Master/Grande école,Agriculteur/Éleveur,74289,7,125262,4,0,Total
1196,1196,1,Lobe,Félix,fé.lobe.p1196@gmail.com,Aucun,Agriculteur/Éleveur,62381,1,Bernard,Brigitte,br.bern.m1196@gmail.com,Master/Grande école,Ouvrier/Artisan,78873,6,141254,1,0,Partiel
1197,1197,1,Issa,Henri,he.issa.p1197@gmail.com,BTS/DUT,Agriculteur/Éleveur,81603,1,Issa,Angèle,an.issa.m1197@gmail.com,BEPC/FSLC,Ouvrier/Artisan,55473,6,137076,3,0,Partiel
1198,1198,1,Gomis,Laurent,la.gomi.p1198@gmail.com,BEPC/FSLC,Fonctionnaire,154386,1,Haidara,Hélène,hé.haid.m1198@gmail.com,BTS/DUT,Cadre supérieur,768463,3,922849,4,1,Total
1199,1199,1,Diallo,Gérard,,Licence,Employé secteur informel,40300,0,Diallo,Jeanne,je.dial.m1199@gmail.com,BTS/DUT,Fonctionnaire,210833,1,251133,4,0,Total
1200,1200,1,Mbarga,André,an.mbar.p1200@gmail.com,Primaire,Employé secteur informel,89588,1,Mbarga,Adèle,ad.mbar.m1200@gmail.com,Primaire,Cadre moyen,271771,5,361359,5,0,Partiel
1201,1201,1,Atangana,Henri,he.atan.p1201@gmail.com,Doctorat,Fonctionnaire,161696,1,Atangana,Julienne,ju.atan.m1201@gmail.com,Licence,Cadre moyen,175924,4,337620,1,0,Aucun
1202,1202,0,Issa,Clément,cl.issa.p1202@gmail.com,Licence,Agriculteur/Éleveur,68687,1,Rodrigues,Hélène,hé.rodr.m1202@gmail.com,Baccalauréat,Employé secteur informel,55521,4,124208,4,0,Partiel
1203,1203,1,Nkeng,Pierre,pi.nken.p1203@gmail.com,Primaire,Agriculteur/Éleveur,45908,0,Nkeng,Christine,ch.nken.m1203@gmail.com,BEPC/FSLC,Fonctionnaire,191403,3,237311,3,1,Partiel
1204,1204,1,Foko,Joseph,jo.foko.p1204@gmail.com,Licence,Agriculteur/Éleveur,59994,1,Michel,Rose,,Primaire,Employé secteur informel,76580,5,136574,1,0,Aucun
1205,1205,1,Rodrigues,Félix,,BTS/DUT,Cadre moyen,395683,1,Mvondo,Angèle,an.mvon.m1205@gmail.com,Master/Grande école,Fonctionnaire,103426,4,499109,1,0,Total
1206,1206,1,Lefebvre,Pierre,pi.lefe.p1206@gmail.com,Baccalauréat,Ouvrier/Artisan,88217,1,Lefebvre,Madeleine,ma.lefe.m1206@gmail.com,BEPC/FSLC,Agriculteur/Éleveur,29276,9,117493,4,0,Total
1207,1207,1,Vidal,Etienne,et.vida.p1207@gmail.com,Master/Grande école,Cadre supérieur,755215,1,Vidal,Julienne,ju.vida.m1207@gmail.com,Doctorat,Fonctionnaire,112225,5,867440,3,1,Partiel
1208,1208,1,Bello,André,an.bell.p1208@gmail.com,Doctorat,Agriculteur/Éleveur,34909,1,Bello,Blandine,bl.bell.m1208@gmail.com,Baccalauréat,Employé secteur informel,81219,2,116128,1,0,Aucun
1209,1209,0,Garcia,Marcel,ma.garc.p1209@gmail.com,BEPC/FSLC,Ouvrier/Artisan,76444,1,Garcia,Thérèse,th.garc.m1209@gmail.com,BTS/DUT,Cadre moyen,188684,2,265128,3,0,Total
1210,1210,1,Toure,Marcel,ma.tour.p1210@gmail.com,Master/Grande école,Agriculteur/Éleveur,54717,0,Foko,Julienne,ju.foko.m1210@gmail.com,Master/Grande école,Cadre supérieur,624657,4,679374,5,1,Aucun
1211,1211,1,Petit,Clément,cl.peti.p1211@gmail.com,Baccalauréat,Ouvrier/Artisan,95869,1,Petit,Cécile,cé.peti.m1211@gmail.com,BTS/DUT,Employé secteur informel,76713,8,172582,2,0,Partiel
1212,1212,1,Atangana,Gérard,gé.atan.p1212@gmail.com,Doctorat,Chef d'entreprise,1008587,1,Atangana,Victoire,vi.atan.m1212@gmail.com,BEPC/FSLC,Cadre supérieur,581123,4,1589710,5,0,Partiel
1213,1213,1,Medjo,Albert,al.medj.p1213@gmail.com,BEPC/FSLC,Fonctionnaire,99840,1,Medjo,Julienne,ju.medj.m1213@gmail.com,Licence,Agriculteur/Éleveur,84199,6,184039,5,0,Partiel
1214,1214,0,Issa,Victor,vi.issa.p1214@gmail.com,BTS/DUT,Fonctionnaire,178340,1,Issa,Blandine,bl.issa.m1214@gmail.com,BTS/DUT,Ouvrier/Artisan,74402,4,252742,2,0,Total
1215,1215,1,Wamba,Georges,ge.wamb.p1215@gmail.com,Aucun,Fonctionnaire,104556,1,Wamba,Thérèse,th.wamb.m1215@gmail.com,BEPC/FSLC,Ouvrier/Artisan,80064,8,184620,4,0,Partiel
1216,1216,1,Yanga,Pierre,,Baccalauréat,Chef d'entreprise,590281,1,Yanga,Julienne,ju.yang.m1216@gmail.com,BTS/DUT,Fonctionnaire,164159,2,754440,4,0,Total
1217,1217,1,Ebene,Théodore,th.eben.p1217@gmail.com,Aucun,Ouvrier/Artisan,77423,1,Foko,Colette,co.foko.m1217@gmail.com,Primaire,Ouvrier/Artisan,47694,4,125117,1,0,Aucun
1218,1218,1,Gomis,André,an.gomi.p1218@gmail.com,Baccalauréat,Employé secteur informel,96001,0,Gomis,Rosalie,ro.gomi.m1218@gmail.com,Primaire,Fonctionnaire,112436,4,208437,1,0,Partiel
1219,1219,1,Wamba,Hervé,,BEPC/FSLC,Fonctionnaire,202861,1,Bernard,Martine,,BTS/DUT,Employé secteur informel,99932,4,302793,5,0,Partiel
1220,1220,1,Martin,Marcel,ma.mart.p1220@gmail.com,BEPC/FSLC,Cadre moyen,206689,1,Nyobe,Hélène,hé.nyob.m1220@gmail.com,Baccalauréat,Agriculteur/Éleveur,31582,5,238271,2,0,Aucun
1221,1221,1,Wamba,Paul,pa.wamb.p1221@gmail.com,BEPC/FSLC,Cadre moyen,340069,1,Nkeng,Marguerite,ma.nken.m1221@gmail.com,Master/Grande école,Cadre moyen,177500,8,517569,1,0,Total
1222,1222,1,Petit,Pierre,,Doctorat,Fonctionnaire,182098,1,Thomas,Christine,ch.thom.m1222@gmail.com,Baccalauréat,Fonctionnaire,152282,3,334380,5,0,Partiel
1223,1223,1,Toure,Roger,ro.tour.p1223@gmail.com,BTS/DUT,Cadre supérieur,622685,1,Toure,Hélène,,Master/Grande école,Cadre moyen,263743,4,886428,1,1,Partiel
1224,1224,1,Diallo,Roger,ro.dial.p1224@gmail.com,BTS/DUT,Fonctionnaire,138993,1,Diallo,Christine,ch.dial.m1224@gmail.com,Baccalauréat,Ouvrier/Artisan,48840,7,187833,2,0,Partiel
1225,1225,1,Dupont,André,an.dupo.p1225@gmail.com,Licence,Ouvrier/Artisan,81469,1,Dupont,Jeanne,je.dupo.m1225@gmail.com,Baccalauréat,Agriculteur/Éleveur,65345,3,146814,3,0,Partiel
1226,1226,1,Feudjio,Etienne,et.feud.p1226@gmail.com,Baccalauréat,Cadre supérieur,819983,1,Feudjio,Cécile,cé.feud.m1226@gmail.com,Licence,Cadre moyen,381265,8,1201248,3,0,Total
1227,1227,1,Tchio,Charles,ch.tchi.p1227@gmail.com,Aucun,Sans emploi,19027,1,Tchio,Julienne,ju.tchi.m1227@gmail.com,Licence,Cadre moyen,395039,6,414066,4,0,Aucun
1228,1228,0,Robert,Gérard,gé.robe.p1228@gmail.com,BTS/DUT,Employé secteur informel,64343,0,Mvondo,Jeanne,je.mvon.m1228@gmail.com,Baccalauréat,Cadre moyen,291185,2,355528,4,0,Partiel
1229,1229,1,Biyong,Jean,je.biyo.p1229@gmail.com,Master/Grande école,Cadre supérieur,604680,1,Biyong,Madeleine,ma.biyo.m1229@gmail.com,Licence,Fonctionnaire,202937,6,807617,4,0,Total
1230,1230,1,Atangana,Théodore,,Master/Grande école,Cadre supérieur,536828,0,Atangana,Martine,ma.atan.m1230@gmail.com,Baccalauréat,Chef d'entreprise,1618072,4,2154900,1,0,Total
1231,1231,1,Dupont,Jean,je.dupo.p1231@gmail.com,Master/Grande école,Chef d'entreprise,421858,1,Samba,Pauline,,BTS/DUT,Fonctionnaire,133788,6,555646,5,0,Total
1232,1232,1,Wamba,Roger,ro.wamb.p1232@gmail.com,BEPC/FSLC,Sans emploi,9053,1,Ndzana,Odette,od.ndza.m1232@gmail.com,Primaire,Cadre moyen,252241,2,261294,3,0,Total
1233,1233,1,Tchamba,Georges,ge.tcha.p1233@gmail.com,BEPC/FSLC,Cadre moyen,381408,1,Rodrigues,Yvette,yv.rodr.m1233@gmail.com,BEPC/FSLC,Fonctionnaire,94435,8,475843,5,0,Total
1234,1234,1,Umba,Roger,ro.umba.p1234@gmail.com,BTS/DUT,Employé secteur informel,59083,1,Ndzana,Thérèse,th.ndza.m1234@gmail.com,Licence,Employé secteur informel,83921,6,143004,2,0,Partiel
1235,1235,1,Garcia,Georges,ge.garc.p1235@gmail.com,Baccalauréat,Agriculteur/Éleveur,66471,1,Garcia,Colette,co.garc.m1235@gmail.com,Primaire,Sans emploi,6516,5,72987,4,0,Total
1236,1236,1,Richard,Victor,vi.rich.p1236@gmail.com,Aucun,Cadre moyen,230586,1,Richard,Colette,co.rich.m1236@gmail.com,Licence,Cadre moyen,333565,6,564151,1,0,Partiel
1237,1237,1,Kamga,Alphonse,al.kamg.p1237@gmail.com,Baccalauréat,Ouvrier/Artisan,68111,1,Nyobe,Suzanne,su.nyob.m1237@gmail.com,Baccalauréat,Cadre moyen,335723,1,403834,3,0,Total
1238,1238,1,Tchamba,Clément,cl.tcha.p1238@gmail.com,Licence,Ouvrier/Artisan,91263,1,Donfack,Suzanne,,BEPC/FSLC,Employé secteur informel,63949,7,155212,3,0,Total
1239,1239,1,Ebene,Pierre,pi.eben.p1239@gmail.com,Baccalauréat,Employé secteur informel,41622,1,Lobe,Yvette,yv.lobe.m1239@gmail.com,BEPC/FSLC,Employé secteur informel,76066,7,117688,3,0,Partiel
1240,1240,0,Haidara,Emmanuel,em.haid.p1240@gmail.com,Baccalauréat,Fonctionnaire,127817,0,Abomo,Rosalie,ro.abom.m1240@gmail.com,BEPC/FSLC,Agriculteur/Éleveur,43537,4,171354,4,0,Aucun
1241,1241,1,Bello,Marcel,,Aucun,Employé secteur informel,54275,1,Bello,Marie,ma.bell.m1241@gmail.com,Aucun,Agriculteur/Éleveur,54446,5,108721,2,0,Aucun
1242,1242,1,Kamga,Jean,,BEPC/FSLC,Employé secteur informel,50944,1,Donfack,Odette,od.donf.m1242@gmail.com,Licence,Cadre supérieur,841809,4,892753,1,0,Partiel
1243,1243,1,Mbouck,Félix,fé.mbou.p1243@gmail.com,Baccalauréat,Cadre moyen,277885,1,Mbouck,Jeanne,je.mbou.m1243@gmail.com,Baccalauréat,Fonctionnaire,102845,4,380730,2,0,Total
1244,1244,1,Mbouck,Victor,,Baccalauréat,Fonctionnaire,93746,1,Mvondo,Blandine,bl.mvon.m1244@gmail.com,BEPC/FSLC,Chef d'entreprise,1558468,5,1652214,3,0,Total
1245,1245,1,Manga,Albert,al.mang.p1245@gmail.com,Master/Grande école,Chef d'entreprise,731235,1,Gomis,Madeleine,ma.gomi.m1245@gmail.com,Licence,Employé secteur informel,49610,5,780845,2,1,Partiel
1246,1246,1,Michel,Hervé,he.mich.p1246@gmail.com,Baccalauréat,Cadre supérieur,468071,1,Michel,Pauline,pa.mich.m1246@gmail.com,Licence,Cadre moyen,342469,7,810540,2,0,Total
1247,1247,1,Zobel,Félix,fé.zobe.p1247@gmail.com,Doctorat,Cadre moyen,277577,1,Zobel,Yvette,yv.zobe.m1247@gmail.com,BEPC/FSLC,Employé secteur informel,89112,5,366689,3,1,Partiel
1248,1248,1,Vidal,Marcel,ma.vida.p1248@gmail.com,Doctorat,Chef d'entreprise,1696618,1,Vidal,Victoire,vi.vida.m1248@gmail.com,Master/Grande école,Employé secteur informel,73268,3,1769886,2,0,Total
1249,1249,1,Lobe,Joseph,jo.lobe.p1249@gmail.com,Master/Grande école,Fonctionnaire,201756,1,Vidal,Pauline,pa.vida.m1249@gmail.com,BEPC/FSLC,Ouvrier/Artisan,95228,4,296984,2,0,Partiel
1250,1250,1,Penda,Albert,al.pend.p1250@gmail.com,BEPC/FSLC,Employé secteur informel,41278,1,Penda,Martine,ma.pend.m1250@gmail.com,Primaire,Employé secteur informel,75465,3,116743,5,0,Partiel
1251,1251,1,Mbouck,Georges,ge.mbou.p1251@gmail.com,BEPC/FSLC,Cadre moyen,269884,1,Manga,Marie,ma.mang.m1251@gmail.com,BEPC/FSLC,Sans emploi,31212,8,301096,4,0,Total
1252,1252,1,Essama,Laurent,la.essa.p1252@gmail.com,Baccalauréat,Agriculteur/Éleveur,35017,1,Donfack,Christine,ch.donf.m1252@gmail.com,BEPC/FSLC,Cadre supérieur,711857,5,746874,5,0,Total
1253,1253,1,Mvondo,Joseph,jo.mvon.p1253@gmail.com,Master/Grande école,Cadre moyen,221278,1,Mvondo,Rosalie,ro.mvon.m1253@gmail.com,Licence,Fonctionnaire,165020,5,386298,2,0,Total
1254,1254,1,Tchio,Georges,ge.tchi.p1254@gmail.com,Aucun,Fonctionnaire,183452,1,Tchio,Martine,ma.tchi.m1254@gmail.com,BTS/DUT,Sans emploi,1061,5,184513,5,0,Total
1255,1255,0,Biyong,André,an.biyo.p1255@gmail.com,Baccalauréat,Ouvrier/Artisan,55152,1,Rodrigues,Thérèse,th.rodr.m1255@gmail.com,Primaire,Cadre supérieur,587119,3,642271,2,0,Partiel
1256,1256,1,Penda,Albert,al.pend.p1256@gmail.com,BEPC/FSLC,Sans emploi,2665,1,Penda,Hélène,hé.pend.m1256@gmail.com,BTS/DUT,Ouvrier/Artisan,84565,5,87230,4,0,Partiel
1257,1257,1,Thomas,Patrice,,BEPC/FSLC,Fonctionnaire,90621,1,Thomas,Julienne,ju.thom.m1257@gmail.com,Baccalauréat,Sans emploi,17216,5,107837,2,0,Partiel
1258,1258,0,Mbouck,Alphonse,al.mbou.p1258@gmail.com,Licence,Employé secteur informel,48901,1,Nkeng,Brigitte,br.nken.m1258@gmail.com,Baccalauréat,Cadre supérieur,858958,4,907859,5,0,Total
1259,1259,1,Nguema,Marcel,,Master/Grande école,Cadre supérieur,603032,1,Nguema,Adèle,ad.ngue.m1259@gmail.com,Licence,Ouvrier/Artisan,79275,4,682307,2,0,Partiel
1260,1260,1,Vidal,Hervé,he.vida.p1260@gmail.com,Licence,Fonctionnaire,114088,1,Vidal,Rose,ro.vida.m1260@gmail.com,Licence,Chef d'entreprise,1660492,4,1774580,3,1,Partiel
1261,1261,1,Dupont,Pierre,,Primaire,Employé secteur informel,94614,1,Dupont,Angèle,an.dupo.m1261@gmail.com,BEPC/FSLC,Employé secteur informel,90162,4,184776,4,0,Partiel
1262,1262,1,Ebene,Etienne,et.eben.p1262@gmail.com,Primaire,Agriculteur/Éleveur,83415,1,Leroy,Martine,ma.lero.m1262@gmail.com,BTS/DUT,Ouvrier/Artisan,61049,3,144464,5,1,Partiel
1263,1263,0,Camara,Patrice,pa.cama.p1263@gmail.com,Primaire,Agriculteur/Éleveur,30814,1,Onana,Marie,ma.onan.m1263@gmail.com,BTS/DUT,Employé secteur informel,99049,7,129863,1,0,Partiel
1264,1264,1,Tchamba,Albert,al.tcha.p1264@gmail.com,Baccalauréat,Fonctionnaire,110459,1,Tchamba,Pauline,pa.tcha.m1264@gmail.com,Baccalauréat,Employé secteur informel,86350,5,196809,1,0,Total
1265,1265,1,Etoundi,Henri,he.etou.p1265@gmail.com,Baccalauréat,Fonctionnaire,96992,1,Dubois,Thérèse,th.dubo.m1265@gmail.com,BEPC/FSLC,Cadre moyen,225234,3,322226,1,0,Partiel
1266,1266,1,Martin,Charles,ch.mart.p1266@gmail.com,BTS/DUT,Agriculteur/Éleveur,65851,1,Martin,Madeleine,ma.mart.m1266@gmail.com,Primaire,Fonctionnaire,108249,2,174100,3,0,Partiel
1267,1267,1,Dupont,André,an.dupo.p1267@gmail.com,BEPC/FSLC,Ouvrier/Artisan,46234,1,Dupont,Marie,ma.dupo.m1267@gmail.com,BEPC/FSLC,Employé secteur informel,71182,4,117416,5,1,Partiel
1268,1268,1,Umba,André,an.umba.p1268@gmail.com,Baccalauréat,Employé secteur informel,70014,1,Umba,Thérèse,th.umba.m1268@gmail.com,Aucun,Employé secteur informel,85263,7,155277,1,0,Total
1269,1269,1,Garcia,Armand,ar.garc.p1269@gmail.com,BTS/DUT,Employé secteur informel,50054,1,Bouchard,Brigitte,br.bouc.m1269@gmail.com,BEPC/FSLC,Ouvrier/Artisan,93536,3,143590,3,0,Aucun
1270,1270,1,Samba,Hervé,he.samb.p1270@gmail.com,BEPC/FSLC,Employé secteur informel,65038,1,Samba,Angèle,an.samb.m1270@gmail.com,BEPC/FSLC,Fonctionnaire,145391,3,210429,2,0,Total
1271,1271,1,Martin,André,an.mart.p1271@gmail.com,BTS/DUT,Ouvrier/Artisan,90353,1,Rodrigues,Cécile,cé.rodr.m1271@gmail.com,Primaire,Fonctionnaire,160188,8,250541,5,1,Partiel
1272,1272,1,Abomo,Jean,je.abom.p1272@gmail.com,BTS/DUT,Employé secteur informel,87587,1,Abomo,Odette,od.abom.m1272@gmail.com,Baccalauréat,Cadre supérieur,518041,6,605628,3,0,Total
1273,1273,0,Issa,Laurent,la.issa.p1273@gmail.com,Baccalauréat,Employé secteur informel,38896,1,Rodrigues,Christine,ch.rodr.m1273@gmail.com,Licence,Agriculteur/Éleveur,50963,5,89859,1,0,Partiel
1274,1274,1,Gomis,Jean,je.gomi.p1274@gmail.com,Licence,Cadre supérieur,463309,1,Gomis,Hélène,hé.gomi.m1274@gmail.com,BEPC/FSLC,Ouvrier/Artisan,70986,4,534295,1,0,Partiel
1275,1275,1,Onana,Marcel,ma.onan.p1275@gmail.com,Licence,Fonctionnaire,192463,1,Onana,Rose,ro.onan.m1275@gmail.com,Baccalauréat,Employé secteur informel,67827,7,260290,1,0,Total
1276,1276,1,Okafor,Charles,,Master/Grande école,Chef d'entreprise,812113,1,Penda,Odette,od.pend.m1276@gmail.com,Licence,Fonctionnaire,135264,1,947377,1,1,Partiel
1277,1277,0,Feudjio,Georges,ge.feud.p1277@gmail.com,Baccalauréat,Agriculteur/Éleveur,56861,1,Feudjio,Odette,od.feud.m1277@gmail.com,Primaire,Employé secteur informel,74135,4,130996,1,0,Total
1278,1278,1,Mbouck,Georges,ge.mbou.p1278@gmail.com,Licence,Employé secteur informel,68338,0,Mbouck,Cécile,cé.mbou.m1278@gmail.com,Baccalauréat,Cadre moyen,242038,2,310376,1,1,Partiel
1279,1279,1,Mbouck,Laurent,la.mbou.p1279@gmail.com,BTS/DUT,Fonctionnaire,91717,1,Etoundi,Cécile,cé.etou.m1279@gmail.com,Baccalauréat,Employé secteur informel,97862,2,189579,3,0,Partiel
1280,1280,0,Etoundi,Albert,al.etou.p1280@gmail.com,BEPC/FSLC,Employé secteur informel,83329,0,Etoundi,Odette,od.etou.m1280@gmail.com,BEPC/FSLC,Fonctionnaire,144026,9,227355,3,0,Partiel
1281,1281,1,Essama,Charles,ch.essa.p1281@gmail.com,Master/Grande école,Fonctionnaire,92137,1,Essama,Angèle,an.essa.m1281@gmail.com,BTS/DUT,Cadre moyen,188359,4,280496,4,0,Partiel
1282,1282,1,Issa,Laurent,la.issa.p1282@gmail.com,Baccalauréat,Ouvrier/Artisan,81157,1,Essama,Yvette,yv.essa.m1282@gmail.com,Master/Grande école,Chef d'entreprise,1677826,3,1758983,4,0,Aucun
1283,1283,1,Gomis,Roger,ro.gomi.p1283@gmail.com,BTS/DUT,Agriculteur/Éleveur,75010,1,Gomis,Marie,ma.gomi.m1283@gmail.com,Aucun,Fonctionnaire,203301,6,278311,5,0,Aucun
1284,1284,1,Tchamba,Henri,,Primaire,Chef d'entreprise,1523809,1,Tchamba,Christine,ch.tcha.m1284@gmail.com,Master/Grande école,Fonctionnaire,190617,8,1714426,1,0,Total
1285,1285,1,Foko,André,an.foko.p1285@gmail.com,BEPC/FSLC,Ouvrier/Artisan,46508,1,Zobel,Odette,od.zobe.m1285@gmail.com,Aucun,Ouvrier/Artisan,61611,7,108119,1,0,Total
1286,1286,1,Etoundi,Albert,al.etou.p1286@gmail.com,Licence,Fonctionnaire,163470,1,Etoundi,Marguerite,ma.etou.m1286@gmail.com,Baccalauréat,Cadre supérieur,768790,9,932260,1,0,Partiel
1287,1287,1,Samba,Etienne,et.samb.p1287@gmail.com,BTS/DUT,Ouvrier/Artisan,100011,1,Samba,Suzanne,su.samb.m1287@gmail.com,BTS/DUT,Cadre supérieur,839239,2,939250,2,0,Aucun
1288,1288,1,Rodrigues,Félix,,Licence,Employé secteur informel,68565,1,Rodrigues,Marguerite,ma.rodr.m1288@gmail.com,Primaire,Fonctionnaire,192280,3,260845,5,0,Total
1289,1289,1,Donfack,Georges,ge.donf.p1289@gmail.com,Licence,Employé secteur informel,97824,1,Donfack,Rose,ro.donf.m1289@gmail.com,BTS/DUT,Cadre supérieur,862747,7,960571,5,0,Total
1290,1290,1,Mbouck,André,an.mbou.p1290@gmail.com,Primaire,Agriculteur/Éleveur,52607,1,Mbouck,Rose,ro.mbou.m1290@gmail.com,Master/Grande école,Cadre supérieur,560224,4,612831,3,0,Total
1291,1291,1,Leroy,Charles,ch.lero.p1291@gmail.com,Master/Grande école,Fonctionnaire,105692,1,Leroy,Victoire,,Primaire,Cadre moyen,180363,8,286055,4,0,Partiel
1292,1292,1,Petit,Gérard,gé.peti.p1292@gmail.com,BEPC/FSLC,Ouvrier/Artisan,94416,1,Petit,Madeleine,ma.peti.m1292@gmail.com,Baccalauréat,Employé secteur informel,51076,2,145492,4,1,Partiel
1293,1293,1,Abomo,Joseph,jo.abom.p1293@gmail.com,Baccalauréat,Employé secteur informel,40224,1,Abomo,Rose,ro.abom.m1293@gmail.com,Baccalauréat,Ouvrier/Artisan,61519,6,101743,3,0,Total
1294,1294,1,Tchamba,Jean,,Master/Grande école,Fonctionnaire,136372,1,Tchamba,Adèle,ad.tcha.m1294@gmail.com,Baccalauréat,Employé secteur informel,93241,2,229613,1,1,Partiel
1295,1295,1,Simon,Charles,,Baccalauréat,Fonctionnaire,125507,1,Wamba,Marie,ma.wamb.m1295@gmail.com,BTS/DUT,Ouvrier/Artisan,53316,5,178823,3,0,Partiel
1296,1296,1,Onana,Laurent,la.onan.p1296@gmail.com,Baccalauréat,Agriculteur/Éleveur,51512,1,Onana,Marie,ma.onan.m1296@gmail.com,Baccalauréat,Fonctionnaire,167277,5,218789,3,0,Partiel
1297,1297,1,Lefebvre,Paul,pa.lefe.p1297@gmail.com,BTS/DUT,Chef d'entreprise,803679,1,Lefebvre,Thérèse,th.lefe.m1297@gmail.com,BTS/DUT,Fonctionnaire,203260,7,1006939,3,0,Total
1298,1298,1,Leroy,Emmanuel,em.lero.p1298@gmail.com,Primaire,Agriculteur/Éleveur,49618,1,Leroy,Suzanne,su.lero.m1298@gmail.com,Primaire,Employé secteur informel,58532,3,108150,4,1,Total
1299,1299,1,Biyong,Joseph,jo.biyo.p1299@gmail.com,Licence,Sans emploi,19511,1,Tchio,Jeanne,je.tchi.m1299@gmail.com,Baccalauréat,Employé secteur informel,48042,5,67553,5,0,Aucun
1300,1300,1,Toure,Alphonse,al.tour.p1300@gmail.com,Baccalauréat,Ouvrier/Artisan,51061,1,Bouchard,Marie,ma.bouc.m1300@gmail.com,Licence,Ouvrier/Artisan,68565,5,119626,2,0,Total
1301,1301,1,Rodrigues,Armand,ar.rodr.p1301@gmail.com,Primaire,Ouvrier/Artisan,45159,1,Rodrigues,Cécile,cé.rodr.m1301@gmail.com,Baccalauréat,Fonctionnaire,151778,5,196937,5,0,Total
1302,1302,1,Medjo,Paul,pa.medj.p1302@gmail.com,BTS/DUT,Cadre moyen,389409,1,Wamba,Marguerite,ma.wamb.m1302@gmail.com,Baccalauréat,Cadre moyen,329785,6,719194,5,0,Partiel
1303,1303,1,Lefebvre,Georges,ge.lefe.p1303@gmail.com,Doctorat,Cadre supérieur,828462,1,Biyong,Victoire,vi.biyo.m1303@gmail.com,Master/Grande école,Fonctionnaire,96707,3,925169,1,0,Partiel
1304,1304,1,Abomo,Paul,pa.abom.p1304@gmail.com,Primaire,Agriculteur/Éleveur,28501,1,Abomo,Thérèse,th.abom.m1304@gmail.com,Primaire,Chef d'entreprise,370952,6,399453,1,0,Partiel
1305,1305,1,Atangana,Henri,he.atan.p1305@gmail.com,BEPC/FSLC,Ouvrier/Artisan,86058,1,Abomo,Angèle,an.abom.m1305@gmail.com,BEPC/FSLC,Agriculteur/Éleveur,55128,6,141186,5,0,Partiel
1306,1306,1,Kamga,Charles,ch.kamg.p1306@gmail.com,Primaire,Fonctionnaire,122171,1,Kamga,Marguerite,ma.kamg.m1306@gmail.com,Licence,Sans emploi,10923,2,133094,1,0,Total
1307,1307,1,Leroy,Théodore,,BTS/DUT,Ouvrier/Artisan,64758,1,Leroy,Odette,od.lero.m1307@gmail.com,Doctorat,Cadre moyen,311586,4,376344,3,0,Total
1308,1308,1,Garcia,Charles,ch.garc.p1308@gmail.com,Baccalauréat,Agriculteur/Éleveur,39943,1,Haidara,Marguerite,ma.haid.m1308@gmail.com,Baccalauréat,Sans emploi,16763,3,56706,4,0,Total
1309,1309,1,Gomis,Paul,pa.gomi.p1309@gmail.com,Licence,Cadre supérieur,657129,1,Gomis,Jeanne,je.gomi.m1309@gmail.com,Doctorat,Cadre moyen,238049,4,895178,3,0,Total
1310,1310,1,Haidara,André,,Licence,Fonctionnaire,147445,1,Haidara,Suzanne,su.haid.m1310@gmail.com,BTS/DUT,Ouvrier/Artisan,65172,4,212617,4,0,Total
1311,1311,0,Yanga,Laurent,la.yang.p1311@gmail.com,Primaire,Employé secteur informel,37882,1,Yanga,Marie,ma.yang.m1311@gmail.com,BEPC/FSLC,Employé secteur informel,90212,2,128094,3,0,Aucun
1312,1312,1,Garcia,Théodore,th.garc.p1312@gmail.com,Primaire,Agriculteur/Éleveur,54395,1,Garcia,Odette,,Aucun,Employé secteur informel,44050,7,98445,5,0,Aucun
1313,1313,1,Umba,Henri,he.umba.p1313@gmail.com,BEPC/FSLC,Agriculteur/Éleveur,56075,1,Tchio,Martine,ma.tchi.m1313@gmail.com,Baccalauréat,Agriculteur/Éleveur,67092,4,123167,2,0,Partiel
1314,1314,1,Mbarga,Armand,ar.mbar.p1314@gmail.com,Licence,Ouvrier/Artisan,105605,1,Mbarga,Yvette,yv.mbar.m1314@gmail.com,Baccalauréat,Cadre moyen,345127,4,450732,1,0,Partiel
1315,1315,1,Mbarga,Alphonse,al.mbar.p1315@gmail.com,BEPC/FSLC,Agriculteur/Éleveur,57221,1,Umba,Cécile,cé.umba.m1315@gmail.com,Primaire,Employé secteur informel,63919,5,121140,1,0,Aucun
1316,1316,1,Rodrigues,Emmanuel,em.rodr.p1316@gmail.com,Master/Grande école,Cadre moyen,302245,1,Rodrigues,Madeleine,ma.rodr.m1316@gmail.com,BTS/DUT,Chef d'entreprise,479075,6,781320,3,0,Total
1317,1317,1,Lefebvre,Paul,pa.lefe.p1317@gmail.com,Licence,Cadre moyen,393099,1,Mvondo,Pauline,pa.mvon.m1317@gmail.com,BTS/DUT,Agriculteur/Éleveur,86938,6,480037,1,0,Partiel
1318,1318,1,Jourdain,Paul,pa.jour.p1318@gmail.com,BEPC/FSLC,Fonctionnaire,141040,1,Jourdain,Marie,ma.jour.m1318@gmail.com,Licence,Fonctionnaire,168443,4,309483,5,0,Aucun
1319,1319,1,Michel,Armand,ar.mich.p1319@gmail.com,Doctorat,Cadre supérieur,718543,0,Michel,Victoire,vi.mich.m1319@gmail.com,Doctorat,Employé secteur informel,71150,4,789693,3,0,Total
1320,1320,0,Abomo,André,an.abom.p1320@gmail.com,Licence,Employé secteur informel,74436,1,Abomo,Blandine,bl.abom.m1320@gmail.com,BEPC/FSLC,Fonctionnaire,216100,3,290536,5,0,Partiel
1321,1321,1,Moreau,Marcel,,Licence,Cadre supérieur,627152,1,Moreau,Blandine,bl.more.m1321@gmail.com,Licence,Cadre supérieur,667885,3,1295037,4,0,Total
1322,1322,1,Gomis,Victor,,BEPC/FSLC,Agriculteur/Éleveur,47926,1,Gomis,Marie,ma.gomi.m1322@gmail.com,BTS/DUT,Agriculteur/Éleveur,78331,6,126257,5,0,Partiel
1323,1323,1,Moreau,Hervé,,BTS/DUT,Agriculteur/Éleveur,27887,1,Dupont,Madeleine,ma.dupo.m1323@gmail.com,BEPC/FSLC,Sans emploi,11593,2,39480,1,0,Total
1324,1324,1,Wamba,Charles,ch.wamb.p1324@gmail.com,Baccalauréat,Cadre moyen,183278,1,Wamba,Odette,od.wamb.m1324@gmail.com,BTS/DUT,Sans emploi,22669,3,205947,5,0,Partiel
1325,1325,1,Etoundi,André,an.etou.p1325@gmail.com,Master/Grande école,Employé secteur informel,44571,1,Etoundi,Yvette,yv.etou.m1325@gmail.com,Licence,Cadre moyen,323221,5,367792,1,0,Total
1326,1326,1,Nkeng,Roger,ro.nken.p1326@gmail.com,Doctorat,Cadre moyen,189430,1,Nkeng,Victoire,,Licence,Cadre supérieur,868605,4,1058035,2,0,Partiel
1327,1327,1,Yanga,Alphonse,al.yang.p1327@gmail.com,BEPC/FSLC,Sans emploi,4412,1,Yanga,Adèle,ad.yang.m1327@gmail.com,BEPC/FSLC,Cadre supérieur,837380,6,841792,2,0,Aucun
1328,1328,1,Donfack,Armand,ar.donf.p1328@gmail.com,Primaire,Sans emploi,20902,1,Bernard,Christine,ch.bern.m1328@gmail.com,Aucun,Sans emploi,7668,9,28570,2,0,Partiel
1329,1329,1,Mvondo,Gérard,gé.mvon.p1329@gmail.com,Baccalauréat,Fonctionnaire,95176,1,Mvondo,Christine,ch.mvon.m1329@gmail.com,Baccalauréat,Fonctionnaire,174030,1,269206,3,0,Total
1330,1330,1,Tchio,Emmanuel,em.tchi.p1330@gmail.com,Master/Grande école,Agriculteur/Éleveur,88134,1,Tchio,Pauline,pa.tchi.m1330@gmail.com,Licence,Agriculteur/Éleveur,40326,5,128460,3,0,Partiel
1331,1331,1,Manga,Théodore,th.mang.p1331@gmail.com,Baccalauréat,Agriculteur/Éleveur,83135,1,Manga,Marguerite,ma.mang.m1331@gmail.com,BEPC/FSLC,Cadre supérieur,731430,6,814565,2,0,Partiel
1332,1332,1,Jourdain,Roger,ro.jour.p1332@gmail.com,Baccalauréat,Employé secteur informel,80758,1,Jourdain,Angèle,an.jour.m1332@gmail.com,BEPC/FSLC,Cadre supérieur,511872,3,592630,4,0,Partiel
1333,1333,1,Abomo,Joseph,jo.abom.p1333@gmail.com,Baccalauréat,Chef d'entreprise,1291353,1,Feudjio,Marie,ma.feud.m1333@gmail.com,Doctorat,Employé secteur informel,65736,8,1357089,2,0,Total
1334,1334,1,Biyong,Roger,,Licence,Fonctionnaire,145239,1,Gomis,Adèle,ad.gomi.m1334@gmail.com,Master/Grande école,Cadre supérieur,436431,7,581670,4,1,Total
1335,1335,1,Foko,Victor,vi.foko.p1335@gmail.com,Master/Grande école,Fonctionnaire,122750,0,Samba,Thérèse,th.samb.m1335@gmail.com,Baccalauréat,Ouvrier/Artisan,59576,3,182326,5,1,Partiel
1336,1336,1,Feudjio,Patrice,pa.feud.p1336@gmail.com,Licence,Cadre supérieur,802120,1,Lobe,Brigitte,br.lobe.m1336@gmail.com,BEPC/FSLC,Chef d'entreprise,768982,2,1571102,4,0,Total
1337,1337,1,Leroy,Patrice,pa.lero.p1337@gmail.com,Baccalauréat,Agriculteur/Éleveur,44750,1,Biyong,Yvette,yv.biyo.m1337@gmail.com,Primaire,Employé secteur informel,52933,6,97683,5,0,Total
1338,1338,1,Dubois,Gérard,gé.dubo.p1338@gmail.com,BTS/DUT,Fonctionnaire,147482,0,Dubois,Cécile,cé.dubo.m1338@gmail.com,Baccalauréat,Cadre supérieur,490574,7,638056,2,0,Partiel
1339,1339,0,Yanga,Jean,je.yang.p1339@gmail.com,BEPC/FSLC,Employé secteur informel,54405,1,Yanga,Jeanne,je.yang.m1339@gmail.com,Doctorat,Employé secteur informel,62415,8,116820,2,0,Partiel
1340,1340,1,Leroy,Laurent,la.lero.p1340@gmail.com,Baccalauréat,Fonctionnaire,135110,0,Mbouck,Thérèse,th.mbou.m1340@gmail.com,Licence,Cadre moyen,398753,7,533863,4,0,Total
1341,1341,1,Bernard,André,an.bern.p1341@gmail.com,Master/Grande école,Ouvrier/Artisan,93549,1,Bernard,Odette,od.bern.m1341@gmail.com,Baccalauréat,Employé secteur informel,38971,3,132520,2,0,Total
1342,1342,1,Haidara,Gérard,gé.haid.p1342@gmail.com,BTS/DUT,Chef d'entreprise,430524,1,Etoundi,Martine,ma.etou.m1342@gmail.com,Baccalauréat,Cadre moyen,278551,9,709075,4,0,Partiel
1343,1343,1,Petit,Jean,je.peti.p1343@gmail.com,BEPC/FSLC,Employé secteur informel,57759,0,Petit,Thérèse,th.peti.m1343@gmail.com,Licence,Sans emploi,79,5,57838,4,0,Aucun
1344,1344,1,Mbouck,Etienne,et.mbou.p1344@gmail.com,BEPC/FSLC,Chef d'entreprise,1607683,1,Dupont,Suzanne,su.dupo.m1344@gmail.com,Baccalauréat,Fonctionnaire,164107,7,1771790,5,0,Total
1345,1345,1,Ndzana,André,an.ndza.p1345@gmail.com,BEPC/FSLC,Chef d'entreprise,1316579,1,Ndzana,Victoire,,Baccalauréat,Agriculteur/Éleveur,73328,6,1389907,2,1,Partiel
1346,1346,1,Abomo,Etienne,et.abom.p1346@gmail.com,Baccalauréat,Agriculteur/Éleveur,83302,1,Mbouck,Odette,od.mbou.m1346@gmail.com,BEPC/FSLC,Ouvrier/Artisan,101291,3,184593,2,1,Total
1347,1347,1,Mbarga,Henri,he.mbar.p1347@gmail.com,Baccalauréat,Chef d'entreprise,1485729,1,Bernard,Christine,ch.bern.m1347@gmail.com,Doctorat,Cadre supérieur,471138,5,1956867,2,1,Total
1348,1348,1,Etoundi,Georges,ge.etou.p1348@gmail.com,Baccalauréat,Fonctionnaire,115284,0,Etoundi,Thérèse,,Baccalauréat,Cadre supérieur,580531,8,695815,1,0,Aucun
1349,1349,1,Nkeng,Albert,al.nken.p1349@gmail.com,Primaire,Cadre moyen,331938,1,Dubois,Marie,ma.dubo.m1349@gmail.com,BEPC/FSLC,Employé secteur informel,42140,8,374078,3,0,Partiel
1350,1350,1,Manga,Etienne,,Aucun,Employé secteur informel,37169,1,Manga,Colette,co.mang.m1350@gmail.com,Aucun,Cadre moyen,392600,3,429769,2,0,Partiel
1351,1351,0,Bello,Clément,,Baccalauréat,Cadre supérieur,511820,1,Bello,Thérèse,th.bell.m1351@gmail.com,Baccalauréat,Employé secteur informel,64771,5,576591,5,0,Partiel
1352,1352,1,Camara,Joseph,jo.cama.p1352@gmail.com,BEPC/FSLC,Fonctionnaire,128931,1,Diallo,Yvette,yv.dial.m1352@gmail.com,Baccalauréat,Fonctionnaire,204008,5,332939,4,0,Total
1353,1353,1,Camara,Albert,al.cama.p1353@gmail.com,Master/Grande école,Cadre moyen,289227,1,Camara,Angèle,an.cama.m1353@gmail.com,Licence,Chef d'entreprise,564220,4,853447,4,0,Partiel
1354,1354,1,Richard,Marcel,ma.rich.p1354@gmail.com,BTS/DUT,Agriculteur/Éleveur,88577,1,Umba,Adèle,ad.umba.m1354@gmail.com,Baccalauréat,Ouvrier/Artisan,87511,3,176088,1,0,Total
1355,1355,1,Umba,Charles,ch.umba.p1355@gmail.com,Aucun,Cadre moyen,298159,0,Umba,Martine,ma.umba.m1355@gmail.com,Licence,Cadre moyen,356163,5,654322,1,0,Partiel
1356,1356,1,Wamba,Pierre,,Baccalauréat,Fonctionnaire,147184,1,Michel,Odette,od.mich.m1356@gmail.com,BTS/DUT,Cadre supérieur,484875,3,632059,2,0,Partiel
1357,1357,0,Atangana,Etienne,et.atan.p1357@gmail.com,Aucun,Ouvrier/Artisan,79434,1,Mbarga,Marie,,Licence,Sans emploi,11278,7,90712,2,0,Total
1358,1358,1,Bouchard,Pierre,pi.bouc.p1358@gmail.com,BEPC/FSLC,Ouvrier/Artisan,71768,1,Bouchard,Hélène,hé.bouc.m1358@gmail.com,Aucun,Ouvrier/Artisan,96303,4,168071,4,0,Partiel
1359,1359,1,Wamba,Armand,ar.wamb.p1359@gmail.com,Licence,Cadre supérieur,754832,1,Wamba,Julienne,ju.wamb.m1359@gmail.com,Doctorat,Cadre supérieur,600514,7,1355346,3,0,Total
1360,1360,0,Rodrigues,Alphonse,al.rodr.p1360@gmail.com,Master/Grande école,Fonctionnaire,194989,1,Rodrigues,Angèle,an.rodr.m1360@gmail.com,BEPC/FSLC,Employé secteur informel,96949,5,291938,2,0,Partiel
1361,1361,1,Vidal,Emmanuel,em.vida.p1361@gmail.com,Licence,Employé secteur informel,66284,1,Issa,Rose,ro.issa.m1361@gmail.com,BEPC/FSLC,Employé secteur informel,97710,7,163994,2,0,Total
1362,1362,1,Haidara,André,,Primaire,Agriculteur/Éleveur,68827,1,Haidara,Martine,ma.haid.m1362@gmail.com,Baccalauréat,Ouvrier/Artisan,80790,7,149617,1,0,Total
1363,1363,1,Robert,Théodore,th.robe.p1363@gmail.com,BTS/DUT,Employé secteur informel,50843,1,Robert,Christine,ch.robe.m1363@gmail.com,Baccalauréat,Cadre moyen,237125,3,287968,2,0,Partiel
1364,1364,1,Bouchard,Paul,pa.bouc.p1364@gmail.com,Primaire,Sans emploi,32446,1,Bouchard,Angèle,an.bouc.m1364@gmail.com,BTS/DUT,Fonctionnaire,114622,6,147068,3,0,Partiel
1365,1365,1,Martin,Emmanuel,,Doctorat,Cadre moyen,297584,1,Martin,Pauline,pa.mart.m1365@gmail.com,Baccalauréat,Cadre supérieur,629968,2,927552,1,0,Aucun
1366,1366,0,Bello,Hervé,he.bell.p1366@gmail.com,BTS/DUT,Fonctionnaire,185375,1,Martin,Christine,ch.mart.m1366@gmail.com,BEPC/FSLC,Ouvrier/Artisan,67618,2,252993,2,0,Partiel
1367,1367,1,Kamga,Félix,fé.kamg.p1367@gmail.com,Licence,Cadre moyen,203510,1,Kamga,Rosalie,ro.kamg.m1367@gmail.com,BTS/DUT,Cadre supérieur,629358,4,832868,3,0,Total
1368,1368,1,Okafor,Théodore,th.okaf.p1368@gmail.com,BEPC/FSLC,Fonctionnaire,124017,1,Okafor,Adèle,ad.okaf.m1368@gmail.com,Baccalauréat,Ouvrier/Artisan,50850,7,174867,2,0,Total
1369,1369,1,Lefebvre,Patrice,pa.lefe.p1369@gmail.com,Licence,Ouvrier/Artisan,99698,1,Lobe,Yvette,yv.lobe.m1369@gmail.com,BEPC/FSLC,Fonctionnaire,213242,3,312940,5,0,Total
1370,1370,0,Bernard,Alphonse,al.bern.p1370@gmail.com,Baccalauréat,Cadre supérieur,403358,1,Toure,Jeanne,je.tour.m1370@gmail.com,Master/Grande école,Sans emploi,698,5,404056,2,0,Aucun
1371,1371,0,Camara,Gérard,gé.cama.p1371@gmail.com,Baccalauréat,Cadre moyen,211505,1,Camara,Martine,ma.cama.m1371@gmail.com,Baccalauréat,Cadre supérieur,866543,4,1078048,4,0,Partiel
1372,1372,1,Mbouck,Laurent,,Licence,Agriculteur/Éleveur,79634,1,Mbouck,Madeleine,ma.mbou.m1372@gmail.com,BTS/DUT,Cadre supérieur,893259,4,972893,4,0,Total
1373,1373,1,Vidal,Pierre,pi.vida.p1373@gmail.com,Baccalauréat,Ouvrier/Artisan,107122,1,Vidal,Brigitte,br.vida.m1373@gmail.com,Aucun,Sans emploi,8995,5,116117,1,0,Total
1374,1374,1,Samba,Paul,pa.samb.p1374@gmail.com,Primaire,Cadre moyen,176273,1,Samba,Cécile,cé.samb.m1374@gmail.com,Licence,Fonctionnaire,152682,6,328955,5,0,Total
1375,1375,1,Ndzana,Laurent,la.ndza.p1375@gmail.com,BTS/DUT,Cadre moyen,358331,1,Vidal,Yvette,yv.vida.m1375@gmail.com,BEPC/FSLC,Employé secteur informel,41873,3,400204,1,0,Total
1376,1376,1,Nyobe,Patrice,pa.nyob.p1376@gmail.com,BEPC/FSLC,Employé secteur informel,92088,1,Nyobe,Odette,od.nyob.m1376@gmail.com,Master/Grande école,Agriculteur/Éleveur,58438,7,150526,4,1,Total
1377,1377,1,Mvondo,Gérard,gé.mvon.p1377@gmail.com,Baccalauréat,Fonctionnaire,117435,1,Jourdain,Christine,,Baccalauréat,Cadre supérieur,656876,8,774311,1,0,Partiel
1378,1378,1,Bouchard,Marcel,ma.bouc.p1378@gmail.com,BEPC/FSLC,Cadre supérieur,716713,1,Bouchard,Madeleine,,BTS/DUT,Ouvrier/Artisan,51462,6,768175,3,0,Total
1379,1379,1,Onana,André,an.onan.p1379@gmail.com,Baccalauréat,Fonctionnaire,136702,0,Mbarga,Thérèse,th.mbar.m1379@gmail.com,BTS/DUT,Cadre moyen,310404,3,447106,5,0,Total
1380,1380,1,Donfack,Laurent,la.donf.p1380@gmail.com,Aucun,Agriculteur/Éleveur,52146,1,Donfack,Suzanne,su.donf.m1380@gmail.com,Licence,Employé secteur informel,97967,6,150113,2,1,Partiel
1381,1381,1,Dupont,Emmanuel,em.dupo.p1381@gmail.com,Master/Grande école,Cadre moyen,315443,1,Dupont,Adèle,ad.dupo.m1381@gmail.com,Doctorat,Fonctionnaire,99209,7,414652,2,0,Partiel
1382,1382,1,Diallo,Paul,pa.dial.p1382@gmail.com,Baccalauréat,Cadre supérieur,839330,0,Diallo,Yvette,yv.dial.m1382@gmail.com,Aucun,Sans emploi,12115,5,851445,3,0,Partiel
1383,1383,1,Tchio,Marcel,ma.tchi.p1383@gmail.com,Baccalauréat,Ouvrier/Artisan,82788,1,Garcia,Cécile,cé.garc.m1383@gmail.com,Baccalauréat,Chef d'entreprise,905913,4,988701,2,0,Partiel
1384,1384,0,Bouchard,Etienne,,BEPC/FSLC,Sans emploi,9609,1,Bouchard,Rose,ro.bouc.m1384@gmail.com,Master/Grande école,Sans emploi,9191,3,18800,4,0,Total
1385,1385,1,Bernard,Jean,je.bern.p1385@gmail.com,Master/Grande école,Fonctionnaire,128161,1,Bernard,Angèle,an.bern.m1385@gmail.com,BTS/DUT,Cadre supérieur,641795,4,769956,3,0,Partiel
1386,1386,0,Kamga,Henri,he.kamg.p1386@gmail.com,BTS/DUT,Fonctionnaire,147980,1,Bouchard,Christine,ch.bouc.m1386@gmail.com,Baccalauréat,Chef d'entreprise,793005,2,940985,4,0,Total
1387,1387,1,Essama,Alphonse,al.essa.p1387@gmail.com,BEPC/FSLC,Fonctionnaire,122640,0,Essama,Thérèse,th.essa.m1387@gmail.com,Licence,Ouvrier/Artisan,73404,7,196044,2,1,Total
1388,1388,0,Vidal,André,an.vida.p1388@gmail.com,BEPC/FSLC,Fonctionnaire,139265,1,Vidal,Jeanne,je.vida.m1388@gmail.com,BEPC/FSLC,Cadre moyen,285765,8,425030,5,1,Partiel
1389,1389,1,Penda,Jean,je.pend.p1389@gmail.com,Master/Grande école,Chef d'entreprise,1782160,1,Penda,Marie,ma.pend.m1389@gmail.com,BTS/DUT,Sans emploi,6497,4,1788657,2,0,Partiel
1390,1390,1,Manga,Etienne,et.mang.p1390@gmail.com,Primaire,Agriculteur/Éleveur,65923,1,Vidal,Angèle,an.vida.m1390@gmail.com,BTS/DUT,Employé secteur informel,42813,4,108736,5,0,Partiel
1391,1391,1,Jourdain,Patrice,pa.jour.p1391@gmail.com,Master/Grande école,Employé secteur informel,46569,1,Jourdain,Adèle,ad.jour.m1391@gmail.com,Baccalauréat,Fonctionnaire,126510,5,173079,3,0,Partiel
1392,1392,1,Nyobe,Laurent,la.nyob.p1392@gmail.com,BTS/DUT,Cadre moyen,176503,1,Foko,Madeleine,ma.foko.m1392@gmail.com,Baccalauréat,Employé secteur informel,92011,5,268514,5,0,Total
1393,1393,1,Garcia,Georges,ge.garc.p1393@gmail.com,Licence,Ouvrier/Artisan,72489,1,Penda,Yvette,yv.pend.m1393@gmail.com,Baccalauréat,Cadre moyen,293443,5,365932,1,0,Partiel
1394,1394,1,Diallo,Victor,vi.dial.p1394@gmail.com,BEPC/FSLC,Employé secteur informel,79045,1,Diallo,Madeleine,ma.dial.m1394@gmail.com,BTS/DUT,Cadre supérieur,677435,7,756480,4,0,Partiel
1395,1395,1,Foko,Albert,al.foko.p1395@gmail.com,BEPC/FSLC,Employé secteur informel,55544,1,Foko,Hélène,hé.foko.m1395@gmail.com,Licence,Employé secteur informel,73617,5,129161,2,0,Total
1396,1396,1,Mvondo,Jean,je.mvon.p1396@gmail.com,Primaire,Chef d'entreprise,720748,1,Michel,Victoire,vi.mich.m1396@gmail.com,Master/Grande école,Cadre supérieur,597701,2,1318449,4,0,Partiel
1397,1397,1,Richard,Charles,ch.rich.p1397@gmail.com,BEPC/FSLC,Agriculteur/Éleveur,70787,1,Atangana,Julienne,ju.atan.m1397@gmail.com,Baccalauréat,Ouvrier/Artisan,78085,7,148872,2,0,Partiel
1398,1398,0,Garcia,Georges,ge.garc.p1398@gmail.com,BEPC/FSLC,Agriculteur/Éleveur,54857,1,Wamba,Martine,ma.wamb.m1398@gmail.com,BEPC/FSLC,Employé secteur informel,81235,3,136092,4,1,Partiel
1399,1399,1,Zobel,Félix,fé.zobe.p1399@gmail.com,Primaire,Ouvrier/Artisan,99567,1,Richard,Madeleine,ma.rich.m1399@gmail.com,Baccalauréat,Employé secteur informel,36701,5,136268,4,0,Aucun
1400,1400,0,Mbarga,Paul,,BEPC/FSLC,Cadre supérieur,729002,1,Jourdain,Adèle,ad.jour.m1400@gmail.com,Baccalauréat,Employé secteur informel,58226,5,787228,4,0,Partiel
1401,1401,1,Zobel,Armand,ar.zobe.p1401@gmail.com,Licence,Fonctionnaire,219029,1,Zobel,Martine,ma.zobe.m1401@gmail.com,BEPC/FSLC,Fonctionnaire,185507,3,404536,1,0,Total
1402,1402,1,Bernard,Théodore,th.bern.p1402@gmail.com,Master/Grande école,Cadre moyen,171677,1,Onana,Odette,od.onan.m1402@gmail.com,BEPC/FSLC,Fonctionnaire,133697,7,305374,2,0,Total
1403,1403,1,Vidal,Georges,ge.vida.p1403@gmail.com,Licence,Employé secteur informel,78861,1,Richard,Martine,ma.rich.m1403@gmail.com,Master/Grande école,Employé secteur informel,46161,5,125022,3,0,Partiel
1404,1404,1,Gomis,Patrice,pa.gomi.p1404@gmail.com,Primaire,Employé secteur informel,50190,1,Garcia,Odette,od.garc.m1404@gmail.com,BEPC/FSLC,Ouvrier/Artisan,64814,3,115004,2,1,Total
1405,1405,1,Foko,Etienne,et.foko.p1405@gmail.com,Primaire,Fonctionnaire,213049,1,Foko,Angèle,an.foko.m1405@gmail.com,Primaire,Fonctionnaire,113832,5,326881,1,0,Total
1406,1406,0,Issa,Alphonse,al.issa.p1406@gmail.com,BTS/DUT,Employé secteur informel,39780,1,Issa,Rose,ro.issa.m1406@gmail.com,BEPC/FSLC,Fonctionnaire,105540,6,145320,1,1,Total
1407,1407,1,Jourdain,Georges,ge.jour.p1407@gmail.com,Licence,Agriculteur/Éleveur,64859,1,Issa,Martine,ma.issa.m1407@gmail.com,Baccalauréat,Fonctionnaire,186518,2,251377,1,0,Aucun
1408,1408,1,Jourdain,Henri,he.jour.p1408@gmail.com,Baccalauréat,Fonctionnaire,121787,1,Lobe,Odette,od.lobe.m1408@gmail.com,Primaire,Fonctionnaire,199993,1,321780,3,1,Total
1409,1409,1,Nguema,Charles,ch.ngue.p1409@gmail.com,Aucun,Cadre supérieur,586813,1,Mbouck,Thérèse,th.mbou.m1409@gmail.com,Master/Grande école,Agriculteur/Éleveur,79991,5,666804,4,0,Partiel
1410,1410,1,Samba,Laurent,la.samb.p1410@gmail.com,BEPC/FSLC,Cadre moyen,238413,0,Medjo,Martine,ma.medj.m1410@gmail.com,Primaire,Cadre moyen,364536,8,602949,3,0,Total
1411,1411,1,Issa,Gérard,gé.issa.p1411@gmail.com,Baccalauréat,Cadre moyen,172800,1,Martin,Martine,ma.mart.m1411@gmail.com,Licence,Cadre moyen,319457,4,492257,1,1,Aucun
1412,1412,1,Robert,Paul,pa.robe.p1412@gmail.com,BTS/DUT,Agriculteur/Éleveur,68121,1,Samba,Blandine,bl.samb.m1412@gmail.com,BEPC/FSLC,Ouvrier/Artisan,103259,5,171380,3,0,Partiel
1413,1413,1,Ndzana,Victor,vi.ndza.p1413@gmail.com,BEPC/FSLC,Cadre moyen,317249,1,Ndzana,Christine,ch.ndza.m1413@gmail.com,BEPC/FSLC,Employé secteur informel,48881,3,366130,1,1,Aucun
1414,1414,1,Leroy,Alphonse,al.lero.p1414@gmail.com,BEPC/FSLC,Fonctionnaire,128323,1,Leroy,Suzanne,,Primaire,Chef d'entreprise,1207917,4,1336240,3,0,Partiel
1415,1415,1,Onana,Gérard,gé.onan.p1415@gmail.com,Primaire,Fonctionnaire,190929,1,Ebene,Pauline,pa.eben.m1415@gmail.com,Licence,Fonctionnaire,207277,4,398206,3,0,Total
1416,1416,1,Petit,Emmanuel,em.peti.p1416@gmail.com,Baccalauréat,Employé secteur informel,57348,1,Petit,Martine,ma.peti.m1416@gmail.com,Master/Grande école,Employé secteur informel,97088,8,154436,1,0,Partiel
1417,1417,1,Okafor,Jean,je.okaf.p1417@gmail.com,Master/Grande école,Fonctionnaire,130815,1,Okafor,Madeleine,ma.okaf.m1417@gmail.com,BTS/DUT,Fonctionnaire,114205,7,245020,3,0,Partiel
1418,1418,1,Donfack,André,,BTS/DUT,Fonctionnaire,178285,1,Tchamba,Martine,ma.tcha.m1418@gmail.com,BEPC/FSLC,Fonctionnaire,124485,6,302770,5,0,Total
1419,1419,1,Michel,Paul,,BEPC/FSLC,Fonctionnaire,176355,0,Biyong,Madeleine,ma.biyo.m1419@gmail.com,BTS/DUT,Ouvrier/Artisan,85009,5,261364,3,0,Aucun
1420,1420,1,Bouchard,Paul,pa.bouc.p1420@gmail.com,BEPC/FSLC,Fonctionnaire,203056,1,Issa,Cécile,cé.issa.m1420@gmail.com,Aucun,Employé secteur informel,59227,7,262283,4,0,Partiel
1421,1421,1,Wamba,Gérard,gé.wamb.p1421@gmail.com,Doctorat,Cadre moyen,254805,1,Wamba,Adèle,ad.wamb.m1421@gmail.com,Licence,Cadre moyen,284686,6,539491,2,0,Total
1422,1422,1,Atangana,Laurent,la.atan.p1422@gmail.com,Primaire,Agriculteur/Éleveur,39027,1,Atangana,Colette,co.atan.m1422@gmail.com,Licence,Fonctionnaire,150047,5,189074,1,0,Aucun
1423,1423,1,Lobe,Albert,al.lobe.p1423@gmail.com,BEPC/FSLC,Ouvrier/Artisan,77156,1,Lobe,Marguerite,ma.lobe.m1423@gmail.com,Licence,Employé secteur informel,59106,4,136262,5,0,Partiel
1424,1424,1,Medjo,Hervé,he.medj.p1424@gmail.com,Baccalauréat,Cadre supérieur,445437,1,Gomis,Odette,od.gomi.m1424@gmail.com,Master/Grande école,Ouvrier/Artisan,101946,4,547383,2,0,Partiel
1425,1425,1,Leroy,Hervé,he.lero.p1425@gmail.com,BEPC/FSLC,Fonctionnaire,107556,1,Robert,Pauline,pa.robe.m1425@gmail.com,BEPC/FSLC,Cadre supérieur,365513,6,473069,4,1,Total
1426,1426,1,Bello,Emmanuel,em.bell.p1426@gmail.com,Baccalauréat,Employé secteur informel,69939,1,Bello,Marie,ma.bell.m1426@gmail.com,Aucun,Agriculteur/Éleveur,68221,6,138160,1,0,Partiel
1427,1427,1,Manga,Patrice,pa.mang.p1427@gmail.com,Baccalauréat,Employé secteur informel,64019,1,Yanga,Jeanne,je.yang.m1427@gmail.com,BEPC/FSLC,Employé secteur informel,81913,6,145932,1,1,Aucun
1428,1428,1,Gomis,Clément,cl.gomi.p1428@gmail.com,Primaire,Agriculteur/Éleveur,33075,0,Mvondo,Rose,ro.mvon.m1428@gmail.com,Aucun,Employé secteur informel,49392,5,82467,3,1,Partiel
1429,1429,1,Nkeng,Patrice,pa.nken.p1429@gmail.com,Primaire,Ouvrier/Artisan,65009,1,Wamba,Angèle,an.wamb.m1429@gmail.com,BEPC/FSLC,Cadre moyen,213807,4,278816,4,0,Total
1430,1430,0,Abomo,Armand,,BEPC/FSLC,Employé secteur informel,68405,1,Penda,Marguerite,ma.pend.m1430@gmail.com,Primaire,Ouvrier/Artisan,80919,4,149324,4,0,Aucun
1431,1431,1,Kamga,Gérard,gé.kamg.p1431@gmail.com,BTS/DUT,Cadre supérieur,370913,1,Kamga,Hélène,hé.kamg.m1431@gmail.com,Primaire,Fonctionnaire,160433,4,531346,1,0,Total
1432,1432,1,Umba,Gérard,gé.umba.p1432@gmail.com,BTS/DUT,Cadre moyen,351397,1,Mvondo,Jeanne,je.mvon.m1432@gmail.com,BTS/DUT,Cadre moyen,253517,4,604914,5,0,Total
1433,1433,1,Atangana,Pierre,pi.atan.p1433@gmail.com,BEPC/FSLC,Employé secteur informel,43677,1,Atangana,Yvette,yv.atan.m1433@gmail.com,BTS/DUT,Cadre moyen,194714,2,238391,2,0,Partiel
1434,1434,1,Penda,Marcel,ma.pend.p1434@gmail.com,Master/Grande école,Employé secteur informel,77101,1,Simon,Jeanne,je.simo.m1434@gmail.com,BTS/DUT,Employé secteur informel,42572,7,119673,4,1,Total
1435,1435,0,Nkeng,Victor,vi.nken.p1435@gmail.com,Baccalauréat,Cadre moyen,333046,1,Nkeng,Victoire,vi.nken.m1435@gmail.com,Baccalauréat,Employé secteur informel,68084,4,401130,5,0,Partiel
1436,1436,1,Nyobe,Roger,,BEPC/FSLC,Employé secteur informel,73550,1,Nyobe,Colette,co.nyob.m1436@gmail.com,BTS/DUT,Ouvrier/Artisan,51983,5,125533,3,0,Partiel
1437,1437,1,Issa,André,an.issa.p1437@gmail.com,BTS/DUT,Agriculteur/Éleveur,29322,1,Ndzana,Thérèse,th.ndza.m1437@gmail.com,Aucun,Sans emploi,15092,4,44414,5,0,Partiel
1438,1438,1,Robert,Henri,he.robe.p1438@gmail.com,Baccalauréat,Employé secteur informel,76735,1,Robert,Thérèse,th.robe.m1438@gmail.com,BEPC/FSLC,Ouvrier/Artisan,52730,7,129465,4,0,Total
1439,1439,1,Penda,Armand,,BEPC/FSLC,Fonctionnaire,104116,1,Penda,Victoire,vi.pend.m1439@gmail.com,Baccalauréat,Cadre moyen,312437,4,416553,3,0,Total
1440,1440,0,Manga,Pierre,pi.mang.p1440@gmail.com,Licence,Cadre supérieur,418947,0,Essama,Angèle,an.essa.m1440@gmail.com,Master/Grande école,Cadre supérieur,365838,4,784785,4,1,Partiel
1441,1441,0,Onana,Alphonse,al.onan.p1441@gmail.com,Licence,Employé secteur informel,38395,1,Onana,Yvette,yv.onan.m1441@gmail.com,Licence,Cadre supérieur,745968,1,784363,2,0,Total
1442,1442,1,Tchamba,Clément,cl.tcha.p1442@gmail.com,Baccalauréat,Fonctionnaire,110561,1,Moreau,Yvette,yv.more.m1442@gmail.com,Licence,Cadre supérieur,612406,4,722967,2,0,Partiel
1443,1443,1,Okafor,Pierre,pi.okaf.p1443@gmail.com,BEPC/FSLC,Fonctionnaire,167735,1,Okafor,Suzanne,su.okaf.m1443@gmail.com,BTS/DUT,Sans emploi,34660,2,202395,1,0,Total
1444,1444,0,Garcia,Albert,al.garc.p1444@gmail.com,Primaire,Agriculteur/Éleveur,87940,1,Garcia,Rose,ro.garc.m1444@gmail.com,BEPC/FSLC,Fonctionnaire,157215,9,245155,4,0,Partiel
1445,1445,1,Mbouck,Clément,cl.mbou.p1445@gmail.com,Baccalauréat,Fonctionnaire,186888,1,Yanga,Yvette,yv.yang.m1445@gmail.com,BEPC/FSLC,Ouvrier/Artisan,65345,4,252233,2,1,Total
1446,1446,0,Yanga,Jean,je.yang.p1446@gmail.com,Baccalauréat,Agriculteur/Éleveur,89426,1,Yanga,Julienne,ju.yang.m1446@gmail.com,BTS/DUT,Fonctionnaire,101764,8,191190,5,1,Total
1447,1447,0,Simon,Patrice,pa.simo.p1447@gmail.com,BTS/DUT,Cadre supérieur,671821,1,Simon,Pauline,pa.simo.m1447@gmail.com,Primaire,Chef d'entreprise,986684,3,1658505,5,0,Partiel
1448,1448,1,Michel,Etienne,et.mich.p1448@gmail.com,Master/Grande école,Cadre supérieur,398761,1,Michel,Colette,co.mich.m1448@gmail.com,Licence,Cadre supérieur,391276,5,790037,1,0,Total
1449,1449,1,Tchamba,Félix,,Licence,Fonctionnaire,182382,0,Simon,Pauline,pa.simo.m1449@gmail.com,Licence,Cadre supérieur,439844,7,622226,1,0,Partiel
1450,1450,0,Nkeng,André,,Licence,Employé secteur informel,91312,1,Nkeng,Yvette,yv.nken.m1450@gmail.com,Aucun,Employé secteur informel,47230,4,138542,4,1,Partiel
1451,1451,1,Nyobe,Laurent,la.nyob.p1451@gmail.com,Master/Grande école,Cadre supérieur,885811,1,Nyobe,Victoire,vi.nyob.m1451@gmail.com,Licence,Fonctionnaire,184518,4,1070329,2,1,Partiel
1452,1452,1,Petit,Félix,fé.peti.p1452@gmail.com,BEPC/FSLC,Agriculteur/Éleveur,89622,1,Petit,Odette,od.peti.m1452@gmail.com,BTS/DUT,Employé secteur informel,91771,4,181393,5,0,Total
1453,1453,1,Atangana,André,,Baccalauréat,Ouvrier/Artisan,77059,0,Ndzana,Hélène,hé.ndza.m1453@gmail.com,BTS/DUT,Cadre moyen,375759,4,452818,4,0,Partiel
1454,1454,0,Penda,André,an.pend.p1454@gmail.com,Baccalauréat,Employé secteur informel,73897,1,Penda,Thérèse,th.pend.m1454@gmail.com,Baccalauréat,Fonctionnaire,113084,5,186981,3,0,Total
1455,1455,1,Yanga,Etienne,et.yang.p1455@gmail.com,Licence,Fonctionnaire,116290,1,Yanga,Hélène,hé.yang.m1455@gmail.com,Doctorat,Ouvrier/Artisan,47179,5,163469,2,0,Total
1456,1456,1,Gomis,Patrice,pa.gomi.p1456@gmail.com,Baccalauréat,Employé secteur informel,83506,1,Gomis,Adèle,ad.gomi.m1456@gmail.com,BEPC/FSLC,Agriculteur/Éleveur,48226,3,131732,5,0,Partiel
1457,1457,1,Toure,Roger,ro.tour.p1457@gmail.com,BEPC/FSLC,Fonctionnaire,157055,1,Toure,Rose,ro.tour.m1457@gmail.com,Doctorat,Employé secteur informel,85500,2,242555,5,1,Total
1458,1458,1,Okafor,Clément,cl.okaf.p1458@gmail.com,Doctorat,Cadre moyen,389226,1,Okafor,Blandine,bl.okaf.m1458@gmail.com,Licence,Cadre moyen,199397,4,588623,2,0,Total
1459,1459,1,Biyong,Paul,pa.biyo.p1459@gmail.com,Master/Grande école,Employé secteur informel,97964,1,Biyong,Odette,od.biyo.m1459@gmail.com,Baccalauréat,Employé secteur informel,52926,1,150890,2,0,Partiel
1460,1460,1,Nguema,Félix,,BEPC/FSLC,Ouvrier/Artisan,80757,1,Diallo,Hélène,hé.dial.m1460@gmail.com,Master/Grande école,Ouvrier/Artisan,79270,5,160027,1,0,Partiel
1461,1461,1,Martin,Roger,ro.mart.p1461@gmail.com,BTS/DUT,Cadre moyen,284531,1,Petit,Angèle,an.peti.m1461@gmail.com,BTS/DUT,Cadre moyen,242557,4,527088,3,0,Total
1462,1462,1,Bello,Etienne,et.bell.p1462@gmail.com,BEPC/FSLC,Cadre moyen,262331,1,Vidal,Marie,ma.vida.m1462@gmail.com,Primaire,Ouvrier/Artisan,105662,5,367993,5,0,Total
1463,1463,1,Moreau,André,an.more.p1463@gmail.com,Baccalauréat,Employé secteur informel,66484,1,Penda,Victoire,vi.pend.m1463@gmail.com,Primaire,Fonctionnaire,167433,5,233917,4,0,Partiel
1464,1464,1,Abomo,Paul,pa.abom.p1464@gmail.com,BEPC/FSLC,Fonctionnaire,128168,1,Onana,Martine,ma.onan.m1464@gmail.com,BTS/DUT,Sans emploi,31570,6,159738,3,1,Total
1465,1465,1,Thomas,Paul,pa.thom.p1465@gmail.com,Baccalauréat,Employé secteur informel,61944,1,Thomas,Adèle,,Primaire,Ouvrier/Artisan,58230,4,120174,2,0,Total
1466,1466,1,Tchamba,André,an.tcha.p1466@gmail.com,Primaire,Employé secteur informel,81605,1,Petit,Marie,ma.peti.m1466@gmail.com,BEPC/FSLC,Cadre supérieur,481001,6,562606,1,1,Partiel
1467,1467,1,Richard,Jean,je.rich.p1467@gmail.com,Master/Grande école,Employé secteur informel,40680,1,Onana,Angèle,an.onan.m1467@gmail.com,Licence,Employé secteur informel,45253,7,85933,3,0,Partiel
1468,1468,0,Mvondo,Marcel,,Licence,Chef d'entreprise,703674,1,Michel,Adèle,ad.mich.m1468@gmail.com,Aucun,Cadre supérieur,493065,7,1196739,2,1,Partiel
1469,1469,0,Gomis,Gérard,gé.gomi.p1469@gmail.com,Primaire,Employé secteur informel,67664,1,Gomis,Cécile,cé.gomi.m1469@gmail.com,BTS/DUT,Agriculteur/Éleveur,61563,7,129227,5,0,Partiel
1470,1470,1,Onana,Emmanuel,em.onan.p1470@gmail.com,Primaire,Employé secteur informel,41227,1,Onana,Rose,ro.onan.m1470@gmail.com,BEPC/FSLC,Fonctionnaire,148543,6,189770,2,0,Total
1471,1471,1,Atangana,Laurent,la.atan.p1471@gmail.com,Primaire,Fonctionnaire,155752,1,Atangana,Angèle,an.atan.m1471@gmail.com,Primaire,Chef d'entreprise,253217,4,408969,1,0,Partiel
1472,1472,1,Yanga,Joseph,,BEPC/FSLC,Employé secteur informel,95397,1,Robert,Madeleine,ma.robe.m1472@gmail.com,Primaire,Agriculteur/Éleveur,82779,7,178176,2,0,Partiel
1473,1473,1,Penda,Jean,je.pend.p1473@gmail.com,BEPC/FSLC,Sans emploi,18000,1,Penda,Blandine,bl.pend.m1473@gmail.com,Licence,Ouvrier/Artisan,65312,5,83312,3,0,Aucun
1474,1474,1,Feudjio,Laurent,la.feud.p1474@gmail.com,Master/Grande école,Chef d'entreprise,417240,1,Feudjio,Yvette,yv.feud.m1474@gmail.com,Aucun,Sans emploi,17706,4,434946,3,0,Total
1475,1475,1,Tchamba,Etienne,et.tcha.p1475@gmail.com,BEPC/FSLC,Fonctionnaire,180887,1,Essama,Marguerite,ma.essa.m1475@gmail.com,Master/Grande école,Ouvrier/Artisan,57649,2,238536,5,0,Partiel
1476,1476,1,Diallo,Hervé,he.dial.p1476@gmail.com,BTS/DUT,Agriculteur/Éleveur,52080,1,Diallo,Brigitte,br.dial.m1476@gmail.com,BEPC/FSLC,Agriculteur/Éleveur,55810,6,107890,4,0,Partiel
1477,1477,1,Ndzana,Emmanuel,,Primaire,Sans emploi,24568,1,Ndzana,Suzanne,su.ndza.m1477@gmail.com,Aucun,Sans emploi,18238,3,42806,2,0,Aucun
1478,1478,1,Ndzana,Gérard,gé.ndza.p1478@gmail.com,BTS/DUT,Fonctionnaire,138364,0,Ndzana,Brigitte,br.ndza.m1478@gmail.com,Baccalauréat,Cadre supérieur,729405,6,867769,1,0,Partiel
1479,1479,1,Penda,Alphonse,al.pend.p1479@gmail.com,Baccalauréat,Employé secteur informel,93304,1,Penda,Pauline,pa.pend.m1479@gmail.com,Baccalauréat,Fonctionnaire,156878,3,250182,3,0,Total
1480,1480,1,Onana,Félix,fé.onan.p1480@gmail.com,Licence,Employé secteur informel,71929,1,Martin,Blandine,bl.mart.m1480@gmail.com,BEPC/FSLC,Ouvrier/Artisan,48325,2,120254,4,1,Total
1481,1481,1,Issa,Armand,ar.issa.p1481@gmail.com,Baccalauréat,Cadre moyen,291582,1,Issa,Yvette,yv.issa.m1481@gmail.com,Licence,Employé secteur informel,52739,4,344321,2,0,Total
1482,1482,1,Richard,Roger,ro.rich.p1482@gmail.com,BEPC/FSLC,Agriculteur/Éleveur,58723,1,Richard,Angèle,an.rich.m1482@gmail.com,Aucun,Employé secteur informel,44348,4,103071,1,0,Total
1483,1483,1,Bernard,Alphonse,al.bern.p1483@gmail.com,Master/Grande école,Employé secteur informel,98346,1,Bernard,Suzanne,su.bern.m1483@gmail.com,Licence,Ouvrier/Artisan,103016,1,201362,3,0,Partiel
1484,1484,1,Bernard,Félix,fé.bern.p1484@gmail.com,Baccalauréat,Ouvrier/Artisan,62751,1,Bernard,Colette,co.bern.m1484@gmail.com,BTS/DUT,Fonctionnaire,203029,3,265780,1,0,Partiel
1485,1485,1,Ebene,Etienne,et.eben.p1485@gmail.com,BEPC/FSLC,Employé secteur informel,43843,1,Kamga,Suzanne,su.kamg.m1485@gmail.com,Master/Grande école,Cadre supérieur,489443,3,533286,3,0,Total
1486,1486,1,Yanga,Victor,vi.yang.p1486@gmail.com,BEPC/FSLC,Agriculteur/Éleveur,61019,1,Robert,Marie,ma.robe.m1486@gmail.com,BTS/DUT,Ouvrier/Artisan,99084,2,160103,2,0,Aucun
1487,1487,0,Penda,Clément,cl.pend.p1487@gmail.com,Licence,Fonctionnaire,133770,1,Penda,Rose,ro.pend.m1487@gmail.com,Master/Grande école,Cadre moyen,399173,8,532943,2,0,Partiel
1488,1488,1,Martin,Pierre,pi.mart.p1488@gmail.com,BTS/DUT,Ouvrier/Artisan,56731,1,Martin,Martine,ma.mart.m1488@gmail.com,BTS/DUT,Sans emploi,31972,5,88703,5,0,Total
1489,1489,1,Atangana,Marcel,ma.atan.p1489@gmail.com,Doctorat,Cadre moyen,378161,0,Atangana,Christine,ch.atan.m1489@gmail.com,BTS/DUT,Cadre moyen,181300,7,559461,3,0,Total
1490,1490,1,Essama,Roger,ro.essa.p1490@gmail.com,BTS/DUT,Fonctionnaire,110213,1,Essama,Martine,ma.essa.m1490@gmail.com,BEPC/FSLC,Cadre moyen,241626,4,351839,2,0,Total
1491,1491,1,Nyobe,Joseph,jo.nyob.p1491@gmail.com,BEPC/FSLC,Chef d'entreprise,411685,1,Dupont,Victoire,vi.dupo.m1491@gmail.com,Baccalauréat,Ouvrier/Artisan,65124,4,476809,3,0,Partiel
1492,1492,1,Gomis,Joseph,jo.gomi.p1492@gmail.com,Aucun,Cadre moyen,220153,1,Dubois,Blandine,bl.dubo.m1492@gmail.com,Master/Grande école,Cadre moyen,349130,2,569283,1,0,Total
1493,1493,1,Michel,Henri,he.mich.p1493@gmail.com,BEPC/FSLC,Ouvrier/Artisan,84989,1,Thomas,Martine,ma.thom.m1493@gmail.com,Primaire,Cadre supérieur,699804,8,784793,2,0,Total
1494,1494,1,Biyong,Albert,al.biyo.p1494@gmail.com,BEPC/FSLC,Cadre moyen,392475,1,Biyong,Rose,ro.biyo.m1494@gmail.com,BTS/DUT,Cadre moyen,293821,8,686296,5,0,Total
1495,1495,1,Mvondo,Marcel,ma.mvon.p1495@gmail.com,Licence,Ouvrier/Artisan,78121,1,Mvondo,Madeleine,ma.mvon.m1495@gmail.com,Doctorat,Employé secteur informel,99025,6,177146,4,1,Partiel
1496,1496,1,Samba,Georges,ge.samb.p1496@gmail.com,Baccalauréat,Fonctionnaire,175356,1,Samba,Madeleine,ma.samb.m1496@gmail.com,Baccalauréat,Cadre moyen,197468,2,372824,1,0,Total
1497,1497,0,Wamba,Emmanuel,em.wamb.p1497@gmail.com,BTS/DUT,Employé secteur informel,66449,0,Wamba,Yvette,yv.wamb.m1497@gmail.com,BEPC/FSLC,Ouvrier/Artisan,67325,5,133774,1,1,Partiel
1498,1498,1,Okafor,Emmanuel,em.okaf.p1498@gmail.com,Licence,Fonctionnaire,170493,1,Lobe,Marie,ma.lobe.m1498@gmail.com,Baccalauréat,Fonctionnaire,147306,8,317799,5,0,Total
1499,1499,1,Umba,Albert,al.umba.p1499@gmail.com,Baccalauréat,Fonctionnaire,117077,1,Michel,Christine,ch.mich.m1499@gmail.com,Aucun,Ouvrier/Artisan,47184,3,164261,1,0,Total
1500,1500,1,Toure,Alphonse,al.tour.p1500@gmail.com,BTS/DUT,Agriculteur/Éleveur,85069,1,Manga,Julienne,ju.mang.m1500@gmail.com,BEPC/FSLC,Cadre supérieur,503069,6,588138,5,0,Aucun
1501,1501,1,Lobe,Georges,ge.lobe.p1501@gmail.com,Baccalauréat,Agriculteur/Éleveur,63580,1,Lobe,Rose,ro.lobe.m1501@gmail.com,BEPC/FSLC,Employé secteur informel,74991,7,138571,3,0,Total
1502,1502,1,Bernard,Marcel,ma.bern.p1502@gmail.com,Aucun,Cadre moyen,249998,1,Toure,Blandine,bl.tour.m1502@gmail.com,BTS/DUT,Fonctionnaire,186321,4,436319,4,0,Total
1503,1503,1,Thomas,Etienne,et.thom.p1503@gmail.com,Baccalauréat,Cadre supérieur,433925,1,Thomas,Marguerite,ma.thom.m1503@gmail.com,BTS/DUT,Ouvrier/Artisan,58570,5,492495,4,0,Partiel
1504,1504,1,Mbarga,Victor,vi.mbar.p1504@gmail.com,BEPC/FSLC,Cadre moyen,303960,1,Mbarga,Martine,ma.mbar.m1504@gmail.com,BEPC/FSLC,Ouvrier/Artisan,78355,4,382315,2,0,Total
1505,1505,1,Moreau,Albert,,Baccalauréat,Chef d'entreprise,856600,1,Moreau,Odette,od.more.m1505@gmail.com,Licence,Cadre moyen,397218,5,1253818,3,0,Total
1506,1506,1,Haidara,Paul,pa.haid.p1506@gmail.com,Baccalauréat,Cadre moyen,194834,1,Haidara,Julienne,ju.haid.m1506@gmail.com,Baccalauréat,Fonctionnaire,138209,5,333043,2,0,Total
1507,1507,1,Yanga,Etienne,et.yang.p1507@gmail.com,Baccalauréat,Ouvrier/Artisan,65577,1,Yanga,Marie,ma.yang.m1507@gmail.com,Licence,Fonctionnaire,150469,8,216046,4,0,Total
1508,1508,1,Medjo,Marcel,ma.medj.p1508@gmail.com,BTS/DUT,Ouvrier/Artisan,102350,1,Medjo,Odette,od.medj.m1508@gmail.com,BTS/DUT,Cadre moyen,266933,7,369283,4,1,Total
1509,1509,1,Garcia,Pierre,pi.garc.p1509@gmail.com,Licence,Chef d'entreprise,846850,1,Bouchard,Colette,co.bouc.m1509@gmail.com,Doctorat,Agriculteur/Éleveur,78303,3,925153,4,0,Total
1510,1510,1,Penda,Félix,fé.pend.p1510@gmail.com,BEPC/FSLC,Ouvrier/Artisan,83420,1,Gomis,Marie,ma.gomi.m1510@gmail.com,Primaire,Employé secteur informel,56722,5,140142,2,1,Partiel
1511,1511,1,Jourdain,Jean,je.jour.p1511@gmail.com,Doctorat,Employé secteur informel,54674,1,Haidara,Pauline,pa.haid.m1511@gmail.com,BTS/DUT,Employé secteur informel,64387,6,119061,4,1,Partiel
1512,1512,1,Simon,Roger,ro.simo.p1512@gmail.com,BEPC/FSLC,Employé secteur informel,66896,1,Simon,Brigitte,br.simo.m1512@gmail.com,Baccalauréat,Cadre supérieur,871136,1,938032,2,0,Total
1513,1513,1,Samba,Marcel,ma.samb.p1513@gmail.com,BEPC/FSLC,Employé secteur informel,43245,1,Samba,Christine,ch.samb.m1513@gmail.com,BEPC/FSLC,Employé secteur informel,74587,4,117832,1,0,Total
1514,1514,1,Feudjio,Marcel,ma.feud.p1514@gmail.com,Primaire,Ouvrier/Artisan,54114,1,Robert,Marguerite,ma.robe.m1514@gmail.com,Baccalauréat,Agriculteur/Éleveur,72815,5,126929,2,0,Partiel
1515,1515,1,Foko,Jean,je.foko.p1515@gmail.com,Licence,Fonctionnaire,167114,1,Foko,Rose,ro.foko.m1515@gmail.com,BTS/DUT,Sans emploi,19332,6,186446,2,1,Partiel
1516,1516,1,Foko,Henri,he.foko.p1516@gmail.com,Aucun,Cadre moyen,345291,1,Foko,Suzanne,su.foko.m1516@gmail.com,Primaire,Agriculteur/Éleveur,36510,5,381801,4,0,Partiel
1517,1517,1,Bello,Emmanuel,em.bell.p1517@gmail.com,Master/Grande école,Fonctionnaire,211006,1,Feudjio,Cécile,cé.feud.m1517@gmail.com,BEPC/FSLC,Agriculteur/Éleveur,80310,4,291316,3,0,Partiel
1518,1518,1,Donfack,Henri,he.donf.p1518@gmail.com,Aucun,Agriculteur/Éleveur,79001,1,Vidal,Colette,co.vida.m1518@gmail.com,Licence,Cadre supérieur,670567,6,749568,1,0,Partiel
1519,1519,1,Ndzana,Georges,ge.ndza.p1519@gmail.com,BEPC/FSLC,Cadre supérieur,525526,1,Ndzana,Cécile,cé.ndza.m1519@gmail.com,Baccalauréat,Sans emploi,33417,5,558943,3,1,Partiel
1520,1520,1,Mbarga,Marcel,ma.mbar.p1520@gmail.com,Baccalauréat,Fonctionnaire,153085,1,Mbarga,Julienne,ju.mbar.m1520@gmail.com,Master/Grande école,Employé secteur informel,92080,8,245165,1,1,Total
1521,1521,1,Samba,Jean,je.samb.p1521@gmail.com,Licence,Employé secteur informel,48661,1,Samba,Blandine,bl.samb.m1521@gmail.com,BTS/DUT,Ouvrier/Artisan,97586,7,146247,3,0,Total
1522,1522,1,Foko,Henri,he.foko.p1522@gmail.com,BEPC/FSLC,Fonctionnaire,173522,1,Foko,Yvette,yv.foko.m1522@gmail.com,Master/Grande école,Cadre moyen,315386,7,488908,3,0,Total
1523,1523,1,Abomo,Laurent,la.abom.p1523@gmail.com,BTS/DUT,Employé secteur informel,81906,1,Donfack,Thérèse,th.donf.m1523@gmail.com,Doctorat,Employé secteur informel,36440,6,118346,3,1,Partiel
1524,1524,1,Moreau,Etienne,et.more.p1524@gmail.com,BEPC/FSLC,Agriculteur/Éleveur,45375,0,Dupont,Martine,ma.dupo.m1524@gmail.com,Master/Grande école,Fonctionnaire,213619,5,258994,1,1,Aucun
1525,1525,1,Lefebvre,Alphonse,al.lefe.p1525@gmail.com,Doctorat,Cadre supérieur,463778,1,Lefebvre,Rosalie,ro.lefe.m1525@gmail.com,BTS/DUT,Cadre supérieur,377862,9,841640,3,1,Total
1526,1526,1,Mbouck,Henri,,BEPC/FSLC,Ouvrier/Artisan,79178,1,Mbouck,Jeanne,je.mbou.m1526@gmail.com,Master/Grande école,Cadre moyen,396344,5,475522,1,0,Aucun
1527,1527,1,Diallo,Laurent,la.dial.p1527@gmail.com,Baccalauréat,Ouvrier/Artisan,62423,1,Samba,Jeanne,je.samb.m1527@gmail.com,Master/Grande école,Fonctionnaire,94280,2,156703,2,1,Total
1528,1528,1,Dupont,Pierre,,BTS/DUT,Fonctionnaire,115941,1,Rodrigues,Rosalie,ro.rodr.m1528@gmail.com,Baccalauréat,Employé secteur informel,54813,3,170754,3,0,Partiel
1529,1529,1,Manga,Jean,je.mang.p1529@gmail.com,Baccalauréat,Fonctionnaire,107507,0,Manga,Madeleine,ma.mang.m1529@gmail.com,BEPC/FSLC,Employé secteur informel,38528,7,146035,3,0,Total
1530,1530,1,Rodrigues,Clément,cl.rodr.p1530@gmail.com,Baccalauréat,Employé secteur informel,54282,1,Bello,Marguerite,ma.bell.m1530@gmail.com,Baccalauréat,Employé secteur informel,68460,6,122742,1,1,Total
1531,1531,1,Samba,Charles,ch.samb.p1531@gmail.com,BEPC/FSLC,Ouvrier/Artisan,68651,1,Tchamba,Jeanne,je.tcha.m1531@gmail.com,BTS/DUT,Employé secteur informel,59580,6,128231,5,0,Partiel
1532,1532,1,Wamba,Georges,ge.wamb.p1532@gmail.com,Aucun,Agriculteur/Éleveur,49873,1,Wamba,Victoire,vi.wamb.m1532@gmail.com,Baccalauréat,Sans emploi,10594,3,60467,2,0,Partiel
1533,1533,1,Nyobe,Henri,he.nyob.p1533@gmail.com,BTS/DUT,Cadre moyen,215838,1,Nyobe,Hélène,hé.nyob.m1533@gmail.com,Aucun,Cadre moyen,301666,5,517504,5,0,Partiel
1534,1534,1,Medjo,Félix,fé.medj.p1534@gmail.com,Baccalauréat,Employé secteur informel,72079,1,Bouchard,Yvette,yv.bouc.m1534@gmail.com,Baccalauréat,Employé secteur informel,89373,8,161452,4,0,Total
1535,1535,1,Camara,Emmanuel,em.cama.p1535@gmail.com,Baccalauréat,Employé secteur informel,62784,1,Issa,Adèle,,BEPC/FSLC,Employé secteur informel,77788,3,140572,3,0,Partiel
1536,1536,1,Nguema,Félix,fé.ngue.p1536@gmail.com,Primaire,Agriculteur/Éleveur,65421,1,Ndzana,Rosalie,ro.ndza.m1536@gmail.com,Baccalauréat,Ouvrier/Artisan,109892,1,175313,1,0,Aucun
1537,1537,1,Okafor,André,an.okaf.p1537@gmail.com,BTS/DUT,Employé secteur informel,35331,1,Okafor,Odette,od.okaf.m1537@gmail.com,BEPC/FSLC,Cadre moyen,297447,7,332778,5,0,Total
1538,1538,1,Simon,Roger,ro.simo.p1538@gmail.com,BEPC/FSLC,Fonctionnaire,215490,1,Simon,Rose,ro.simo.m1538@gmail.com,BTS/DUT,Fonctionnaire,99803,6,315293,4,0,Total
1539,1539,1,Mbouck,Armand,ar.mbou.p1539@gmail.com,BTS/DUT,Ouvrier/Artisan,56333,1,Mbouck,Victoire,vi.mbou.m1539@gmail.com,Master/Grande école,Fonctionnaire,154414,8,210747,5,0,Aucun
1540,1540,1,Feudjio,Etienne,et.feud.p1540@gmail.com,Licence,Employé secteur informel,37354,1,Feudjio,Pauline,pa.feud.m1540@gmail.com,Baccalauréat,Sans emploi,3179,1,40533,4,0,Total
1541,1541,1,Umba,Laurent,la.umba.p1541@gmail.com,Master/Grande école,Cadre moyen,345334,1,Umba,Madeleine,ma.umba.m1541@gmail.com,BEPC/FSLC,Employé secteur informel,35426,5,380760,2,0,Total
1542,1542,1,Bouchard,Charles,ch.bouc.p1542@gmail.com,BEPC/FSLC,Ouvrier/Artisan,103354,1,Gomis,Jeanne,je.gomi.m1542@gmail.com,BTS/DUT,Employé secteur informel,77561,6,180915,2,0,Total
1543,1543,1,Simon,Emmanuel,,Baccalauréat,Agriculteur/Éleveur,35117,1,Simon,Yvette,yv.simo.m1543@gmail.com,Licence,Ouvrier/Artisan,63432,5,98549,2,0,Total
1544,1544,0,Nyobe,Félix,fé.nyob.p1544@gmail.com,Primaire,Employé secteur informel,88224,1,Nyobe,Rosalie,ro.nyob.m1544@gmail.com,Baccalauréat,Cadre moyen,257192,5,345416,1,0,Total
1545,1545,1,Petit,Henri,he.peti.p1545@gmail.com,Baccalauréat,Cadre moyen,383076,1,Petit,Julienne,ju.peti.m1545@gmail.com,Primaire,Ouvrier/Artisan,108202,8,491278,4,1,Total
1546,1546,1,Manga,Alphonse,,Primaire,Fonctionnaire,208241,1,Manga,Christine,ch.mang.m1546@gmail.com,BTS/DUT,Ouvrier/Artisan,81239,3,289480,1,0,Partiel
1547,1547,0,Diallo,Patrice,pa.dial.p1547@gmail.com,Licence,Cadre supérieur,627950,1,Diallo,Martine,ma.dial.m1547@gmail.com,BEPC/FSLC,Cadre moyen,246862,4,874812,4,0,Partiel
1548,1548,1,Penda,Laurent,la.pend.p1548@gmail.com,BTS/DUT,Ouvrier/Artisan,59718,1,Abomo,Martine,ma.abom.m1548@gmail.com,BTS/DUT,Agriculteur/Éleveur,55585,4,115303,5,0,Total
1549,1549,1,Okafor,Félix,fé.okaf.p1549@gmail.com,Licence,Employé secteur informel,44700,0,Okafor,Odette,od.okaf.m1549@gmail.com,Licence,Employé secteur informel,45321,8,90021,3,0,Aucun
1550,1550,1,Toure,Etienne,et.tour.p1550@gmail.com,Master/Grande école,Cadre supérieur,638977,1,Camara,Christine,ch.cama.m1550@gmail.com,Licence,Fonctionnaire,153510,4,792487,5,1,Partiel
1551,1551,1,Mvondo,Roger,ro.mvon.p1551@gmail.com,Primaire,Fonctionnaire,104417,1,Kamga,Jeanne,je.kamg.m1551@gmail.com,Master/Grande école,Cadre moyen,287920,4,392337,1,0,Partiel
1552,1552,1,Medjo,Henri,,BEPC/FSLC,Agriculteur/Éleveur,81065,1,Rodrigues,Blandine,bl.rodr.m1552@gmail.com,Licence,Fonctionnaire,141205,2,222270,2,0,Partiel
1553,1553,1,Petit,Henri,he.peti.p1553@gmail.com,BEPC/FSLC,Fonctionnaire,212975,0,Medjo,Jeanne,je.medj.m1553@gmail.com,Baccalauréat,Ouvrier/Artisan,100237,1,313212,4,0,Total
1554,1554,1,Petit,Armand,,Licence,Fonctionnaire,173762,0,Abomo,Suzanne,su.abom.m1554@gmail.com,BEPC/FSLC,Ouvrier/Artisan,92609,4,266371,5,0,Total
1555,1555,1,Kamga,Patrice,pa.kamg.p1555@gmail.com,Licence,Cadre moyen,353141,1,Kamga,Odette,od.kamg.m1555@gmail.com,BTS/DUT,Chef d'entreprise,1054480,7,1407621,4,0,Total
1556,1556,0,Petit,Armand,ar.peti.p1556@gmail.com,Primaire,Fonctionnaire,181974,1,Diallo,Brigitte,br.dial.m1556@gmail.com,BEPC/FSLC,Fonctionnaire,115028,5,297002,3,0,Total
1557,1557,1,Camara,Patrice,pa.cama.p1557@gmail.com,BEPC/FSLC,Fonctionnaire,158886,1,Camara,Suzanne,su.cama.m1557@gmail.com,BTS/DUT,Employé secteur informel,80800,7,239686,4,0,Total
1558,1558,1,Diallo,Gérard,gé.dial.p1558@gmail.com,Baccalauréat,Fonctionnaire,212461,1,Lefebvre,Marguerite,ma.lefe.m1558@gmail.com,BTS/DUT,Fonctionnaire,198893,5,411354,3,1,Total
1559,1559,1,Nyobe,Jean,je.nyob.p1559@gmail.com,Primaire,Employé secteur informel,97348,1,Nyobe,Victoire,vi.nyob.m1559@gmail.com,Aucun,Agriculteur/Éleveur,33724,5,131072,4,0,Partiel
1560,1560,1,Rodrigues,André,an.rodr.p1560@gmail.com,Aucun,Fonctionnaire,92645,1,Rodrigues,Rose,ro.rodr.m1560@gmail.com,BTS/DUT,Cadre supérieur,473220,6,565865,5,0,Partiel
1561,1561,1,Camara,Alphonse,al.cama.p1561@gmail.com,Master/Grande école,Cadre supérieur,355028,1,Camara,Marguerite,ma.cama.m1561@gmail.com,BTS/DUT,Cadre supérieur,767444,4,1122472,4,0,Total
1562,1562,1,Etoundi,Albert,al.etou.p1562@gmail.com,Licence,Fonctionnaire,143745,1,Etoundi,Thérèse,th.etou.m1562@gmail.com,Licence,Employé secteur informel,68769,4,212514,3,0,Total
1563,1563,1,Issa,Gérard,gé.issa.p1563@gmail.com,Licence,Fonctionnaire,202122,1,Issa,Victoire,vi.issa.m1563@gmail.com,Master/Grande école,Cadre moyen,325033,6,527155,3,0,Total
1564,1564,0,Feudjio,Joseph,jo.feud.p1564@gmail.com,Licence,Sans emploi,8218,1,Feudjio,Brigitte,br.feud.m1564@gmail.com,Licence,Chef d'entreprise,931153,7,939371,1,0,Total
1565,1565,1,Ebene,Joseph,jo.eben.p1565@gmail.com,Licence,Cadre supérieur,688055,1,Ebene,Thérèse,th.eben.m1565@gmail.com,Primaire,Fonctionnaire,209110,5,897165,5,0,Aucun
1566,1566,1,Petit,Georges,ge.peti.p1566@gmail.com,Licence,Cadre moyen,271578,1,Petit,Marguerite,ma.peti.m1566@gmail.com,Licence,Cadre moyen,195582,1,467160,2,0,Total
1567,1567,0,Onana,Pierre,pi.onan.p1567@gmail.com,Baccalauréat,Agriculteur/Éleveur,28647,1,Gomis,Marie,ma.gomi.m1567@gmail.com,Baccalauréat,Cadre supérieur,577783,3,606430,5,0,Aucun
1568,1568,1,Bello,Victor,vi.bell.p1568@gmail.com,Baccalauréat,Ouvrier/Artisan,55819,0,Haidara,Rosalie,ro.haid.m1568@gmail.com,BTS/DUT,Ouvrier/Artisan,95160,5,150979,3,0,Partiel
1569,1569,1,Mbarga,Pierre,pi.mbar.p1569@gmail.com,Primaire,Ouvrier/Artisan,100255,1,Mbarga,Martine,ma.mbar.m1569@gmail.com,Licence,Cadre moyen,272722,4,372977,4,0,Partiel
1570,1570,1,Feudjio,Alphonse,al.feud.p1570@gmail.com,Aucun,Fonctionnaire,152748,1,Issa,Rosalie,ro.issa.m1570@gmail.com,BEPC/FSLC,Cadre supérieur,625075,6,777823,5,0,Aucun
1571,1571,1,Camara,Albert,al.cama.p1571@gmail.com,BTS/DUT,Agriculteur/Éleveur,79610,1,Dubois,Blandine,bl.dubo.m1571@gmail.com,Primaire,Fonctionnaire,133793,5,213403,4,0,Partiel
1572,1572,1,Nyobe,Paul,pa.nyob.p1572@gmail.com,BTS/DUT,Cadre moyen,339473,1,Nyobe,Marie,ma.nyob.m1572@gmail.com,BTS/DUT,Employé secteur informel,96822,4,436295,5,0,Total
1573,1573,1,Essama,Clément,cl.essa.p1573@gmail.com,BTS/DUT,Agriculteur/Éleveur,82119,0,Essama,Christine,ch.essa.m1573@gmail.com,Primaire,Employé secteur informel,80274,4,162393,1,1,Aucun
1574,1574,1,Samba,Félix,fé.samb.p1574@gmail.com,Baccalauréat,Chef d'entreprise,870274,1,Samba,Jeanne,je.samb.m1574@gmail.com,BTS/DUT,Cadre supérieur,428726,4,1299000,4,0,Total
1575,1575,1,Onana,Patrice,pa.onan.p1575@gmail.com,BTS/DUT,Fonctionnaire,210098,1,Thomas,Christine,ch.thom.m1575@gmail.com,Baccalauréat,Cadre moyen,350846,6,560944,5,0,Partiel
1576,1576,1,Dupont,Etienne,et.dupo.p1576@gmail.com,BTS/DUT,Cadre moyen,320902,1,Vidal,Madeleine,ma.vida.m1576@gmail.com,BEPC/FSLC,Chef d'entreprise,1703973,5,2024875,4,0,Aucun
1577,1577,1,Kamga,Georges,ge.kamg.p1577@gmail.com,BEPC/FSLC,Agriculteur/Éleveur,54317,1,Okafor,Cécile,cé.okaf.m1577@gmail.com,BTS/DUT,Cadre moyen,250194,5,304511,3,0,Total
1578,1578,1,Richard,Etienne,et.rich.p1578@gmail.com,Licence,Ouvrier/Artisan,97914,1,Richard,Yvette,yv.rich.m1578@gmail.com,Licence,Cadre moyen,352070,4,449984,2,0,Total
1579,1579,1,Dubois,Georges,,Doctorat,Chef d'entreprise,461625,1,Dubois,Brigitte,,Master/Grande école,Fonctionnaire,96950,5,558575,2,1,Total
1580,1580,1,Donfack,Patrice,pa.donf.p1580@gmail.com,Baccalauréat,Chef d'entreprise,297920,1,Donfack,Rose,ro.donf.m1580@gmail.com,BTS/DUT,Cadre supérieur,683111,3,981031,5,0,Partiel
1581,1581,1,Etoundi,Clément,cl.etou.p1581@gmail.com,BEPC/FSLC,Employé secteur informel,70525,1,Etoundi,Cécile,cé.etou.m1581@gmail.com,BEPC/FSLC,Agriculteur/Éleveur,49857,6,120382,1,0,Aucun
1582,1582,1,Abomo,Clément,cl.abom.p1582@gmail.com,BEPC/FSLC,Fonctionnaire,212982,1,Abomo,Rosalie,ro.abom.m1582@gmail.com,BTS/DUT,Agriculteur/Éleveur,26567,7,239549,5,0,Total
1583,1583,1,Simon,Emmanuel,em.simo.p1583@gmail.com,Licence,Fonctionnaire,216713,0,Wamba,Cécile,cé.wamb.m1583@gmail.com,Baccalauréat,Fonctionnaire,112352,6,329065,4,0,Total
1584,1584,1,Thomas,Théodore,th.thom.p1584@gmail.com,Aucun,Ouvrier/Artisan,69711,1,Thomas,Marie,ma.thom.m1584@gmail.com,Baccalauréat,Sans emploi,25066,5,94777,4,0,Total
1585,1585,1,Kamga,André,an.kamg.p1585@gmail.com,Baccalauréat,Agriculteur/Éleveur,70108,1,Tchamba,Angèle,an.tcha.m1585@gmail.com,BTS/DUT,Employé secteur informel,74090,7,144198,3,0,Partiel
1586,1586,1,Vidal,Marcel,ma.vida.p1586@gmail.com,BTS/DUT,Agriculteur/Éleveur,52939,1,Onana,Marguerite,ma.onan.m1586@gmail.com,BEPC/FSLC,Agriculteur/Éleveur,83832,6,136771,5,0,Aucun
1587,1587,1,Umba,Hervé,he.umba.p1587@gmail.com,BEPC/FSLC,Employé secteur informel,53589,0,Umba,Odette,od.umba.m1587@gmail.com,BEPC/FSLC,Employé secteur informel,78735,6,132324,3,0,Total
1588,1588,1,Nyobe,Théodore,,Master/Grande école,Agriculteur/Éleveur,52835,1,Feudjio,Odette,od.feud.m1588@gmail.com,Aucun,Employé secteur informel,86212,1,139047,1,0,Total
1589,1589,1,Moreau,Laurent,la.more.p1589@gmail.com,Master/Grande école,Fonctionnaire,124910,1,Moreau,Odette,od.more.m1589@gmail.com,Baccalauréat,Cadre supérieur,680909,6,805819,1,1,Total
1590,1590,1,Samba,Roger,ro.samb.p1590@gmail.com,Licence,Cadre moyen,394207,1,Samba,Jeanne,je.samb.m1590@gmail.com,BTS/DUT,Cadre moyen,363736,8,757943,2,0,Partiel
1591,1591,1,Rodrigues,Théodore,th.rodr.p1591@gmail.com,BTS/DUT,Agriculteur/Éleveur,38801,0,Rodrigues,Jeanne,je.rodr.m1591@gmail.com,Primaire,Employé secteur informel,53953,3,92754,2,0,Aucun
1592,1592,1,Onana,Laurent,la.onan.p1592@gmail.com,BEPC/FSLC,Fonctionnaire,213800,1,Onana,Jeanne,je.onan.m1592@gmail.com,Licence,Fonctionnaire,144887,3,358687,2,0,Total
1593,1593,0,Mvondo,Patrice,pa.mvon.p1593@gmail.com,Aucun,Employé secteur informel,75326,1,Dubois,Suzanne,su.dubo.m1593@gmail.com,Aucun,Cadre supérieur,839662,4,914988,5,0,Total
1594,1594,1,Atangana,Théodore,th.atan.p1594@gmail.com,Master/Grande école,Ouvrier/Artisan,56927,1,Atangana,Rosalie,,Doctorat,Chef d'entreprise,558852,6,615779,4,0,Total
1595,1595,1,Essama,Laurent,la.essa.p1595@gmail.com,Licence,Chef d'entreprise,665797,1,Mbarga,Victoire,vi.mbar.m1595@gmail.com,Licence,Fonctionnaire,129662,1,795459,4,0,Total
1596,1596,1,Diallo,Henri,he.dial.p1596@gmail.com,BEPC/FSLC,Employé secteur informel,75286,1,Ebene,Blandine,bl.eben.m1596@gmail.com,BEPC/FSLC,Fonctionnaire,204631,4,279917,3,0,Partiel
1597,1597,1,Jourdain,Henri,he.jour.p1597@gmail.com,Primaire,Employé secteur informel,36831,1,Jourdain,Marguerite,ma.jour.m1597@gmail.com,BEPC/FSLC,Agriculteur/Éleveur,50225,5,87056,3,0,Partiel
1598,1598,1,Lobe,Patrice,pa.lobe.p1598@gmail.com,Licence,Cadre moyen,191311,1,Lefebvre,Colette,co.lefe.m1598@gmail.com,Baccalauréat,Cadre moyen,360410,2,551721,4,1,Total
1599,1599,1,Bouchard,Charles,,Licence,Ouvrier/Artisan,73095,1,Bouchard,Odette,od.bouc.m1599@gmail.com,Primaire,Employé secteur informel,45224,6,118319,2,0,Total
1600,1600,1,Michel,Emmanuel,em.mich.p1600@gmail.com,Baccalauréat,Agriculteur/Éleveur,40608,1,Zobel,Martine,ma.zobe.m1600@gmail.com,BTS/DUT,Fonctionnaire,117402,7,158010,4,0,Total
1601,1601,1,Manga,Félix,fé.mang.p1601@gmail.com,Baccalauréat,Sans emploi,25639,1,Penda,Rosalie,ro.pend.m1601@gmail.com,BTS/DUT,Sans emploi,14714,5,40353,5,0,Total
1602,1602,1,Ndzana,André,,Baccalauréat,Cadre moyen,199833,1,Ndzana,Victoire,vi.ndza.m1602@gmail.com,Primaire,Cadre supérieur,659043,7,858876,3,0,Total
1603,1603,1,Issa,Albert,,Licence,Fonctionnaire,126630,1,Manga,Jeanne,,BEPC/FSLC,Fonctionnaire,173523,3,300153,5,1,Total
1604,1604,1,Manga,Jean,je.mang.p1604@gmail.com,Doctorat,Cadre moyen,183086,1,Issa,Jeanne,je.issa.m1604@gmail.com,Master/Grande école,Chef d'entreprise,906347,3,1089433,3,0,Total
1605,1605,1,Robert,Marcel,ma.robe.p1605@gmail.com,Master/Grande école,Agriculteur/Éleveur,84455,1,Kamga,Adèle,ad.kamg.m1605@gmail.com,BEPC/FSLC,Employé secteur informel,72744,4,157199,5,1,Aucun
1606,1606,1,Umba,Patrice,pa.umba.p1606@gmail.com,Licence,Ouvrier/Artisan,84754,1,Michel,Jeanne,je.mich.m1606@gmail.com,BEPC/FSLC,Cadre moyen,247620,7,332374,3,0,Total
1607,1607,0,Wamba,Clément,cl.wamb.p1607@gmail.com,Master/Grande école,Employé secteur informel,93324,1,Wamba,Martine,ma.wamb.m1607@gmail.com,Master/Grande école,Cadre moyen,190450,3,283774,4,1,Partiel
1608,1608,0,Zobel,André,an.zobe.p1608@gmail.com,Aucun,Ouvrier/Artisan,47793,1,Zobel,Blandine,bl.zobe.m1608@gmail.com,Baccalauréat,Fonctionnaire,216389,5,264182,5,1,Partiel
1609,1609,1,Biyong,Emmanuel,em.biyo.p1609@gmail.com,Baccalauréat,Ouvrier/Artisan,62981,1,Biyong,Jeanne,je.biyo.m1609@gmail.com,BEPC/FSLC,Cadre moyen,263463,3,326444,5,0,Total
1610,1610,0,Medjo,Armand,ar.medj.p1610@gmail.com,Baccalauréat,Employé secteur informel,74375,1,Medjo,Victoire,,BTS/DUT,Employé secteur informel,37387,4,111762,5,0,Partiel
1611,1611,1,Samba,Armand,ar.samb.p1611@gmail.com,Aucun,Employé secteur informel,86670,1,Manga,Rosalie,ro.mang.m1611@gmail.com,Licence,Employé secteur informel,92085,7,178755,2,1,Partiel
1612,1612,0,Garcia,Pierre,,BTS/DUT,Agriculteur/Éleveur,56443,1,Penda,Yvette,yv.pend.m1612@gmail.com,Primaire,Ouvrier/Artisan,106938,5,163381,3,0,Total
1613,1613,1,Bello,Georges,ge.bell.p1613@gmail.com,BTS/DUT,Fonctionnaire,181363,1,Atangana,Cécile,cé.atan.m1613@gmail.com,Licence,Cadre moyen,361921,9,543284,4,0,Total
1614,1614,1,Bernard,Armand,,Aucun,Fonctionnaire,94384,1,Martin,Angèle,an.mart.m1614@gmail.com,Baccalauréat,Chef d'entreprise,364792,8,459176,4,0,Total
1615,1615,1,Etoundi,Marcel,ma.etou.p1615@gmail.com,Baccalauréat,Employé secteur informel,46055,1,Etoundi,Martine,ma.etou.m1615@gmail.com,Doctorat,Ouvrier/Artisan,62584,5,108639,3,1,Partiel
1616,1616,0,Manga,Henri,he.mang.p1616@gmail.com,Baccalauréat,Cadre moyen,325911,1,Mbarga,Adèle,ad.mbar.m1616@gmail.com,Doctorat,Cadre supérieur,721269,2,1047180,5,0,Total
1617,1617,1,Lefebvre,Félix,fé.lefe.p1617@gmail.com,Baccalauréat,Employé secteur informel,86700,1,Lefebvre,Marguerite,ma.lefe.m1617@gmail.com,Baccalauréat,Employé secteur informel,51201,3,137901,1,0,Partiel
1618,1618,1,Thomas,Clément,cl.thom.p1618@gmail.com,Baccalauréat,Ouvrier/Artisan,52274,1,Atangana,Madeleine,ma.atan.m1618@gmail.com,Baccalauréat,Ouvrier/Artisan,92233,2,144507,3,0,Partiel
1619,1619,1,Thomas,Félix,,Master/Grande école,Cadre moyen,258138,1,Thomas,Julienne,ju.thom.m1619@gmail.com,Baccalauréat,Fonctionnaire,183680,2,441818,3,1,Aucun
1620,1620,1,Robert,Gérard,gé.robe.p1620@gmail.com,Primaire,Employé secteur informel,39426,1,Robert,Rose,ro.robe.m1620@gmail.com,Baccalauréat,Agriculteur/Éleveur,38303,3,77729,3,0,Total
1621,1621,1,Petit,Henri,he.peti.p1621@gmail.com,BEPC/FSLC,Ouvrier/Artisan,69085,1,Petit,Colette,co.peti.m1621@gmail.com,Primaire,Cadre moyen,195891,4,264976,5,0,Total
1622,1622,1,Donfack,Gérard,gé.donf.p1622@gmail.com,Baccalauréat,Cadre moyen,233965,1,Donfack,Rosalie,ro.donf.m1622@gmail.com,BEPC/FSLC,Fonctionnaire,161198,2,395163,5,0,Total
1623,1623,1,Moreau,Jean,je.more.p1623@gmail.com,Master/Grande école,Chef d'entreprise,1037926,1,Mbarga,Victoire,vi.mbar.m1623@gmail.com,BTS/DUT,Cadre supérieur,599227,6,1637153,1,0,Total
1624,1624,1,Penda,Albert,al.pend.p1624@gmail.com,BEPC/FSLC,Agriculteur/Éleveur,59027,1,Penda,Hélène,hé.pend.m1624@gmail.com,BEPC/FSLC,Ouvrier/Artisan,100979,3,160006,1,0,Total
1625,1625,1,Wamba,Théodore,th.wamb.p1625@gmail.com,Master/Grande école,Chef d'entreprise,1388739,1,Wamba,Blandine,bl.wamb.m1625@gmail.com,Licence,Employé secteur informel,72913,5,1461652,1,0,Partiel
1626,1626,0,Lobe,André,,BEPC/FSLC,Ouvrier/Artisan,71933,1,Lobe,Madeleine,ma.lobe.m1626@gmail.com,BTS/DUT,Ouvrier/Artisan,65922,6,137855,1,0,Total
1627,1627,1,Zobel,Paul,pa.zobe.p1627@gmail.com,BEPC/FSLC,Chef d'entreprise,1575731,1,Zobel,Rosalie,ro.zobe.m1627@gmail.com,Baccalauréat,Fonctionnaire,127512,5,1703243,5,0,Total
1628,1628,1,Etoundi,Gérard,gé.etou.p1628@gmail.com,Primaire,Agriculteur/Éleveur,45886,1,Wamba,Brigitte,br.wamb.m1628@gmail.com,BEPC/FSLC,Employé secteur informel,35474,3,81360,5,0,Partiel
1629,1629,1,Onana,André,an.onan.p1629@gmail.com,BEPC/FSLC,Fonctionnaire,172583,1,Onana,Pauline,pa.onan.m1629@gmail.com,Baccalauréat,Employé secteur informel,80572,5,253155,1,0,Partiel
1630,1630,1,Atangana,Hervé,he.atan.p1630@gmail.com,Aucun,Fonctionnaire,171981,1,Atangana,Marguerite,ma.atan.m1630@gmail.com,Baccalauréat,Cadre supérieur,550662,6,722643,2,0,Total
1631,1631,1,Toure,Paul,pa.tour.p1631@gmail.com,Primaire,Employé secteur informel,69760,0,Toure,Angèle,an.tour.m1631@gmail.com,Aucun,Fonctionnaire,184753,8,254513,5,0,Total
1632,1632,1,Michel,Emmanuel,em.mich.p1632@gmail.com,BTS/DUT,Agriculteur/Éleveur,26296,1,Michel,Marie,ma.mich.m1632@gmail.com,BEPC/FSLC,Ouvrier/Artisan,84675,7,110971,3,0,Partiel
1633,1633,1,Yanga,Marcel,ma.yang.p1633@gmail.com,BEPC/FSLC,Ouvrier/Artisan,74549,1,Yanga,Victoire,vi.yang.m1633@gmail.com,Licence,Agriculteur/Éleveur,39512,9,114061,3,0,Total
1634,1634,1,Samba,Emmanuel,em.samb.p1634@gmail.com,BEPC/FSLC,Ouvrier/Artisan,103033,1,Gomis,Martine,,Baccalauréat,Fonctionnaire,134186,3,237219,4,0,Total
1635,1635,1,Essama,Théodore,th.essa.p1635@gmail.com,Baccalauréat,Cadre moyen,212879,1,Jourdain,Odette,od.jour.m1635@gmail.com,Licence,Employé secteur informel,89209,3,302088,5,0,Partiel
1636,1636,1,Diallo,Charles,ch.dial.p1636@gmail.com,BEPC/FSLC,Sans emploi,16386,1,Yanga,Suzanne,su.yang.m1636@gmail.com,Baccalauréat,Cadre moyen,307082,5,323468,4,0,Total
1637,1637,1,Nguema,Georges,ge.ngue.p1637@gmail.com,Baccalauréat,Ouvrier/Artisan,86876,0,Bouchard,Julienne,ju.bouc.m1637@gmail.com,Licence,Sans emploi,23095,4,109971,5,0,Total
1638,1638,1,Ndzana,Pierre,pi.ndza.p1638@gmail.com,BTS/DUT,Fonctionnaire,204501,1,Ndzana,Angèle,an.ndza.m1638@gmail.com,Aucun,Fonctionnaire,111101,5,315602,5,0,Aucun
1639,1639,1,Biyong,Georges,ge.biyo.p1639@gmail.com,Baccalauréat,Cadre supérieur,819701,1,Samba,Madeleine,ma.samb.m1639@gmail.com,Licence,Cadre supérieur,755435,3,1575136,5,1,Total
1640,1640,1,Martin,Henri,he.mart.p1640@gmail.com,BTS/DUT,Fonctionnaire,117069,1,Ebene,Pauline,pa.eben.m1640@gmail.com,BTS/DUT,Cadre supérieur,394117,6,511186,4,0,Partiel
1641,1641,0,Atangana,Emmanuel,em.atan.p1641@gmail.com,Doctorat,Fonctionnaire,118887,1,Atangana,Adèle,,Licence,Cadre supérieur,637946,4,756833,3,0,Partiel
1642,1642,1,Nyobe,Georges,ge.nyob.p1642@gmail.com,BTS/DUT,Cadre moyen,336464,0,Haidara,Brigitte,br.haid.m1642@gmail.com,Doctorat,Cadre supérieur,673574,5,1010038,1,1,Aucun
1643,1643,1,Kamga,Clément,cl.kamg.p1643@gmail.com,Licence,Agriculteur/Éleveur,49271,1,Kamga,Brigitte,br.kamg.m1643@gmail.com,BTS/DUT,Employé secteur informel,71250,8,120521,3,1,Total
1644,1644,1,Essama,Albert,al.essa.p1644@gmail.com,BEPC/FSLC,Ouvrier/Artisan,96351,1,Etoundi,Yvette,yv.etou.m1644@gmail.com,Primaire,Ouvrier/Artisan,54867,7,151218,1,0,Partiel
1645,1645,0,Dupont,Jean,je.dupo.p1645@gmail.com,BTS/DUT,Cadre supérieur,450922,1,Camara,Christine,ch.cama.m1645@gmail.com,BTS/DUT,Cadre moyen,234030,7,684952,3,1,Partiel
1646,1646,1,Mbarga,Charles,ch.mbar.p1646@gmail.com,Aucun,Fonctionnaire,192690,1,Leroy,Rosalie,ro.lero.m1646@gmail.com,BEPC/FSLC,Employé secteur informel,71129,7,263819,4,0,Total
1647,1647,1,Penda,Alphonse,al.pend.p1647@gmail.com,Licence,Cadre moyen,359634,1,Penda,Victoire,vi.pend.m1647@gmail.com,Baccalauréat,Fonctionnaire,155478,3,515112,4,1,Total
1648,1648,1,Foko,Armand,ar.foko.p1648@gmail.com,BEPC/FSLC,Ouvrier/Artisan,91399,1,Foko,Marie,ma.foko.m1648@gmail.com,BTS/DUT,Employé secteur informel,75479,6,166878,5,0,Total
1649,1649,1,Diallo,Pierre,pi.dial.p1649@gmail.com,BEPC/FSLC,Fonctionnaire,113810,1,Penda,Pauline,pa.pend.m1649@gmail.com,Baccalauréat,Chef d'entreprise,1153101,5,1266911,1,0,Total
1650,1650,1,Haidara,Patrice,,Baccalauréat,Employé secteur informel,90699,1,Haidara,Pauline,pa.haid.m1650@gmail.com,Baccalauréat,Chef d'entreprise,1580663,2,1671362,2,0,Total
1651,1651,1,Haidara,Alphonse,al.haid.p1651@gmail.com,Master/Grande école,Chef d'entreprise,489945,1,Essama,Julienne,ju.essa.m1651@gmail.com,Baccalauréat,Employé secteur informel,92864,2,582809,3,0,Aucun
1652,1652,1,Wamba,Albert,,Master/Grande école,Cadre supérieur,821411,0,Wamba,Blandine,bl.wamb.m1652@gmail.com,BTS/DUT,Cadre supérieur,875175,4,1696586,4,1,Partiel
1653,1653,1,Zobel,Pierre,pi.zobe.p1653@gmail.com,Aucun,Ouvrier/Artisan,97098,1,Bouchard,Christine,ch.bouc.m1653@gmail.com,BTS/DUT,Cadre supérieur,444844,2,541942,5,0,Aucun
1654,1654,1,Jourdain,Charles,ch.jour.p1654@gmail.com,Primaire,Ouvrier/Artisan,99904,1,Jourdain,Victoire,,Baccalauréat,Fonctionnaire,180460,3,280364,2,0,Total
1655,1655,1,Umba,Laurent,la.umba.p1655@gmail.com,Licence,Chef d'entreprise,1733150,0,Penda,Victoire,vi.pend.m1655@gmail.com,Doctorat,Cadre supérieur,892922,6,2626072,4,0,Partiel
1656,1656,0,Rodrigues,Gérard,gé.rodr.p1656@gmail.com,Licence,Fonctionnaire,189161,1,Manga,Jeanne,je.mang.m1656@gmail.com,BTS/DUT,Cadre moyen,369475,2,558636,1,0,Total
1657,1657,1,Simon,Alphonse,al.simo.p1657@gmail.com,Licence,Fonctionnaire,106709,1,Simon,Yvette,yv.simo.m1657@gmail.com,BTS/DUT,Cadre moyen,187749,3,294458,4,0,Partiel
1658,1658,0,Zobel,Alphonse,al.zobe.p1658@gmail.com,Licence,Agriculteur/Éleveur,45165,1,Petit,Adèle,ad.peti.m1658@gmail.com,Primaire,Fonctionnaire,189799,1,234964,2,0,Partiel
1659,1659,1,Etoundi,Jean,je.etou.p1659@gmail.com,Licence,Chef d'entreprise,520573,1,Etoundi,Colette,co.etou.m1659@gmail.com,BTS/DUT,Cadre supérieur,473416,4,993989,5,0,Total
1660,1660,1,Ndzana,Laurent,,Baccalauréat,Fonctionnaire,132136,1,Haidara,Angèle,,Baccalauréat,Fonctionnaire,179801,3,311937,2,0,Partiel
1661,1661,1,Dubois,Laurent,la.dubo.p1661@gmail.com,BEPC/FSLC,Agriculteur/Éleveur,60252,1,Petit,Victoire,vi.peti.m1661@gmail.com,Primaire,Fonctionnaire,191569,5,251821,4,0,Total
1662,1662,1,Onana,Joseph,,BEPC/FSLC,Fonctionnaire,110036,1,Onana,Odette,od.onan.m1662@gmail.com,Baccalauréat,Cadre moyen,369659,2,479695,1,0,Partiel
1663,1663,1,Lobe,Hervé,he.lobe.p1663@gmail.com,BTS/DUT,Employé secteur informel,54029,1,Abomo,Cécile,,Aucun,Chef d'entreprise,766744,5,820773,5,0,Partiel
1664,1664,1,Diallo,Marcel,ma.dial.p1664@gmail.com,Primaire,Sans emploi,23863,0,Diallo,Marie,ma.dial.m1664@gmail.com,Primaire,Sans emploi,33044,4,56907,2,0,Partiel
1665,1665,1,Onana,Théodore,th.onan.p1665@gmail.com,BEPC/FSLC,Cadre moyen,347982,1,Onana,Marguerite,ma.onan.m1665@gmail.com,Doctorat,Fonctionnaire,96135,3,444117,2,0,Partiel
1666,1666,1,Rodrigues,Paul,,Baccalauréat,Cadre supérieur,549280,1,Mbarga,Rose,,Baccalauréat,Cadre supérieur,457663,3,1006943,4,0,Total
1667,1667,1,Kamga,Théodore,th.kamg.p1667@gmail.com,BEPC/FSLC,Sans emploi,17205,1,Leroy,Thérèse,th.lero.m1667@gmail.com,BEPC/FSLC,Agriculteur/Éleveur,43528,6,60733,3,0,Partiel
1668,1668,1,Lobe,Armand,ar.lobe.p1668@gmail.com,Master/Grande école,Cadre moyen,304157,1,Lobe,Blandine,bl.lobe.m1668@gmail.com,BEPC/FSLC,Cadre moyen,343084,6,647241,5,1,Total
1669,1669,1,Bouchard,Clément,cl.bouc.p1669@gmail.com,Doctorat,Ouvrier/Artisan,80518,1,Medjo,Rosalie,ro.medj.m1669@gmail.com,BTS/DUT,Fonctionnaire,158099,5,238617,5,1,Partiel
1670,1670,1,Mbarga,Joseph,jo.mbar.p1670@gmail.com,Baccalauréat,Agriculteur/Éleveur,75191,1,Mbarga,Thérèse,th.mbar.m1670@gmail.com,Primaire,Employé secteur informel,35085,8,110276,5,0,Aucun
1671,1671,1,Zobel,Clément,cl.zobe.p1671@gmail.com,Primaire,Cadre moyen,214844,0,Zobel,Rose,ro.zobe.m1671@gmail.com,Licence,Employé secteur informel,58128,4,272972,2,1,Partiel
1672,1672,0,Yanga,Marcel,ma.yang.p1672@gmail.com,Baccalauréat,Chef d'entreprise,1469372,1,Yanga,Odette,od.yang.m1672@gmail.com,Master/Grande école,Chef d'entreprise,560065,5,2029437,5,0,Total
1673,1673,1,Gomis,Armand,ar.gomi.p1673@gmail.com,BEPC/FSLC,Employé secteur informel,49278,1,Gomis,Suzanne,su.gomi.m1673@gmail.com,Doctorat,Fonctionnaire,147457,5,196735,2,0,Partiel
1674,1674,1,Ebene,André,an.eben.p1674@gmail.com,Licence,Sans emploi,17894,1,Ebene,Marguerite,ma.eben.m1674@gmail.com,Baccalauréat,Cadre supérieur,559043,5,576937,1,1,Total
1675,1675,1,Richard,Hervé,,BTS/DUT,Employé secteur informel,36959,1,Ndzana,Martine,ma.ndza.m1675@gmail.com,Primaire,Employé secteur informel,66572,6,103531,4,0,Total
1676,1676,1,Ndzana,Alphonse,al.ndza.p1676@gmail.com,Baccalauréat,Ouvrier/Artisan,80330,1,Ndzana,Blandine,bl.ndza.m1676@gmail.com,Baccalauréat,Ouvrier/Artisan,45823,3,126153,2,0,Total
1677,1677,1,Penda,Charles,ch.pend.p1677@gmail.com,BEPC/FSLC,Agriculteur/Éleveur,57837,1,Penda,Julienne,ju.pend.m1677@gmail.com,Primaire,Ouvrier/Artisan,97683,5,155520,4,0,Total
1678,1678,1,Rodrigues,Laurent,,BTS/DUT,Agriculteur/Éleveur,46916,1,Issa,Jeanne,je.issa.m1678@gmail.com,Primaire,Fonctionnaire,128494,3,175410,5,0,Aucun
1679,1679,0,Umba,Hervé,he.umba.p1679@gmail.com,Baccalauréat,Employé secteur informel,99163,1,Umba,Victoire,vi.umba.m1679@gmail.com,Licence,Employé secteur informel,92458,3,191621,3,1,Total
1680,1680,1,Wamba,Etienne,,BEPC/FSLC,Agriculteur/Éleveur,44427,1,Wamba,Rose,ro.wamb.m1680@gmail.com,BTS/DUT,Employé secteur informel,88121,5,132548,1,0,Total
1681,1681,1,Moreau,Patrice,pa.more.p1681@gmail.com,Baccalauréat,Cadre moyen,235355,1,Moreau,Adèle,ad.more.m1681@gmail.com,Baccalauréat,Employé secteur informel,91979,3,327334,4,0,Aucun
1682,1682,0,Michel,Patrice,pa.mich.p1682@gmail.com,Aucun,Employé secteur informel,49595,1,Michel,Christine,ch.mich.m1682@gmail.com,Baccalauréat,Employé secteur informel,41884,5,91479,2,0,Aucun
1683,1683,1,Haidara,Emmanuel,em.haid.p1683@gmail.com,Licence,Agriculteur/Éleveur,70298,1,Etoundi,Hélène,hé.etou.m1683@gmail.com,Licence,Fonctionnaire,193238,3,263536,5,0,Partiel
1684,1684,1,Samba,Henri,he.samb.p1684@gmail.com,Master/Grande école,Cadre supérieur,725670,1,Samba,Odette,od.samb.m1684@gmail.com,BTS/DUT,Employé secteur informel,88242,2,813912,4,0,Partiel
1685,1685,0,Atangana,Charles,,BEPC/FSLC,Ouvrier/Artisan,54740,1,Thomas,Jeanne,je.thom.m1685@gmail.com,Primaire,Ouvrier/Artisan,91607,3,146347,3,0,Aucun
1686,1686,1,Abomo,Emmanuel,em.abom.p1686@gmail.com,Master/Grande école,Chef d'entreprise,360589,1,Abomo,Thérèse,th.abom.m1686@gmail.com,Master/Grande école,Cadre supérieur,658201,9,1018790,5,0,Partiel
1687,1687,0,Toure,André,an.tour.p1687@gmail.com,BTS/DUT,Employé secteur informel,61903,1,Toure,Martine,ma.tour.m1687@gmail.com,Primaire,Fonctionnaire,151216,3,213119,2,1,Aucun
1688,1688,1,Feudjio,Roger,ro.feud.p1688@gmail.com,Doctorat,Fonctionnaire,182208,1,Ebene,Pauline,pa.eben.m1688@gmail.com,Baccalauréat,Chef d'entreprise,343966,3,526174,5,0,Total
1689,1689,1,Toure,Félix,fé.tour.p1689@gmail.com,Licence,Fonctionnaire,200312,1,Feudjio,Madeleine,ma.feud.m1689@gmail.com,Baccalauréat,Chef d'entreprise,523404,6,723716,5,1,Aucun
1690,1690,1,Mbouck,André,an.mbou.p1690@gmail.com,Baccalauréat,Cadre supérieur,587262,1,Tchio,Martine,ma.tchi.m1690@gmail.com,Primaire,Fonctionnaire,179281,3,766543,1,1,Total
1691,1691,1,Penda,Armand,ar.pend.p1691@gmail.com,BTS/DUT,Fonctionnaire,126940,1,Penda,Adèle,ad.pend.m1691@gmail.com,BTS/DUT,Agriculteur/Éleveur,80764,5,207704,1,0,Total
1692,1692,1,Mbouck,Henri,he.mbou.p1692@gmail.com,Licence,Employé secteur informel,94377,1,Mbouck,Thérèse,th.mbou.m1692@gmail.com,Licence,Cadre moyen,370942,5,465319,2,0,Total
1693,1693,1,Martin,Charles,ch.mart.p1693@gmail.com,BEPC/FSLC,Fonctionnaire,139227,1,Biyong,Cécile,cé.biyo.m1693@gmail.com,Primaire,Agriculteur/Éleveur,49055,3,188282,5,0,Aucun
1694,1694,1,Moreau,Jean,je.more.p1694@gmail.com,BEPC/FSLC,Agriculteur/Éleveur,57553,1,Leroy,Odette,,Aucun,Fonctionnaire,187958,5,245511,3,0,Total
1695,1695,1,Nguema,Laurent,la.ngue.p1695@gmail.com,Master/Grande école,Chef d'entreprise,955888,1,Nguema,Rose,ro.ngue.m1695@gmail.com,BTS/DUT,Cadre moyen,315904,3,1271792,2,0,Partiel
1696,1696,1,Zobel,Charles,ch.zobe.p1696@gmail.com,Primaire,Cadre moyen,249895,1,Rodrigues,Yvette,yv.rodr.m1696@gmail.com,BEPC/FSLC,Agriculteur/Éleveur,69094,4,318989,2,0,Total
1697,1697,1,Rodrigues,Armand,ar.rodr.p1697@gmail.com,Primaire,Agriculteur/Éleveur,70700,1,Biyong,Blandine,bl.biyo.m1697@gmail.com,Licence,Sans emploi,370,5,71070,1,1,Total
1698,1698,1,Lobe,Charles,ch.lobe.p1698@gmail.com,Baccalauréat,Agriculteur/Éleveur,46420,1,Bello,Pauline,pa.bell.m1698@gmail.com,Baccalauréat,Fonctionnaire,185368,8,231788,1,1,Partiel
1699,1699,1,Gomis,Laurent,la.gomi.p1699@gmail.com,Baccalauréat,Employé secteur informel,40005,0,Gomis,Suzanne,su.gomi.m1699@gmail.com,Master/Grande école,Ouvrier/Artisan,83492,6,123497,5,0,Total
1700,1700,0,Gomis,Théodore,th.gomi.p1700@gmail.com,Baccalauréat,Cadre moyen,200689,0,Tchamba,Rosalie,ro.tcha.m1700@gmail.com,Licence,Cadre moyen,215751,8,416440,4,0,Total
1701,1701,1,Biyong,Charles,ch.biyo.p1701@gmail.com,BEPC/FSLC,Fonctionnaire,141047,1,Atangana,Christine,ch.atan.m1701@gmail.com,Baccalauréat,Fonctionnaire,163670,4,304717,3,0,Partiel
1702,1702,1,Mvondo,Paul,pa.mvon.p1702@gmail.com,Licence,Fonctionnaire,178997,1,Mvondo,Yvette,yv.mvon.m1702@gmail.com,Baccalauréat,Cadre moyen,212191,5,391188,4,1,Partiel
1703,1703,0,Garcia,André,an.garc.p1703@gmail.com,Master/Grande école,Ouvrier/Artisan,108760,1,Garcia,Madeleine,ma.garc.m1703@gmail.com,Baccalauréat,Cadre moyen,330242,2,439002,1,0,Partiel
1704,1704,1,Moreau,Jean,je.more.p1704@gmail.com,BEPC/FSLC,Employé secteur informel,95694,0,Vidal,Christine,ch.vida.m1704@gmail.com,Aucun,Cadre moyen,375138,6,470832,1,1,Partiel
1705,1705,1,Feudjio,Félix,fé.feud.p1705@gmail.com,BTS/DUT,Cadre moyen,225575,1,Simon,Rose,ro.simo.m1705@gmail.com,BTS/DUT,Employé secteur informel,94553,4,320128,3,0,Partiel
1706,1706,1,Lobe,Gérard,gé.lobe.p1706@gmail.com,Baccalauréat,Agriculteur/Éleveur,44585,1,Yanga,Adèle,ad.yang.m1706@gmail.com,Aucun,Fonctionnaire,195799,6,240384,2,1,Total
1707,1707,0,Lefebvre,Georges,ge.lefe.p1707@gmail.com,Licence,Cadre moyen,329559,1,Simon,Blandine,bl.simo.m1707@gmail.com,BTS/DUT,Ouvrier/Artisan,60364,6,389923,2,0,Total
1708,1708,0,Medjo,Georges,ge.medj.p1708@gmail.com,BTS/DUT,Fonctionnaire,151519,1,Medjo,Adèle,ad.medj.m1708@gmail.com,Baccalauréat,Agriculteur/Éleveur,43724,6,195243,5,0,Partiel
1709,1709,1,Leroy,Alphonse,al.lero.p1709@gmail.com,Aucun,Employé secteur informel,45780,1,Leroy,Adèle,ad.lero.m1709@gmail.com,Primaire,Cadre moyen,186435,8,232215,1,1,Partiel
1710,1710,1,Etoundi,Marcel,,BTS/DUT,Agriculteur/Éleveur,46135,1,Feudjio,Rose,ro.feud.m1710@gmail.com,Doctorat,Fonctionnaire,211818,4,257953,1,0,Total
1711,1711,1,Robert,Georges,ge.robe.p1711@gmail.com,Doctorat,Cadre moyen,227052,1,Robert,Colette,co.robe.m1711@gmail.com,Doctorat,Cadre supérieur,786600,7,1013652,5,0,Total
1712,1712,1,Donfack,Armand,ar.donf.p1712@gmail.com,Baccalauréat,Cadre moyen,310832,1,Donfack,Pauline,pa.donf.m1712@gmail.com,BEPC/FSLC,Agriculteur/Éleveur,44766,4,355598,1,0,Total
1713,1713,1,Medjo,Albert,al.medj.p1713@gmail.com,Primaire,Sans emploi,15930,1,Tchio,Pauline,pa.tchi.m1713@gmail.com,Licence,Agriculteur/Éleveur,25290,2,41220,5,0,Partiel
1714,1714,1,Tchio,Henri,he.tchi.p1714@gmail.com,Licence,Cadre supérieur,355594,1,Tchio,Jeanne,je.tchi.m1714@gmail.com,Doctorat,Fonctionnaire,114417,5,470011,1,0,Partiel
1715,1715,1,Essama,Roger,ro.essa.p1715@gmail.com,BTS/DUT,Cadre moyen,353459,1,Essama,Marguerite,ma.essa.m1715@gmail.com,BTS/DUT,Cadre moyen,247750,8,601209,1,1,Total
1716,1716,1,Foko,André,an.foko.p1716@gmail.com,BTS/DUT,Cadre supérieur,871330,1,Yanga,Rose,ro.yang.m1716@gmail.com,Licence,Ouvrier/Artisan,61368,3,932698,5,0,Total
1717,1717,1,Onana,Albert,al.onan.p1717@gmail.com,BTS/DUT,Agriculteur/Éleveur,73588,1,Onana,Yvette,yv.onan.m1717@gmail.com,Primaire,Employé secteur informel,39695,5,113283,5,0,Aucun
1718,1718,1,Okafor,Charles,ch.okaf.p1718@gmail.com,Baccalauréat,Ouvrier/Artisan,98813,1,Umba,Marguerite,,Primaire,Agriculteur/Éleveur,39132,5,137945,2,0,Partiel
1719,1719,1,Samba,Georges,ge.samb.p1719@gmail.com,Baccalauréat,Agriculteur/Éleveur,65896,0,Samba,Angèle,an.samb.m1719@gmail.com,Baccalauréat,Employé secteur informel,99248,6,165144,3,0,Partiel
1720,1720,1,Thomas,Clément,cl.thom.p1720@gmail.com,BEPC/FSLC,Employé secteur informel,43844,1,Thomas,Thérèse,th.thom.m1720@gmail.com,BEPC/FSLC,Employé secteur informel,72773,7,116617,4,0,Total
1721,1721,1,Moreau,Paul,pa.more.p1721@gmail.com,BTS/DUT,Ouvrier/Artisan,56408,1,Tchamba,Madeleine,ma.tcha.m1721@gmail.com,Licence,Sans emploi,24455,5,80863,1,0,Partiel
1722,1722,1,Issa,Alphonse,al.issa.p1722@gmail.com,Licence,Fonctionnaire,159006,1,Haidara,Hélène,hé.haid.m1722@gmail.com,Licence,Cadre moyen,193539,6,352545,2,0,Total
1723,1723,0,Nkeng,Jean,,Baccalauréat,Employé secteur informel,48611,1,Nkeng,Madeleine,ma.nken.m1723@gmail.com,Master/Grande école,Agriculteur/Éleveur,49215,7,97826,5,0,Partiel
1724,1724,1,Robert,Laurent,la.robe.p1724@gmail.com,Baccalauréat,Cadre moyen,310898,1,Robert,Christine,ch.robe.m1724@gmail.com,BTS/DUT,Cadre moyen,220569,2,531467,1,0,Total
1725,1725,1,Essama,Georges,ge.essa.p1725@gmail.com,Master/Grande école,Cadre moyen,242281,1,Medjo,Julienne,ju.medj.m1725@gmail.com,Primaire,Cadre supérieur,786273,7,1028554,3,0,Total
1726,1726,1,Thomas,Gérard,gé.thom.p1726@gmail.com,Master/Grande école,Chef d'entreprise,302217,1,Thomas,Suzanne,,Licence,Cadre supérieur,589253,4,891470,1,0,Total
1727,1727,1,Thomas,Georges,ge.thom.p1727@gmail.com,BEPC/FSLC,Fonctionnaire,137842,1,Thomas,Pauline,pa.thom.m1727@gmail.com,Aucun,Employé secteur informel,70595,6,208437,5,0,Partiel
1728,1728,1,Thomas,André,an.thom.p1728@gmail.com,Baccalauréat,Employé secteur informel,44962,1,Samba,Marguerite,ma.samb.m1728@gmail.com,Primaire,Agriculteur/Éleveur,83757,5,128719,5,0,Total
1729,1729,1,Yanga,Albert,al.yang.p1729@gmail.com,Baccalauréat,Cadre moyen,286624,1,Yanga,Hélène,hé.yang.m1729@gmail.com,Primaire,Employé secteur informel,35111,4,321735,5,0,Total
1730,1730,1,Petit,Alphonse,al.peti.p1730@gmail.com,BTS/DUT,Fonctionnaire,169760,1,Thomas,Victoire,vi.thom.m1730@gmail.com,BTS/DUT,Fonctionnaire,146788,2,316548,4,0,Total
1731,1731,1,Robert,Marcel,ma.robe.p1731@gmail.com,BTS/DUT,Employé secteur informel,73020,1,Robert,Marie,ma.robe.m1731@gmail.com,BTS/DUT,Ouvrier/Artisan,102828,4,175848,3,0,Total
1732,1732,1,Mbouck,Emmanuel,em.mbou.p1732@gmail.com,Master/Grande école,Sans emploi,6956,1,Martin,Pauline,pa.mart.m1732@gmail.com,Baccalauréat,Agriculteur/Éleveur,62192,5,69148,3,0,Total
1733,1733,0,Donfack,Jean,je.donf.p1733@gmail.com,Licence,Cadre supérieur,573002,1,Tchio,Brigitte,br.tchi.m1733@gmail.com,BTS/DUT,Fonctionnaire,162507,4,735509,3,0,Partiel
1734,1734,0,Kamga,Etienne,et.kamg.p1734@gmail.com,Primaire,Fonctionnaire,99054,1,Kamga,Marie,ma.kamg.m1734@gmail.com,BEPC/FSLC,Ouvrier/Artisan,55637,6,154691,3,0,Total
1735,1735,1,Vidal,Marcel,ma.vida.p1735@gmail.com,BTS/DUT,Ouvrier/Artisan,53769,1,Essama,Thérèse,th.essa.m1735@gmail.com,Baccalauréat,Cadre moyen,391725,2,445494,3,0,Partiel
1736,1736,1,Donfack,Emmanuel,em.donf.p1736@gmail.com,Licence,Ouvrier/Artisan,92296,1,Donfack,Hélène,hé.donf.m1736@gmail.com,Aucun,Ouvrier/Artisan,107336,9,199632,4,0,Partiel
1737,1737,1,Bello,Alphonse,al.bell.p1737@gmail.com,BEPC/FSLC,Ouvrier/Artisan,86173,1,Bello,Victoire,vi.bell.m1737@gmail.com,BEPC/FSLC,Cadre moyen,276958,6,363131,5,1,Partiel
1738,1738,1,Petit,Hervé,he.peti.p1738@gmail.com,Baccalauréat,Agriculteur/Éleveur,36144,1,Petit,Yvette,yv.peti.m1738@gmail.com,BEPC/FSLC,Sans emploi,3498,7,39642,5,1,Partiel
1739,1739,1,Robert,Albert,al.robe.p1739@gmail.com,Baccalauréat,Cadre moyen,363817,1,Tchio,Yvette,yv.tchi.m1739@gmail.com,Licence,Employé secteur informel,40823,4,404640,5,0,Total
1740,1740,1,Manga,Patrice,pa.mang.p1740@gmail.com,Licence,Employé secteur informel,56170,1,Manga,Brigitte,br.mang.m1740@gmail.com,Baccalauréat,Agriculteur/Éleveur,88565,5,144735,5,0,Total
1741,1741,1,Tchio,Hervé,he.tchi.p1741@gmail.com,BTS/DUT,Agriculteur/Éleveur,85481,1,Tchio,Odette,od.tchi.m1741@gmail.com,BEPC/FSLC,Ouvrier/Artisan,74167,3,159648,2,0,Partiel
1742,1742,1,Richard,Roger,ro.rich.p1742@gmail.com,Primaire,Sans emploi,11887,1,Toure,Rose,ro.tour.m1742@gmail.com,Primaire,Employé secteur informel,70807,1,82694,3,0,Aucun
1743,1743,1,Kamga,Jean,je.kamg.p1743@gmail.com,Licence,Chef d'entreprise,370154,1,Kamga,Marguerite,ma.kamg.m1743@gmail.com,Doctorat,Cadre moyen,191371,7,561525,3,0,Total
1744,1744,1,Nkeng,Roger,ro.nken.p1744@gmail.com,Baccalauréat,Cadre moyen,356719,1,Mbouck,Pauline,pa.mbou.m1744@gmail.com,BEPC/FSLC,Cadre moyen,398642,3,755361,4,0,Partiel
1745,1745,1,Lobe,Alphonse,al.lobe.p1745@gmail.com,BTS/DUT,Employé secteur informel,36534,1,Lobe,Pauline,pa.lobe.m1745@gmail.com,BTS/DUT,Cadre supérieur,548097,4,584631,3,0,Partiel
1746,1746,0,Onana,Hervé,he.onan.p1746@gmail.com,BEPC/FSLC,Cadre moyen,396406,1,Diallo,Martine,ma.dial.m1746@gmail.com,Master/Grande école,Agriculteur/Éleveur,61171,3,457577,3,0,Total
1747,1747,1,Onana,Hervé,he.onan.p1747@gmail.com,Licence,Employé secteur informel,74526,1,Dupont,Victoire,vi.dupo.m1747@gmail.com,Aucun,Agriculteur/Éleveur,44131,4,118657,3,0,Total
1748,1748,1,Simon,Laurent,la.simo.p1748@gmail.com,Primaire,Employé secteur informel,64774,1,Penda,Odette,od.pend.m1748@gmail.com,Licence,Ouvrier/Artisan,45642,2,110416,4,0,Total
1749,1749,1,Nkeng,Alphonse,,Primaire,Fonctionnaire,105639,0,Okafor,Christine,ch.okaf.m1749@gmail.com,Primaire,Ouvrier/Artisan,49774,6,155413,2,0,Aucun
1750,1750,1,Thomas,Victor,vi.thom.p1750@gmail.com,BEPC/FSLC,Cadre moyen,389778,1,Samba,Odette,od.samb.m1750@gmail.com,Aucun,Ouvrier/Artisan,60796,5,450574,5,0,Total
1751,1751,1,Biyong,Hervé,,BEPC/FSLC,Fonctionnaire,169242,1,Biyong,Jeanne,je.biyo.m1751@gmail.com,Baccalauréat,Employé secteur informel,60640,4,229882,3,0,Total
1752,1752,1,Bouchard,Pierre,pi.bouc.p1752@gmail.com,BTS/DUT,Chef d'entreprise,308516,0,Bouchard,Hélène,,Master/Grande école,Fonctionnaire,174953,7,483469,2,1,Total
1753,1753,1,Tchio,Félix,fé.tchi.p1753@gmail.com,BEPC/FSLC,Employé secteur informel,92999,1,Mbarga,Blandine,bl.mbar.m1753@gmail.com,BTS/DUT,Agriculteur/Éleveur,31841,5,124840,3,0,Aucun
1754,1754,1,Etoundi,Henri,he.etou.p1754@gmail.com,Baccalauréat,Employé secteur informel,62858,1,Abomo,Rosalie,ro.abom.m1754@gmail.com,Primaire,Fonctionnaire,102454,2,165312,4,0,Partiel
1755,1755,1,Umba,Emmanuel,em.umba.p1755@gmail.com,BEPC/FSLC,Fonctionnaire,114339,1,Lefebvre,Hélène,hé.lefe.m1755@gmail.com,BEPC/FSLC,Fonctionnaire,181707,4,296046,1,0,Partiel
1756,1756,1,Nyobe,Jean,je.nyob.p1756@gmail.com,Primaire,Cadre supérieur,540118,1,Garcia,Victoire,vi.garc.m1756@gmail.com,BEPC/FSLC,Ouvrier/Artisan,97634,3,637752,4,0,Total
1757,1757,1,Nguema,Henri,he.ngue.p1757@gmail.com,Master/Grande école,Cadre moyen,212650,0,Nguema,Rose,ro.ngue.m1757@gmail.com,BTS/DUT,Employé secteur informel,77716,5,290366,3,0,Total
1758,1758,1,Mbarga,Clément,cl.mbar.p1758@gmail.com,Master/Grande école,Chef d'entreprise,477342,1,Mbarga,Thérèse,th.mbar.m1758@gmail.com,BTS/DUT,Cadre moyen,333789,3,811131,5,1,Aucun
1759,1759,1,Samba,Victor,vi.samb.p1759@gmail.com,Master/Grande école,Cadre supérieur,546868,1,Wamba,Martine,ma.wamb.m1759@gmail.com,Primaire,Fonctionnaire,142326,3,689194,5,0,Total
1760,1760,1,Tchamba,Emmanuel,em.tcha.p1760@gmail.com,Master/Grande école,Fonctionnaire,147941,1,Diallo,Brigitte,br.dial.m1760@gmail.com,Baccalauréat,Employé secteur informel,61635,8,209576,3,0,Total
1761,1761,1,Kamga,Joseph,,BEPC/FSLC,Agriculteur/Éleveur,68627,1,Kamga,Madeleine,ma.kamg.m1761@gmail.com,Baccalauréat,Chef d'entreprise,1639316,9,1707943,1,0,Partiel
1762,1762,1,Foko,Albert,al.foko.p1762@gmail.com,BEPC/FSLC,Chef d'entreprise,1655265,1,Foko,Hélène,hé.foko.m1762@gmail.com,BEPC/FSLC,Employé secteur informel,47967,3,1703232,2,0,Total
1763,1763,1,Robert,Albert,al.robe.p1763@gmail.com,BTS/DUT,Cadre moyen,283105,1,Robert,Blandine,bl.robe.m1763@gmail.com,Licence,Fonctionnaire,198100,5,481205,2,1,Total
1764,1764,0,Mbouck,Albert,al.mbou.p1764@gmail.com,Licence,Employé secteur informel,87787,1,Mbouck,Yvette,yv.mbou.m1764@gmail.com,BTS/DUT,Chef d'entreprise,1750508,6,1838295,1,0,Total
1765,1765,1,Toure,Paul,pa.tour.p1765@gmail.com,Primaire,Fonctionnaire,119164,1,Toure,Rose,ro.tour.m1765@gmail.com,BEPC/FSLC,Employé secteur informel,47515,5,166679,4,0,Partiel
1766,1766,1,Vidal,Clément,cl.vida.p1766@gmail.com,Licence,Cadre moyen,226673,1,Vidal,Colette,,BTS/DUT,Employé secteur informel,54512,6,281185,1,0,Aucun
1767,1767,1,Donfack,Albert,al.donf.p1767@gmail.com,Licence,Sans emploi,30122,1,Mbouck,Cécile,,BEPC/FSLC,Cadre moyen,391148,1,421270,2,1,Partiel
1768,1768,1,Mvondo,Marcel,ma.mvon.p1768@gmail.com,BEPC/FSLC,Cadre moyen,372685,1,Samba,Blandine,bl.samb.m1768@gmail.com,Master/Grande école,Agriculteur/Éleveur,82668,7,455353,4,0,Total
1769,1769,0,Dupont,Alphonse,al.dupo.p1769@gmail.com,BEPC/FSLC,Ouvrier/Artisan,57123,1,Garcia,Madeleine,ma.garc.m1769@gmail.com,BEPC/FSLC,Ouvrier/Artisan,51907,5,109030,1,0,Total
1770,1770,1,Dupont,Victor,vi.dupo.p1770@gmail.com,BEPC/FSLC,Fonctionnaire,208069,1,Martin,Cécile,cé.mart.m1770@gmail.com,Baccalauréat,Cadre moyen,294158,4,502227,3,0,Partiel
1771,1771,1,Etoundi,Théodore,th.etou.p1771@gmail.com,BEPC/FSLC,Sans emploi,7965,1,Etoundi,Rose,ro.etou.m1771@gmail.com,Aucun,Fonctionnaire,200436,4,208401,4,0,Partiel
1772,1772,1,Bouchard,Alphonse,al.bouc.p1772@gmail.com,Master/Grande école,Fonctionnaire,126893,1,Dupont,Pauline,pa.dupo.m1772@gmail.com,BEPC/FSLC,Sans emploi,28021,3,154914,1,0,Total
1773,1773,1,Penda,Albert,al.pend.p1773@gmail.com,Baccalauréat,Agriculteur/Éleveur,69132,0,Ndzana,Angèle,an.ndza.m1773@gmail.com,BEPC/FSLC,Agriculteur/Éleveur,80906,2,150038,2,0,Total
1774,1774,1,Mvondo,Henri,he.mvon.p1774@gmail.com,Primaire,Sans emploi,6156,1,Mvondo,Jeanne,je.mvon.m1774@gmail.com,Baccalauréat,Fonctionnaire,210022,3,216178,5,1,Aucun
1775,1775,1,Abomo,Hervé,,Master/Grande école,Ouvrier/Artisan,87003,1,Petit,Rosalie,ro.peti.m1775@gmail.com,Baccalauréat,Agriculteur/Éleveur,51828,7,138831,4,0,Total
1776,1776,1,Samba,André,an.samb.p1776@gmail.com,BTS/DUT,Fonctionnaire,94411,1,Donfack,Colette,co.donf.m1776@gmail.com,Primaire,Cadre moyen,262617,6,357028,3,0,Partiel
1777,1777,0,Moreau,Clément,cl.more.p1777@gmail.com,BEPC/FSLC,Ouvrier/Artisan,76430,1,Lefebvre,Martine,ma.lefe.m1777@gmail.com,Master/Grande école,Employé secteur informel,53502,6,129932,4,0,Total
1778,1778,1,Dubois,Pierre,pi.dubo.p1778@gmail.com,Baccalauréat,Ouvrier/Artisan,87626,1,Thomas,Suzanne,su.thom.m1778@gmail.com,Aucun,Fonctionnaire,203235,8,290861,4,0,Aucun
1779,1779,1,Essama,Armand,ar.essa.p1779@gmail.com,Baccalauréat,Cadre supérieur,787630,1,Lobe,Yvette,yv.lobe.m1779@gmail.com,BEPC/FSLC,Chef d'entreprise,1492700,8,2280330,4,0,Total
1780,1780,1,Umba,Hervé,he.umba.p1780@gmail.com,BEPC/FSLC,Fonctionnaire,134731,1,Lobe,Odette,od.lobe.m1780@gmail.com,Licence,Employé secteur informel,78215,7,212946,2,0,Partiel
1781,1781,1,Nkeng,Hervé,,Master/Grande école,Ouvrier/Artisan,50378,1,Nkeng,Suzanne,su.nken.m1781@gmail.com,Baccalauréat,Employé secteur informel,67314,1,117692,2,0,Partiel
1782,1782,0,Yanga,Victor,vi.yang.p1782@gmail.com,Licence,Cadre moyen,206262,1,Mvondo,Pauline,pa.mvon.m1782@gmail.com,Doctorat,Cadre moyen,376807,3,583069,4,0,Total
1783,1783,1,Issa,Gérard,gé.issa.p1783@gmail.com,BTS/DUT,Agriculteur/Éleveur,32164,1,Issa,Brigitte,br.issa.m1783@gmail.com,Primaire,Cadre moyen,281789,6,313953,3,0,Total
1784,1784,0,Diallo,Félix,fé.dial.p1784@gmail.com,Primaire,Agriculteur/Éleveur,61547,1,Medjo,Suzanne,su.medj.m1784@gmail.com,Baccalauréat,Agriculteur/Éleveur,29489,7,91036,5,0,Partiel
1785,1785,1,Nyobe,Patrice,pa.nyob.p1785@gmail.com,BEPC/FSLC,Agriculteur/Éleveur,81100,1,Nyobe,Rose,ro.nyob.m1785@gmail.com,Master/Grande école,Cadre supérieur,384667,8,465767,4,0,Aucun
1786,1786,1,Mvondo,Charles,ch.mvon.p1786@gmail.com,Master/Grande école,Employé secteur informel,46781,0,Thomas,Brigitte,br.thom.m1786@gmail.com,BEPC/FSLC,Agriculteur/Éleveur,87669,4,134450,5,0,Total
1787,1787,1,Lefebvre,Georges,ge.lefe.p1787@gmail.com,BTS/DUT,Cadre moyen,266345,1,Lefebvre,Christine,ch.lefe.m1787@gmail.com,Doctorat,Ouvrier/Artisan,65160,4,331505,5,0,Total
1788,1788,1,Biyong,Victor,vi.biyo.p1788@gmail.com,BEPC/FSLC,Ouvrier/Artisan,75993,1,Toure,Yvette,yv.tour.m1788@gmail.com,Primaire,Employé secteur informel,47672,5,123665,4,0,Partiel
1789,1789,1,Zobel,André,an.zobe.p1789@gmail.com,Licence,Cadre supérieur,638245,0,Zobel,Hélène,hé.zobe.m1789@gmail.com,Master/Grande école,Cadre moyen,399744,6,1037989,4,0,Total
1790,1790,1,Moreau,Gérard,gé.more.p1790@gmail.com,Primaire,Ouvrier/Artisan,97114,1,Moreau,Martine,ma.more.m1790@gmail.com,Baccalauréat,Agriculteur/Éleveur,64488,4,161602,4,0,Aucun
1791,1791,0,Dubois,Albert,,Baccalauréat,Agriculteur/Éleveur,44545,1,Dubois,Julienne,ju.dubo.m1791@gmail.com,Primaire,Employé secteur informel,84847,3,129392,5,0,Total
1792,1792,1,Petit,Armand,ar.peti.p1792@gmail.com,Aucun,Ouvrier/Artisan,104612,1,Dubois,Cécile,cé.dubo.m1792@gmail.com,Aucun,Agriculteur/Éleveur,74323,7,178935,5,1,Partiel
1793,1793,1,Nyobe,Victor,vi.nyob.p1793@gmail.com,BTS/DUT,Employé secteur informel,62530,1,Martin,Adèle,ad.mart.m1793@gmail.com,BEPC/FSLC,Employé secteur informel,63406,3,125936,2,0,Total
1794,1794,1,Simon,Roger,ro.simo.p1794@gmail.com,Baccalauréat,Agriculteur/Éleveur,81339,1,Essama,Blandine,bl.essa.m1794@gmail.com,BTS/DUT,Employé secteur informel,82285,4,163624,3,0,Partiel
1795,1795,1,Mbouck,Henri,he.mbou.p1795@gmail.com,Licence,Chef d'entreprise,1600538,1,Vidal,Adèle,ad.vida.m1795@gmail.com,Primaire,Employé secteur informel,82764,6,1683302,2,0,Total
1796,1796,0,Kamga,Joseph,jo.kamg.p1796@gmail.com,Licence,Ouvrier/Artisan,46271,0,Bello,Adèle,ad.bell.m1796@gmail.com,Licence,Fonctionnaire,179722,4,225993,2,0,Total
1797,1797,1,Mbarga,Paul,pa.mbar.p1797@gmail.com,BEPC/FSLC,Cadre supérieur,768628,1,Mbarga,Odette,,Primaire,Cadre supérieur,729445,6,1498073,1,0,Total
1798,1798,1,Mbarga,Joseph,jo.mbar.p1798@gmail.com,Aucun,Ouvrier/Artisan,55091,1,Mbarga,Rose,ro.mbar.m1798@gmail.com,Baccalauréat,Agriculteur/Éleveur,33868,7,88959,5,0,Partiel
1799,1799,1,Martin,Etienne,et.mart.p1799@gmail.com,Primaire,Sans emploi,28330,1,Martin,Marie,ma.mart.m1799@gmail.com,BEPC/FSLC,Agriculteur/Éleveur,34915,4,63245,1,0,Total
1800,1800,1,Onana,Laurent,la.onan.p1800@gmail.com,Aucun,Agriculteur/Éleveur,86839,1,Onana,Brigitte,br.onan.m1800@gmail.com,Baccalauréat,Agriculteur/Éleveur,54759,6,141598,2,0,Total
1801,1801,1,Kamga,Victor,vi.kamg.p1801@gmail.com,Primaire,Chef d'entreprise,1530981,1,Kamga,Rosalie,ro.kamg.m1801@gmail.com,Licence,Sans emploi,963,3,1531944,1,0,Partiel
1802,1802,1,Etoundi,Albert,al.etou.p1802@gmail.com,Baccalauréat,Employé secteur informel,53967,1,Etoundi,Jeanne,je.etou.m1802@gmail.com,Baccalauréat,Ouvrier/Artisan,64121,6,118088,5,1,Partiel
1803,1803,1,Simon,Laurent,la.simo.p1803@gmail.com,Baccalauréat,Agriculteur/Éleveur,37579,1,Simon,Cécile,cé.simo.m1803@gmail.com,Baccalauréat,Cadre moyen,245678,5,283257,5,0,Total
1804,1804,1,Issa,Victor,,Baccalauréat,Cadre moyen,326899,1,Issa,Thérèse,th.issa.m1804@gmail.com,Primaire,Cadre moyen,272562,8,599461,3,0,Total
1805,1805,1,Mbarga,Théodore,th.mbar.p1805@gmail.com,Primaire,Ouvrier/Artisan,100913,1,Mbarga,Victoire,vi.mbar.m1805@gmail.com,Baccalauréat,Agriculteur/Éleveur,64076,9,164989,2,0,Aucun
1806,1806,1,Yanga,Etienne,et.yang.p1806@gmail.com,Master/Grande école,Fonctionnaire,214090,1,Yanga,Hélène,hé.yang.m1806@gmail.com,Baccalauréat,Cadre moyen,354067,5,568157,5,0,Partiel
1807,1807,1,Tchamba,Emmanuel,em.tcha.p1807@gmail.com,Licence,Employé secteur informel,62164,1,Tchamba,Rose,ro.tcha.m1807@gmail.com,Baccalauréat,Ouvrier/Artisan,70602,4,132766,2,0,Total
1808,1808,1,Jourdain,Henri,he.jour.p1808@gmail.com,BEPC/FSLC,Fonctionnaire,141602,1,Jourdain,Jeanne,je.jour.m1808@gmail.com,Licence,Agriculteur/Éleveur,67732,3,209334,3,0,Total
1809,1809,1,Donfack,Hervé,he.donf.p1809@gmail.com,Baccalauréat,Agriculteur/Éleveur,60334,1,Donfack,Rose,,BEPC/FSLC,Agriculteur/Éleveur,68062,8,128396,3,0,Aucun
1810,1810,1,Issa,Etienne,et.issa.p1810@gmail.com,BTS/DUT,Employé secteur informel,66278,1,Issa,Adèle,ad.issa.m1810@gmail.com,Baccalauréat,Ouvrier/Artisan,103219,6,169497,2,0,Partiel
1811,1811,1,Jourdain,Georges,,Aucun,Cadre moyen,248667,1,Yanga,Madeleine,ma.yang.m1811@gmail.com,BEPC/FSLC,Ouvrier/Artisan,105153,2,353820,5,0,Total
1812,1812,1,Mbouck,Théodore,th.mbou.p1812@gmail.com,Baccalauréat,Cadre supérieur,549931,1,Mbouck,Cécile,cé.mbou.m1812@gmail.com,BEPC/FSLC,Fonctionnaire,213522,6,763453,4,0,Partiel
1813,1813,1,Mvondo,Félix,fé.mvon.p1813@gmail.com,Baccalauréat,Fonctionnaire,218745,1,Etoundi,Marie,,BEPC/FSLC,Ouvrier/Artisan,83976,6,302721,2,1,Total
1814,1814,1,Wamba,Roger,ro.wamb.p1814@gmail.com,BTS/DUT,Chef d'entreprise,1517054,1,Petit,Adèle,ad.peti.m1814@gmail.com,Primaire,Fonctionnaire,214074,8,1731128,1,0,Total
1815,1815,1,Michel,Emmanuel,em.mich.p1815@gmail.com,Baccalauréat,Employé secteur informel,49366,1,Yanga,Madeleine,ma.yang.m1815@gmail.com,BEPC/FSLC,Employé secteur informel,52660,7,102026,3,1,Partiel
1816,1816,1,Nkeng,Théodore,th.nken.p1816@gmail.com,BEPC/FSLC,Fonctionnaire,103923,1,Nkeng,Jeanne,je.nken.m1816@gmail.com,Licence,Fonctionnaire,95432,4,199355,3,0,Total
1817,1817,1,Dupont,Gérard,gé.dupo.p1817@gmail.com,Master/Grande école,Employé secteur informel,87533,1,Dupont,Marguerite,ma.dupo.m1817@gmail.com,BTS/DUT,Cadre moyen,305426,2,392959,3,0,Total
1818,1818,0,Nyobe,Gérard,gé.nyob.p1818@gmail.com,Baccalauréat,Ouvrier/Artisan,107591,1,Nyobe,Cécile,cé.nyob.m1818@gmail.com,Aucun,Fonctionnaire,164430,2,272021,5,0,Total
1819,1819,1,Onana,Charles,ch.onan.p1819@gmail.com,BTS/DUT,Fonctionnaire,146057,1,Okafor,Julienne,ju.okaf.m1819@gmail.com,Licence,Employé secteur informel,51444,4,197501,1,0,Partiel
1820,1820,0,Ebene,Théodore,th.eben.p1820@gmail.com,BEPC/FSLC,Cadre supérieur,766016,1,Ebene,Suzanne,su.eben.m1820@gmail.com,Licence,Fonctionnaire,173568,6,939584,1,1,Total
1821,1821,1,Bouchard,Alphonse,al.bouc.p1821@gmail.com,BEPC/FSLC,Employé secteur informel,74957,1,Bouchard,Rose,ro.bouc.m1821@gmail.com,Baccalauréat,Ouvrier/Artisan,100542,4,175499,2,1,Total
1822,1822,1,Penda,Patrice,,Master/Grande école,Chef d'entreprise,421039,1,Bernard,Victoire,vi.bern.m1822@gmail.com,Licence,Cadre moyen,230985,8,652024,1,0,Partiel
1823,1823,1,Feudjio,Laurent,la.feud.p1823@gmail.com,BEPC/FSLC,Ouvrier/Artisan,99278,1,Essama,Angèle,an.essa.m1823@gmail.com,BTS/DUT,Cadre moyen,250790,4,350068,5,0,Partiel
1824,1824,1,Richard,Etienne,et.rich.p1824@gmail.com,Master/Grande école,Cadre supérieur,864261,1,Richard,Adèle,ad.rich.m1824@gmail.com,Licence,Cadre moyen,278863,4,1143124,3,0,Aucun
1825,1825,1,Lefebvre,Henri,he.lefe.p1825@gmail.com,BTS/DUT,Fonctionnaire,97998,1,Nguema,Martine,ma.ngue.m1825@gmail.com,Licence,Sans emploi,21715,7,119713,3,1,Total
1826,1826,1,Diallo,Georges,ge.dial.p1826@gmail.com,Aucun,Fonctionnaire,100583,1,Diallo,Rosalie,ro.dial.m1826@gmail.com,BEPC/FSLC,Sans emploi,13518,5,114101,3,0,Total
1827,1827,1,Dupont,Roger,ro.dupo.p1827@gmail.com,Licence,Employé secteur informel,81065,1,Manga,Hélène,hé.mang.m1827@gmail.com,Baccalauréat,Cadre moyen,369635,6,450700,2,0,Partiel
1828,1828,1,Donfack,Laurent,la.donf.p1828@gmail.com,Baccalauréat,Employé secteur informel,59603,1,Lefebvre,Rosalie,ro.lefe.m1828@gmail.com,BEPC/FSLC,Sans emploi,17211,4,76814,4,1,Total
1829,1829,1,Nguema,Félix,fé.ngue.p1829@gmail.com,Licence,Chef d'entreprise,1248396,1,Bouchard,Adèle,ad.bouc.m1829@gmail.com,Master/Grande école,Sans emploi,10123,3,1258519,4,0,Aucun
1830,1830,1,Medjo,Félix,fé.medj.p1830@gmail.com,BEPC/FSLC,Fonctionnaire,203110,1,Medjo,Angèle,an.medj.m1830@gmail.com,BEPC/FSLC,Ouvrier/Artisan,66733,2,269843,1,0,Total
1831,1831,1,Abomo,Henri,he.abom.p1831@gmail.com,Aucun,Agriculteur/Éleveur,83902,0,Abomo,Madeleine,ma.abom.m1831@gmail.com,Baccalauréat,Employé secteur informel,65393,8,149295,1,1,Partiel
1832,1832,1,Biyong,Jean,je.biyo.p1832@gmail.com,BTS/DUT,Employé secteur informel,70082,1,Lobe,Hélène,hé.lobe.m1832@gmail.com,Primaire,Agriculteur/Éleveur,68604,4,138686,2,0,Total
1833,1833,1,Diallo,Joseph,jo.dial.p1833@gmail.com,Master/Grande école,Fonctionnaire,178286,1,Diallo,Thérèse,,BTS/DUT,Fonctionnaire,202318,2,380604,1,0,Total
1834,1834,1,Richard,Patrice,pa.rich.p1834@gmail.com,Primaire,Agriculteur/Éleveur,66298,1,Wamba,Hélène,hé.wamb.m1834@gmail.com,Primaire,Agriculteur/Éleveur,52775,7,119073,4,0,Partiel
1835,1835,1,Onana,Armand,ar.onan.p1835@gmail.com,Master/Grande école,Ouvrier/Artisan,102808,1,Ndzana,Suzanne,su.ndza.m1835@gmail.com,Master/Grande école,Cadre supérieur,767341,7,870149,3,0,Total
1836,1836,1,Tchamba,Victor,vi.tcha.p1836@gmail.com,Baccalauréat,Employé secteur informel,62503,1,Rodrigues,Pauline,pa.rodr.m1836@gmail.com,Baccalauréat,Cadre moyen,392760,6,455263,1,1,Total
1837,1837,1,Dubois,Etienne,et.dubo.p1837@gmail.com,BTS/DUT,Ouvrier/Artisan,58657,1,Nguema,Cécile,cé.ngue.m1837@gmail.com,Aucun,Fonctionnaire,140127,7,198784,5,0,Partiel
1838,1838,1,Mbarga,Armand,ar.mbar.p1838@gmail.com,BEPC/FSLC,Agriculteur/Éleveur,38944,1,Abomo,Adèle,ad.abom.m1838@gmail.com,Primaire,Ouvrier/Artisan,54699,4,93643,3,0,Total
1839,1839,0,Biyong,Laurent,la.biyo.p1839@gmail.com,BTS/DUT,Fonctionnaire,189783,1,Tchio,Hélène,,BEPC/FSLC,Fonctionnaire,214682,5,404465,5,1,Total
1840,1840,1,Nguema,Félix,fé.ngue.p1840@gmail.com,BEPC/FSLC,Cadre moyen,245909,1,Foko,Marguerite,ma.foko.m1840@gmail.com,Baccalauréat,Employé secteur informel,69646,5,315555,3,0,Total
1841,1841,1,Michel,Patrice,pa.mich.p1841@gmail.com,BTS/DUT,Fonctionnaire,134099,1,Michel,Hélène,hé.mich.m1841@gmail.com,Baccalauréat,Fonctionnaire,161877,3,295976,3,0,Partiel
1842,1842,1,Feudjio,Gérard,gé.feud.p1842@gmail.com,Baccalauréat,Fonctionnaire,214452,0,Feudjio,Madeleine,ma.feud.m1842@gmail.com,Baccalauréat,Ouvrier/Artisan,76684,4,291136,3,1,Partiel
1843,1843,1,Gomis,Clément,cl.gomi.p1843@gmail.com,BTS/DUT,Cadre moyen,251729,1,Gomis,Thérèse,th.gomi.m1843@gmail.com,BEPC/FSLC,Ouvrier/Artisan,98704,9,350433,3,0,Aucun
1844,1844,1,Biyong,Théodore,th.biyo.p1844@gmail.com,Baccalauréat,Cadre moyen,325794,1,Biyong,Suzanne,,Baccalauréat,Ouvrier/Artisan,75042,3,400836,3,0,Partiel
1845,1845,1,Bouchard,Armand,ar.bouc.p1845@gmail.com,BTS/DUT,Fonctionnaire,158300,1,Gomis,Rose,ro.gomi.m1845@gmail.com,Licence,Fonctionnaire,90502,6,248802,4,0,Total
1846,1846,1,Rodrigues,Victor,vi.rodr.p1846@gmail.com,Baccalauréat,Cadre moyen,328516,1,Etoundi,Rose,,Primaire,Employé secteur informel,72750,2,401266,4,0,Total
1847,1847,1,Leroy,Clément,cl.lero.p1847@gmail.com,Doctorat,Chef d'entreprise,683699,1,Leroy,Marguerite,ma.lero.m1847@gmail.com,Licence,Fonctionnaire,142535,5,826234,2,0,Total
1848,1848,1,Martin,Alphonse,al.mart.p1848@gmail.com,BEPC/FSLC,Employé secteur informel,36941,1,Martin,Colette,co.mart.m1848@gmail.com,BTS/DUT,Fonctionnaire,210045,3,246986,4,0,Partiel
1849,1849,1,Nkeng,Hervé,he.nken.p1849@gmail.com,BEPC/FSLC,Agriculteur/Éleveur,31075,1,Nkeng,Yvette,yv.nken.m1849@gmail.com,Primaire,Agriculteur/Éleveur,72096,7,103171,2,0,Partiel
1850,1850,1,Robert,Roger,ro.robe.p1850@gmail.com,BTS/DUT,Cadre moyen,319640,1,Robert,Marie,ma.robe.m1850@gmail.com,Licence,Cadre supérieur,353795,6,673435,3,0,Total
1851,1851,1,Abomo,Patrice,pa.abom.p1851@gmail.com,BTS/DUT,Cadre supérieur,742372,1,Etoundi,Jeanne,je.etou.m1851@gmail.com,BTS/DUT,Cadre moyen,328328,8,1070700,4,0,Partiel
1852,1852,1,Michel,Roger,,Master/Grande école,Sans emploi,14862,1,Michel,Brigitte,br.mich.m1852@gmail.com,Doctorat,Cadre moyen,368657,6,383519,2,0,Total
1853,1853,1,Nyobe,Théodore,th.nyob.p1853@gmail.com,BTS/DUT,Chef d'entreprise,915677,1,Nyobe,Odette,od.nyob.m1853@gmail.com,Licence,Chef d'entreprise,1151268,3,2066945,5,0,Total
1854,1854,1,Okafor,Albert,al.okaf.p1854@gmail.com,Licence,Fonctionnaire,144234,1,Tchio,Yvette,yv.tchi.m1854@gmail.com,Master/Grande école,Fonctionnaire,197566,4,341800,5,0,Partiel
1855,1855,1,Rodrigues,Victor,,Primaire,Fonctionnaire,196079,1,Nyobe,Adèle,ad.nyob.m1855@gmail.com,Baccalauréat,Chef d'entreprise,1078937,5,1275016,3,1,Partiel
1856,1856,1,Moreau,Patrice,pa.more.p1856@gmail.com,Baccalauréat,Employé secteur informel,56635,1,Moreau,Rose,ro.more.m1856@gmail.com,BEPC/FSLC,Fonctionnaire,207500,6,264135,4,0,Partiel
1857,1857,1,Nyobe,Georges,ge.nyob.p1857@gmail.com,Baccalauréat,Fonctionnaire,108845,1,Tchio,Christine,ch.tchi.m1857@gmail.com,Baccalauréat,Fonctionnaire,121502,2,230347,4,0,Total
1858,1858,1,Martin,Laurent,la.mart.p1858@gmail.com,Baccalauréat,Cadre moyen,183719,1,Nyobe,Brigitte,br.nyob.m1858@gmail.com,BTS/DUT,Fonctionnaire,186793,8,370512,3,0,Total
1859,1859,1,Nguema,Albert,al.ngue.p1859@gmail.com,Aucun,Cadre supérieur,732037,1,Nguema,Rosalie,ro.ngue.m1859@gmail.com,BTS/DUT,Cadre moyen,331942,9,1063979,1,1,Total
1860,1860,1,Dupont,Clément,cl.dupo.p1860@gmail.com,Baccalauréat,Employé secteur informel,86275,1,Dupont,Martine,ma.dupo.m1860@gmail.com,Aucun,Fonctionnaire,213200,2,299475,1,0,Total
1861,1861,1,Donfack,Jean,je.donf.p1861@gmail.com,Baccalauréat,Cadre moyen,252147,1,Haidara,Jeanne,je.haid.m1861@gmail.com,BTS/DUT,Fonctionnaire,147688,6,399835,4,0,Total
1862,1862,1,Wamba,Emmanuel,em.wamb.p1862@gmail.com,Baccalauréat,Agriculteur/Éleveur,70692,1,Toure,Thérèse,,Primaire,Employé secteur informel,42698,4,113390,2,1,Partiel
1863,1863,0,Mbarga,Albert,al.mbar.p1863@gmail.com,Master/Grande école,Ouvrier/Artisan,107882,1,Gomis,Odette,od.gomi.m1863@gmail.com,Primaire,Employé secteur informel,77579,5,185461,3,1,Total
1864,1864,1,Thomas,Joseph,jo.thom.p1864@gmail.com,BTS/DUT,Fonctionnaire,98190,1,Thomas,Martine,ma.thom.m1864@gmail.com,Master/Grande école,Employé secteur informel,53280,2,151470,2,1,Total
1865,1865,1,Bernard,Marcel,ma.bern.p1865@gmail.com,BEPC/FSLC,Agriculteur/Éleveur,62866,1,Lobe,Blandine,bl.lobe.m1865@gmail.com,Baccalauréat,Employé secteur informel,63956,4,126822,3,0,Partiel
1866,1866,1,Onana,Alphonse,al.onan.p1866@gmail.com,Baccalauréat,Cadre supérieur,436505,1,Onana,Adèle,ad.onan.m1866@gmail.com,Primaire,Employé secteur informel,85672,7,522177,3,0,Total
1867,1867,1,Atangana,Marcel,ma.atan.p1867@gmail.com,BEPC/FSLC,Cadre supérieur,851781,0,Yanga,Rosalie,ro.yang.m1867@gmail.com,BEPC/FSLC,Employé secteur informel,55673,5,907454,4,0,Total
1868,1868,1,Atangana,Pierre,pi.atan.p1868@gmail.com,Primaire,Ouvrier/Artisan,109236,0,Okafor,Jeanne,je.okaf.m1868@gmail.com,Baccalauréat,Ouvrier/Artisan,71134,9,180370,2,0,Partiel
1869,1869,1,Tchamba,Emmanuel,em.tcha.p1869@gmail.com,Baccalauréat,Employé secteur informel,36493,1,Tchamba,Yvette,yv.tcha.m1869@gmail.com,Baccalauréat,Fonctionnaire,192610,6,229103,1,0,Total
1870,1870,1,Bernard,Alphonse,al.bern.p1870@gmail.com,Doctorat,Fonctionnaire,159371,1,Essama,Yvette,yv.essa.m1870@gmail.com,BTS/DUT,Fonctionnaire,122142,1,281513,3,0,Partiel
1871,1871,1,Nyobe,Paul,pa.nyob.p1871@gmail.com,Master/Grande école,Chef d'entreprise,1018710,1,Nyobe,Marguerite,,Licence,Cadre supérieur,742049,2,1760759,2,1,Total
1872,1872,1,Toure,Emmanuel,em.tour.p1872@gmail.com,Baccalauréat,Ouvrier/Artisan,89275,1,Toure,Brigitte,br.tour.m1872@gmail.com,Baccalauréat,Fonctionnaire,94441,4,183716,5,0,Total
1873,1873,1,Vidal,Hervé,he.vida.p1873@gmail.com,Master/Grande école,Employé secteur informel,41993,1,Vidal,Suzanne,su.vida.m1873@gmail.com,Primaire,Fonctionnaire,199039,5,241032,4,0,Partiel
1874,1874,1,Medjo,Gérard,gé.medj.p1874@gmail.com,Baccalauréat,Ouvrier/Artisan,87401,0,Feudjio,Rosalie,ro.feud.m1874@gmail.com,Baccalauréat,Agriculteur/Éleveur,51837,6,139238,1,0,Total
1875,1875,1,Lefebvre,Georges,ge.lefe.p1875@gmail.com,Baccalauréat,Employé secteur informel,57730,1,Michel,Cécile,cé.mich.m1875@gmail.com,Licence,Employé secteur informel,40924,8,98654,5,0,Total
1876,1876,1,Issa,Paul,pa.issa.p1876@gmail.com,Baccalauréat,Cadre moyen,223312,1,Issa,Thérèse,th.issa.m1876@gmail.com,Licence,Cadre moyen,226827,7,450139,4,1,Total
1877,1877,1,Wamba,Victor,,Licence,Chef d'entreprise,1184007,1,Wamba,Jeanne,je.wamb.m1877@gmail.com,Licence,Cadre moyen,246145,7,1430152,3,0,Total
1878,1878,1,Medjo,Henri,he.medj.p1878@gmail.com,Master/Grande école,Cadre supérieur,425586,1,Mvondo,Martine,ma.mvon.m1878@gmail.com,BEPC/FSLC,Agriculteur/Éleveur,28036,2,453622,3,0,Total
1879,1879,1,Lefebvre,Hervé,,Baccalauréat,Employé secteur informel,93881,1,Petit,Yvette,yv.peti.m1879@gmail.com,Primaire,Fonctionnaire,178802,9,272683,5,1,Partiel
1880,1880,1,Thomas,Joseph,jo.thom.p1880@gmail.com,BEPC/FSLC,Employé secteur informel,86230,1,Kamga,Rosalie,ro.kamg.m1880@gmail.com,Aucun,Ouvrier/Artisan,105962,4,192192,2,0,Total
1881,1881,1,Ebene,Henri,he.eben.p1881@gmail.com,Primaire,Agriculteur/Éleveur,83841,1,Jourdain,Odette,od.jour.m1881@gmail.com,Primaire,Cadre moyen,387894,3,471735,2,0,Partiel
1882,1882,1,Jourdain,Alphonse,al.jour.p1882@gmail.com,BTS/DUT,Agriculteur/Éleveur,44352,1,Jourdain,Blandine,,Primaire,Cadre moyen,310057,5,354409,5,0,Partiel
1883,1883,1,Moreau,Armand,ar.more.p1883@gmail.com,Master/Grande école,Cadre moyen,276074,1,Issa,Adèle,ad.issa.m1883@gmail.com,BTS/DUT,Agriculteur/Éleveur,38086,7,314160,1,0,Total
1884,1884,1,Atangana,Laurent,la.atan.p1884@gmail.com,Baccalauréat,Cadre moyen,313094,1,Martin,Rose,ro.mart.m1884@gmail.com,Baccalauréat,Fonctionnaire,164708,4,477802,3,0,Total
1885,1885,1,Martin,Albert,al.mart.p1885@gmail.com,Licence,Employé secteur informel,87872,1,Leroy,Hélène,hé.lero.m1885@gmail.com,Master/Grande école,Agriculteur/Éleveur,57145,2,145017,2,0,Partiel
1886,1886,1,Onana,Clément,cl.onan.p1886@gmail.com,Baccalauréat,Fonctionnaire,201290,1,Onana,Thérèse,th.onan.m1886@gmail.com,BTS/DUT,Fonctionnaire,172058,8,373348,5,0,Total
1887,1887,1,Martin,Hervé,,Baccalauréat,Employé secteur informel,65223,1,Martin,Suzanne,su.mart.m1887@gmail.com,BEPC/FSLC,Fonctionnaire,215931,4,281154,1,1,Total
1888,1888,1,Toure,Patrice,pa.tour.p1888@gmail.com,BEPC/FSLC,Sans emploi,27168,1,Simon,Cécile,cé.simo.m1888@gmail.com,BTS/DUT,Ouvrier/Artisan,51016,3,78184,5,0,Partiel
1889,1889,1,Richard,Félix,fé.rich.p1889@gmail.com,Doctorat,Cadre supérieur,547840,1,Martin,Cécile,cé.mart.m1889@gmail.com,Doctorat,Chef d'entreprise,1684875,5,2232715,4,0,Total
1890,1890,1,Jourdain,Gérard,,Master/Grande école,Cadre moyen,201016,0,Martin,Brigitte,br.mart.m1890@gmail.com,BTS/DUT,Employé secteur informel,71600,7,272616,1,1,Total
1891,1891,1,Yanga,Alphonse,al.yang.p1891@gmail.com,BTS/DUT,Cadre moyen,222873,1,Thomas,Madeleine,ma.thom.m1891@gmail.com,BTS/DUT,Ouvrier/Artisan,69671,2,292544,4,0,Aucun
1892,1892,1,Leroy,Félix,fé.lero.p1892@gmail.com,Baccalauréat,Ouvrier/Artisan,95935,1,Mvondo,Pauline,pa.mvon.m1892@gmail.com,BEPC/FSLC,Agriculteur/Éleveur,85168,4,181103,4,0,Aucun
1893,1893,1,Simon,Laurent,la.simo.p1893@gmail.com,Aucun,Ouvrier/Artisan,77050,1,Simon,Marguerite,ma.simo.m1893@gmail.com,Master/Grande école,Ouvrier/Artisan,106142,4,183192,3,0,Total
1894,1894,0,Ebene,Paul,pa.eben.p1894@gmail.com,BEPC/FSLC,Ouvrier/Artisan,85097,1,Ebene,Marguerite,,Aucun,Employé secteur informel,84257,6,169354,4,0,Total
1895,1895,1,Nkeng,Hervé,he.nken.p1895@gmail.com,Baccalauréat,Cadre supérieur,544770,1,Mvondo,Blandine,bl.mvon.m1895@gmail.com,Licence,Fonctionnaire,179684,5,724454,2,0,Partiel
1896,1896,1,Okafor,Alphonse,,Aucun,Ouvrier/Artisan,94805,1,Mbouck,Brigitte,br.mbou.m1896@gmail.com,BEPC/FSLC,Agriculteur/Éleveur,64450,4,159255,1,1,Aucun
1897,1897,1,Dubois,Hervé,he.dubo.p1897@gmail.com,BEPC/FSLC,Agriculteur/Éleveur,31937,1,Robert,Blandine,bl.robe.m1897@gmail.com,Primaire,Sans emploi,25996,6,57933,5,0,Partiel
1898,1898,1,Tchio,Paul,pa.tchi.p1898@gmail.com,Baccalauréat,Agriculteur/Éleveur,78106,1,Tchio,Colette,co.tchi.m1898@gmail.com,Doctorat,Fonctionnaire,111363,4,189469,5,0,Partiel
1899,1899,1,Essama,Charles,ch.essa.p1899@gmail.com,BTS/DUT,Fonctionnaire,152855,1,Onana,Thérèse,th.onan.m1899@gmail.com,BTS/DUT,Fonctionnaire,160461,3,313316,1,1,Total
1900,1900,1,Bernard,Hervé,he.bern.p1900@gmail.com,BEPC/FSLC,Employé secteur informel,73967,1,Bernard,Marguerite,ma.bern.m1900@gmail.com,Primaire,Fonctionnaire,200095,7,274062,3,1,Partiel
1901,1901,0,Samba,Roger,,Baccalauréat,Chef d'entreprise,327097,1,Samba,Suzanne,su.samb.m1901@gmail.com,BEPC/FSLC,Cadre moyen,193271,4,520368,2,0,Total
1902,1902,1,Nkeng,Hervé,he.nken.p1902@gmail.com,Aucun,Agriculteur/Éleveur,88554,1,Nkeng,Martine,,BEPC/FSLC,Employé secteur informel,67836,3,156390,5,0,Total
1903,1903,1,Dubois,Hervé,he.dubo.p1903@gmail.com,BTS/DUT,Agriculteur/Éleveur,27441,1,Dubois,Yvette,yv.dubo.m1903@gmail.com,BTS/DUT,Cadre supérieur,683389,4,710830,2,0,Total
1904,1904,1,Yanga,Pierre,pi.yang.p1904@gmail.com,Baccalauréat,Fonctionnaire,160709,1,Wamba,Odette,od.wamb.m1904@gmail.com,Licence,Fonctionnaire,171151,9,331860,2,0,Total
1905,1905,1,Thomas,Marcel,ma.thom.p1905@gmail.com,Licence,Fonctionnaire,90229,1,Thomas,Colette,co.thom.m1905@gmail.com,BTS/DUT,Employé secteur informel,38799,3,129028,4,0,Aucun
1906,1906,1,Essama,Georges,ge.essa.p1906@gmail.com,BEPC/FSLC,Agriculteur/Éleveur,40604,1,Robert,Thérèse,,Licence,Fonctionnaire,126857,5,167461,5,0,Partiel
1907,1907,0,Bernard,Georges,ge.bern.p1907@gmail.com,Primaire,Fonctionnaire,155179,1,Thomas,Cécile,cé.thom.m1907@gmail.com,Primaire,Cadre moyen,355346,6,510525,3,0,Partiel
1908,1908,1,Zobel,Etienne,et.zobe.p1908@gmail.com,Primaire,Cadre moyen,280965,1,Zobel,Cécile,cé.zobe.m1908@gmail.com,BEPC/FSLC,Chef d'entreprise,1741290,1,2022255,2,0,Aucun
1909,1909,1,Bernard,Joseph,jo.bern.p1909@gmail.com,Baccalauréat,Cadre supérieur,627645,1,Lefebvre,Christine,ch.lefe.m1909@gmail.com,BTS/DUT,Cadre supérieur,631460,6,1259105,5,0,Total
1910,1910,1,Abomo,Pierre,pi.abom.p1910@gmail.com,BEPC/FSLC,Fonctionnaire,109092,1,Abomo,Suzanne,su.abom.m1910@gmail.com,BEPC/FSLC,Employé secteur informel,54556,6,163648,5,0,Total
1911,1911,0,Petit,Joseph,jo.peti.p1911@gmail.com,BTS/DUT,Employé secteur informel,53505,1,Ebene,Yvette,yv.eben.m1911@gmail.com,Licence,Fonctionnaire,175394,1,228899,3,0,Aucun
1912,1912,1,Kamga,Hervé,he.kamg.p1912@gmail.com,Baccalauréat,Fonctionnaire,129265,1,Kamga,Rose,ro.kamg.m1912@gmail.com,Master/Grande école,Ouvrier/Artisan,50272,6,179537,1,0,Partiel
1913,1913,1,Donfack,Gérard,gé.donf.p1913@gmail.com,Master/Grande école,Fonctionnaire,193752,1,Diallo,Cécile,cé.dial.m1913@gmail.com,BTS/DUT,Agriculteur/Éleveur,60181,8,253933,2,1,Total
1914,1914,1,Ebene,Clément,,Baccalauréat,Cadre supérieur,899610,0,Yanga,Jeanne,je.yang.m1914@gmail.com,BEPC/FSLC,Cadre moyen,322876,4,1222486,2,0,Total
1915,1915,1,Richard,André,an.rich.p1915@gmail.com,BEPC/FSLC,Fonctionnaire,189732,1,Richard,Rose,ro.rich.m1915@gmail.com,BTS/DUT,Fonctionnaire,124113,6,313845,2,0,Total
1916,1916,1,Feudjio,Félix,fé.feud.p1916@gmail.com,Primaire,Cadre moyen,380353,1,Feudjio,Martine,ma.feud.m1916@gmail.com,BTS/DUT,Employé secteur informel,78468,6,458821,1,0,Partiel
1917,1917,1,Manga,Armand,,BTS/DUT,Ouvrier/Artisan,68642,1,Samba,Christine,ch.samb.m1917@gmail.com,BTS/DUT,Agriculteur/Éleveur,86314,9,154956,5,0,Partiel
1918,1918,1,Tchamba,Albert,al.tcha.p1918@gmail.com,Primaire,Ouvrier/Artisan,52555,1,Tchamba,Jeanne,je.tcha.m1918@gmail.com,Baccalauréat,Employé secteur informel,83064,7,135619,1,0,Total
1919,1919,0,Toure,Charles,ch.tour.p1919@gmail.com,Master/Grande école,Ouvrier/Artisan,94672,1,Foko,Angèle,an.foko.m1919@gmail.com,Baccalauréat,Cadre supérieur,855429,7,950101,1,0,Total
1920,1920,1,Bouchard,Alphonse,al.bouc.p1920@gmail.com,BEPC/FSLC,Cadre supérieur,537915,1,Issa,Rosalie,ro.issa.m1920@gmail.com,Doctorat,Cadre supérieur,473867,9,1011782,5,0,Total
1921,1921,1,Garcia,Georges,,Master/Grande école,Chef d'entreprise,1742308,1,Foko,Martine,ma.foko.m1921@gmail.com,Licence,Fonctionnaire,211958,3,1954266,1,1,Total
1922,1922,1,Samba,Albert,al.samb.p1922@gmail.com,Baccalauréat,Employé secteur informel,79482,1,Bouchard,Thérèse,th.bouc.m1922@gmail.com,Baccalauréat,Fonctionnaire,146783,5,226265,1,1,Partiel
1923,1923,0,Haidara,Joseph,jo.haid.p1923@gmail.com,BEPC/FSLC,Cadre moyen,238737,1,Rodrigues,Pauline,pa.rodr.m1923@gmail.com,Licence,Fonctionnaire,100157,5,338894,3,0,Partiel
1924,1924,1,Samba,André,an.samb.p1924@gmail.com,Licence,Fonctionnaire,116519,1,Manga,Jeanne,je.mang.m1924@gmail.com,Doctorat,Cadre supérieur,688260,7,804779,2,1,Aucun
1925,1925,1,Etoundi,Pierre,pi.etou.p1925@gmail.com,Primaire,Fonctionnaire,167598,1,Etoundi,Angèle,an.etou.m1925@gmail.com,BEPC/FSLC,Ouvrier/Artisan,94570,3,262168,3,0,Total
1926,1926,1,Okafor,Henri,,BEPC/FSLC,Cadre moyen,280871,1,Mbarga,Rose,ro.mbar.m1926@gmail.com,BTS/DUT,Employé secteur informel,39113,7,319984,3,0,Partiel
1927,1927,1,Richard,Théodore,th.rich.p1927@gmail.com,Baccalauréat,Fonctionnaire,105027,1,Richard,Jeanne,je.rich.m1927@gmail.com,BEPC/FSLC,Cadre moyen,291917,5,396944,2,0,Aucun
1928,1928,1,Robert,Pierre,pi.robe.p1928@gmail.com,Baccalauréat,Ouvrier/Artisan,106603,1,Robert,Odette,od.robe.m1928@gmail.com,Baccalauréat,Agriculteur/Éleveur,74800,4,181403,1,0,Total
1929,1929,1,Tchio,Georges,ge.tchi.p1929@gmail.com,Baccalauréat,Employé secteur informel,38243,1,Jourdain,Thérèse,th.jour.m1929@gmail.com,Baccalauréat,Employé secteur informel,62938,6,101181,4,1,Partiel
1930,1930,1,Jourdain,Paul,,Baccalauréat,Fonctionnaire,137929,1,Jourdain,Adèle,ad.jour.m1930@gmail.com,Primaire,Cadre moyen,308691,3,446620,3,0,Total
1931,1931,1,Onana,Hervé,he.onan.p1931@gmail.com,Baccalauréat,Ouvrier/Artisan,85143,1,Mbouck,Hélène,hé.mbou.m1931@gmail.com,BEPC/FSLC,Chef d'entreprise,962675,8,1047818,3,0,Total
1932,1932,1,Thomas,Patrice,pa.thom.p1932@gmail.com,Licence,Ouvrier/Artisan,88688,1,Bello,Hélène,hé.bell.m1932@gmail.com,BEPC/FSLC,Employé secteur informel,80212,7,168900,4,0,Partiel
1933,1933,1,Lefebvre,Armand,ar.lefe.p1933@gmail.com,Aucun,Cadre moyen,278164,0,Haidara,Madeleine,ma.haid.m1933@gmail.com,Licence,Employé secteur informel,52733,2,330897,5,0,Partiel
1934,1934,1,Richard,Jean,je.rich.p1934@gmail.com,BEPC/FSLC,Cadre moyen,268551,1,Biyong,Odette,od.biyo.m1934@gmail.com,Aucun,Employé secteur informel,77163,7,345714,2,1,Partiel
1935,1935,1,Donfack,Alphonse,al.donf.p1935@gmail.com,BTS/DUT,Employé secteur informel,53403,1,Donfack,Colette,co.donf.m1935@gmail.com,Master/Grande école,Fonctionnaire,168029,6,221432,1,0,Total
1936,1936,1,Leroy,Marcel,ma.lero.p1936@gmail.com,Licence,Chef d'entreprise,1164903,1,Leroy,Rosalie,ro.lero.m1936@gmail.com,Baccalauréat,Cadre moyen,279406,4,1444309,2,0,Partiel
1937,1937,1,Dubois,André,an.dubo.p1937@gmail.com,BTS/DUT,Cadre moyen,274449,1,Dubois,Pauline,pa.dubo.m1937@gmail.com,BEPC/FSLC,Fonctionnaire,170979,5,445428,1,0,Total
1938,1938,1,Camara,Pierre,pi.cama.p1938@gmail.com,Primaire,Ouvrier/Artisan,49630,1,Camara,Odette,od.cama.m1938@gmail.com,Primaire,Fonctionnaire,98355,5,147985,4,0,Total
1939,1939,1,Medjo,Etienne,et.medj.p1939@gmail.com,Baccalauréat,Sans emploi,1573,0,Medjo,Rose,ro.medj.m1939@gmail.com,Baccalauréat,Fonctionnaire,132317,4,133890,2,0,Aucun
1940,1940,1,Tchio,Paul,pa.tchi.p1940@gmail.com,Baccalauréat,Fonctionnaire,191547,1,Tchio,Martine,ma.tchi.m1940@gmail.com,BTS/DUT,Ouvrier/Artisan,78236,4,269783,5,0,Partiel
1941,1941,1,Kamga,Roger,ro.kamg.p1941@gmail.com,BEPC/FSLC,Cadre supérieur,423360,1,Kamga,Odette,od.kamg.m1941@gmail.com,BTS/DUT,Employé secteur informel,58244,9,481604,1,0,Total
1942,1942,1,Bello,Emmanuel,,Aucun,Agriculteur/Éleveur,66671,1,Bello,Angèle,an.bell.m1942@gmail.com,Baccalauréat,Agriculteur/Éleveur,39992,2,106663,4,0,Total
1943,1943,1,Gomis,Charles,ch.gomi.p1943@gmail.com,BEPC/FSLC,Cadre moyen,201061,1,Gomis,Thérèse,,Baccalauréat,Fonctionnaire,96533,3,297594,2,0,Total
1944,1944,1,Robert,Victor,vi.robe.p1944@gmail.com,BEPC/FSLC,Employé secteur informel,35881,1,Tchio,Angèle,an.tchi.m1944@gmail.com,BEPC/FSLC,Fonctionnaire,122926,6,158807,3,0,Partiel
1945,1945,1,Dubois,Henri,,BEPC/FSLC,Agriculteur/Éleveur,25011,1,Rodrigues,Yvette,yv.rodr.m1945@gmail.com,Primaire,Fonctionnaire,95142,4,120153,5,0,Partiel
1946,1946,1,Ndzana,Victor,vi.ndza.p1946@gmail.com,Primaire,Agriculteur/Éleveur,89271,1,Ndzana,Thérèse,th.ndza.m1946@gmail.com,Aucun,Employé secteur informel,82356,4,171627,2,0,Partiel
1947,1947,0,Nyobe,Gérard,,Baccalauréat,Cadre moyen,395930,1,Nyobe,Julienne,ju.nyob.m1947@gmail.com,BEPC/FSLC,Agriculteur/Éleveur,35308,5,431238,5,0,Partiel
1948,1948,0,Onana,Théodore,th.onan.p1948@gmail.com,Primaire,Employé secteur informel,99639,1,Onana,Suzanne,su.onan.m1948@gmail.com,Licence,Employé secteur informel,86980,5,186619,1,0,Aucun
1949,1949,1,Lefebvre,Félix,fé.lefe.p1949@gmail.com,Doctorat,Employé secteur informel,68114,1,Lefebvre,Rosalie,ro.lefe.m1949@gmail.com,BTS/DUT,Cadre moyen,239100,5,307214,3,0,Partiel
1950,1950,1,Penda,Charles,ch.pend.p1950@gmail.com,Licence,Sans emploi,14090,1,Kamga,Julienne,ju.kamg.m1950@gmail.com,Aucun,Agriculteur/Éleveur,61949,6,76039,3,0,Partiel
1951,1951,1,Biyong,Gérard,,Primaire,Employé secteur informel,92467,1,Biyong,Christine,ch.biyo.m1951@gmail.com,Primaire,Fonctionnaire,212324,6,304791,2,0,Aucun
1952,1952,1,Samba,André,an.samb.p1952@gmail.com,Baccalauréat,Employé secteur informel,48328,1,Dupont,Madeleine,ma.dupo.m1952@gmail.com,Baccalauréat,Ouvrier/Artisan,109413,3,157741,1,0,Aucun
1953,1953,1,Gomis,Victor,vi.gomi.p1953@gmail.com,Licence,Sans emploi,19801,1,Gomis,Cécile,cé.gomi.m1953@gmail.com,Aucun,Ouvrier/Artisan,61211,4,81012,2,0,Total
1954,1954,1,Haidara,Charles,ch.haid.p1954@gmail.com,Master/Grande école,Cadre supérieur,814581,1,Haidara,Odette,od.haid.m1954@gmail.com,Master/Grande école,Cadre supérieur,628541,4,1443122,4,1,Total
1955,1955,1,Nyobe,Jean,je.nyob.p1955@gmail.com,Primaire,Ouvrier/Artisan,54622,1,Etoundi,Cécile,cé.etou.m1955@gmail.com,BEPC/FSLC,Cadre supérieur,848133,3,902755,5,0,Total
1956,1956,1,Gomis,Pierre,pi.gomi.p1956@gmail.com,Licence,Fonctionnaire,184468,1,Gomis,Rosalie,ro.gomi.m1956@gmail.com,BTS/DUT,Chef d'entreprise,718217,6,902685,1,1,Partiel
1957,1957,1,Robert,Paul,pa.robe.p1957@gmail.com,Primaire,Agriculteur/Éleveur,53330,1,Mbarga,Martine,ma.mbar.m1957@gmail.com,BTS/DUT,Fonctionnaire,113151,7,166481,5,0,Partiel
1958,1958,1,Manga,Victor,vi.mang.p1958@gmail.com,Master/Grande école,Chef d'entreprise,418725,1,Manga,Cécile,cé.mang.m1958@gmail.com,Master/Grande école,Cadre moyen,307876,3,726601,5,0,Total
1959,1959,1,Atangana,Théodore,th.atan.p1959@gmail.com,BEPC/FSLC,Cadre moyen,297317,0,Atangana,Rosalie,ro.atan.m1959@gmail.com,Licence,Agriculteur/Éleveur,86580,7,383897,3,1,Total
1960,1960,1,Tchio,Etienne,et.tchi.p1960@gmail.com,Baccalauréat,Chef d'entreprise,1427704,1,Tchio,Yvette,,BTS/DUT,Employé secteur informel,56562,3,1484266,2,0,Total
1961,1961,1,Zobel,André,an.zobe.p1961@gmail.com,BEPC/FSLC,Ouvrier/Artisan,71511,0,Zobel,Cécile,cé.zobe.m1961@gmail.com,Primaire,Fonctionnaire,179887,7,251398,4,0,Aucun
1962,1962,1,Leroy,Jean,je.lero.p1962@gmail.com,BEPC/FSLC,Agriculteur/Éleveur,28036,0,Leroy,Martine,ma.lero.m1962@gmail.com,BEPC/FSLC,Employé secteur informel,51566,6,79602,4,0,Total
1963,1963,1,Nguema,Jean,je.ngue.p1963@gmail.com,Primaire,Employé secteur informel,42560,1,Nguema,Marie,ma.ngue.m1963@gmail.com,BTS/DUT,Cadre moyen,250209,3,292769,5,0,Partiel
1964,1964,1,Haidara,Roger,,BEPC/FSLC,Fonctionnaire,172977,1,Samba,Rose,ro.samb.m1964@gmail.com,BTS/DUT,Agriculteur/Éleveur,56051,3,229028,1,0,Partiel
1965,1965,1,Foko,Clément,,Licence,Employé secteur informel,53000,1,Issa,Colette,co.issa.m1965@gmail.com,Licence,Employé secteur informel,57820,6,110820,5,0,Total
1966,1966,1,Mbouck,Albert,,BEPC/FSLC,Fonctionnaire,173667,1,Manga,Christine,ch.mang.m1966@gmail.com,BEPC/FSLC,Agriculteur/Éleveur,70187,5,243854,1,0,Aucun
1967,1967,1,Diallo,Laurent,,Baccalauréat,Cadre supérieur,818341,1,Diallo,Colette,co.dial.m1967@gmail.com,Baccalauréat,Fonctionnaire,92029,9,910370,1,0,Total
1968,1968,1,Nyobe,Pierre,pi.nyob.p1968@gmail.com,BEPC/FSLC,Chef d'entreprise,1547664,1,Diallo,Colette,co.dial.m1968@gmail.com,Master/Grande école,Cadre supérieur,652531,4,2200195,5,0,Partiel
1969,1969,1,Gomis,Laurent,la.gomi.p1969@gmail.com,Licence,Agriculteur/Éleveur,89886,1,Gomis,Cécile,cé.gomi.m1969@gmail.com,Primaire,Agriculteur/Éleveur,69165,3,159051,4,1,Partiel
1970,1970,1,Rodrigues,Etienne,et.rodr.p1970@gmail.com,Baccalauréat,Ouvrier/Artisan,53093,1,Rodrigues,Rose,ro.rodr.m1970@gmail.com,Baccalauréat,Cadre moyen,352396,5,405489,3,0,Total
1971,1971,0,Robert,Théodore,th.robe.p1971@gmail.com,Baccalauréat,Ouvrier/Artisan,73496,1,Robert,Colette,co.robe.m1971@gmail.com,Baccalauréat,Employé secteur informel,35832,9,109328,3,0,Partiel
1972,1972,1,Martin,Gérard,gé.mart.p1972@gmail.com,Baccalauréat,Ouvrier/Artisan,61705,1,Martin,Yvette,yv.mart.m1972@gmail.com,Baccalauréat,Agriculteur/Éleveur,66703,3,128408,3,0,Aucun
1973,1973,1,Haidara,Alphonse,al.haid.p1973@gmail.com,Primaire,Agriculteur/Éleveur,81582,1,Haidara,Hélène,hé.haid.m1973@gmail.com,BEPC/FSLC,Agriculteur/Éleveur,85244,7,166826,5,0,Total
1974,1974,1,Onana,Charles,ch.onan.p1974@gmail.com,Licence,Cadre moyen,237881,1,Ebene,Colette,co.eben.m1974@gmail.com,Baccalauréat,Cadre moyen,263782,5,501663,1,1,Total
1975,1975,1,Abomo,Joseph,jo.abom.p1975@gmail.com,Master/Grande école,Agriculteur/Éleveur,47231,1,Rodrigues,Angèle,an.rodr.m1975@gmail.com,Baccalauréat,Agriculteur/Éleveur,73954,6,121185,3,1,Partiel
1976,1976,1,Abomo,Clément,,BEPC/FSLC,Ouvrier/Artisan,53765,1,Abomo,Yvette,yv.abom.m1976@gmail.com,Licence,Agriculteur/Éleveur,53638,5,107403,4,0,Aucun
1977,1977,1,Lobe,Henri,,BTS/DUT,Fonctionnaire,161257,0,Camara,Brigitte,br.cama.m1977@gmail.com,BTS/DUT,Cadre moyen,228562,5,389819,2,0,Total
1978,1978,1,Onana,Victor,vi.onan.p1978@gmail.com,Aucun,Employé secteur informel,65529,1,Onana,Marguerite,ma.onan.m1978@gmail.com,Baccalauréat,Ouvrier/Artisan,76842,6,142371,4,0,Total
1979,1979,1,Mbouck,Paul,pa.mbou.p1979@gmail.com,Doctorat,Agriculteur/Éleveur,32481,1,Tchio,Marie,ma.tchi.m1979@gmail.com,Baccalauréat,Ouvrier/Artisan,64291,4,96772,4,1,Aucun
1980,1980,1,Bouchard,Alphonse,al.bouc.p1980@gmail.com,Licence,Fonctionnaire,110567,1,Bouchard,Madeleine,ma.bouc.m1980@gmail.com,BTS/DUT,Chef d'entreprise,1615592,7,1726159,5,0,Partiel
1981,1981,1,Mbouck,Jean,je.mbou.p1981@gmail.com,BTS/DUT,Fonctionnaire,163841,0,Mbouck,Odette,od.mbou.m1981@gmail.com,BEPC/FSLC,Agriculteur/Éleveur,33772,6,197613,3,0,Partiel
1982,1982,1,Jourdain,Etienne,et.jour.p1982@gmail.com,Doctorat,Sans emploi,12836,0,Jourdain,Thérèse,,Master/Grande école,Cadre supérieur,885531,4,898367,5,0,Aucun
1983,1983,1,Foko,Jean,je.foko.p1983@gmail.com,Aucun,Ouvrier/Artisan,66429,1,Foko,Pauline,pa.foko.m1983@gmail.com,Baccalauréat,Agriculteur/Éleveur,40777,7,107206,3,0,Partiel
1984,1984,1,Tchamba,Victor,vi.tcha.p1984@gmail.com,BTS/DUT,Fonctionnaire,163242,1,Manga,Odette,od.mang.m1984@gmail.com,Aucun,Employé secteur informel,94378,8,257620,3,0,Partiel
1985,1985,1,Abomo,Etienne,,Licence,Cadre supérieur,820977,1,Abomo,Colette,co.abom.m1985@gmail.com,Doctorat,Chef d'entreprise,1246518,3,2067495,3,0,Total
1986,1986,1,Vidal,Pierre,pi.vida.p1986@gmail.com,BEPC/FSLC,Cadre supérieur,780398,1,Jourdain,Suzanne,su.jour.m1986@gmail.com,Master/Grande école,Fonctionnaire,99529,7,879927,4,0,Total
1987,1987,1,Nguema,Pierre,pi.ngue.p1987@gmail.com,Primaire,Cadre supérieur,403198,1,Nguema,Hélène,hé.ngue.m1987@gmail.com,Primaire,Ouvrier/Artisan,55281,3,458479,1,0,Total
1988,1988,1,Nguema,Joseph,jo.ngue.p1988@gmail.com,Licence,Cadre supérieur,668628,1,Atangana,Rose,ro.atan.m1988@gmail.com,Master/Grande école,Agriculteur/Éleveur,77955,7,746583,2,0,Partiel
1989,1989,1,Richard,Théodore,th.rich.p1989@gmail.com,Doctorat,Employé secteur informel,98196,1,Zobel,Odette,od.zobe.m1989@gmail.com,Primaire,Ouvrier/Artisan,75541,5,173737,1,0,Partiel
1990,1990,0,Okafor,Roger,ro.okaf.p1990@gmail.com,Primaire,Ouvrier/Artisan,80686,1,Okafor,Cécile,cé.okaf.m1990@gmail.com,BEPC/FSLC,Cadre moyen,396568,5,477254,5,0,Total
1991,1991,1,Moreau,Etienne,et.more.p1991@gmail.com,Baccalauréat,Employé secteur informel,89109,1,Moreau,Colette,co.more.m1991@gmail.com,BEPC/FSLC,Fonctionnaire,185311,3,274420,3,1,Total
1992,1992,1,Simon,Paul,pa.simo.p1992@gmail.com,BTS/DUT,Fonctionnaire,162047,1,Simon,Thérèse,th.simo.m1992@gmail.com,Licence,Sans emploi,17324,3,179371,5,0,Total
1993,1993,1,Donfack,Marcel,ma.donf.p1993@gmail.com,Baccalauréat,Cadre moyen,282671,1,Michel,Jeanne,je.mich.m1993@gmail.com,BTS/DUT,Employé secteur informel,57860,3,340531,3,0,Total
1994,1994,1,Simon,Emmanuel,em.simo.p1994@gmail.com,Baccalauréat,Employé secteur informel,78763,1,Simon,Adèle,ad.simo.m1994@gmail.com,BEPC/FSLC,Cadre moyen,270430,3,349193,2,1,Total
1995,1995,1,Mbouck,Paul,pa.mbou.p1995@gmail.com,Licence,Chef d'entreprise,722828,1,Mbouck,Hélène,hé.mbou.m1995@gmail.com,Licence,Cadre moyen,299924,4,1022752,4,1,Partiel
1996,1996,0,Okafor,Clément,cl.okaf.p1996@gmail.com,BTS/DUT,Fonctionnaire,209257,1,Okafor,Julienne,ju.okaf.m1996@gmail.com,Licence,Employé secteur informel,62930,5,272187,3,1,Partiel
1997,1997,1,Gomis,André,an.gomi.p1997@gmail.com,Baccalauréat,Fonctionnaire,146042,1,Mvondo,Brigitte,br.mvon.m1997@gmail.com,Baccalauréat,Cadre moyen,184882,6,330924,3,0,Partiel
1998,1998,1,Diallo,Jean,je.dial.p1998@gmail.com,Master/Grande école,Cadre moyen,170560,1,Nyobe,Blandine,,Baccalauréat,Cadre moyen,312373,4,482933,2,0,Total
1999,1999,0,Mvondo,Charles,ch.mvon.p1999@gmail.com,Licence,Sans emploi,395,1,Rodrigues,Suzanne,su.rodr.m1999@gmail.com,Aucun,Agriculteur/Éleveur,60824,3,61219,2,0,Partiel
2000,2000,1,Bello,Hervé,he.bell.p2000@gmail.com,Baccalauréat,Agriculteur/Éleveur,33803,1,Abomo,Christine,ch.abom.m2000@gmail.com,Primaire,Ouvrier/Artisan,56297,9,90100,4,0,Aucun
