id_etudiant,matricule,email_etudiant,nom,prenom,genre,date_naissance,niveau_socio_economique,id_filiere,annee_entree,ville_origine,situation_matrimoniale,nb_enfants_a_charge,estime_de_soi,trait_personnalite,mention_baccalaureat,serie_terminale,decrochage_anterieur,frequence_etude_lecons,interet_lecture_ecriture
1,ETU0001,clment.ndzana0001@gmail.com,Ndzana,Clément,M,2002-11-04,Élevé,3,2022,Yaoundé,En couple,0,Élevée,Extraverti,Passable,C,0,Parfois,Élevé
2,ETU0002,athomas0002@gmail.com,Thomas,Armand,M,2002-01-01,Moyen,3,2022,Bafoussam,Célibataire,1,Moyenne,Ambiverti,Passable,A,0,Parfois,Élevé
3,ETU0003,isabelle.camara0003@gmail.com,Camara,Isabelle,F,2002-06-26,Élevé,1,2022,Bafoussam,Marié(e),0,Élevée,Introverti,Assez Bien,G,0,Régulièrement,Élevé
4,ETU0004,batricel0004@gmail.com,Lobe,Béatrice,F,2003-07-26,Moyen,4,2022,Yaoundé,Célibataire,1,Faible,Introverti,Bien,C,0,Intensivement,Moyen
5,ETU0005,zachariew0005@outlook.com,Wamba,Zacharie,M,2002-02-25,Faible,9,2023,Bamenda,Célibataire,0,Faible,Extraverti,Très Bien,C,0,Jamais,Élevé
6,ETU0006,rosaliem0006@gmail.com,Michel,Rosalie,F,1999-07-19,Faible,1,2023,Douala,Marié(e),0,Moyenne,Consciencieux,Bien,C,0,Intensivement,Élevé
7,ETU0007,irneu0007@gmail.com,Umba,Irène,F,2004-06-13,Moyen,9,2021,Bamenda,Célibataire,0,Élevée,Extraverti,Très Bien,D,0,Régulièrement,Moyen
8,ETU0008,estherp0008@gmail.com,Petit,Esther,F,2001-09-16,Moyen,3,2020,Bertoua,Célibataire,0,Moyenne,Introverti,Bien,G,0,Parfois,Moyen
9,ETU0009,didierb0009@gmail.com,Bernard,Didier,M,2001-12-23,Moyen,7,2021,Garoua,Marié(e),0,Faible,Introverti,Bien,A,0,Régulièrement,Faible
10,ETU0010,dissa0010@orange.cm,Issa,Didier,M,2005-11-17,Élevé,10,2022,Garoua,En couple,0,Élevée,Extraverti,Assez Bien,G,0,Intensivement,Élevé
11,ETU0011,jsimon0011@gmail.com,Simon,Joëlle,F,2001-05-15,Faible,5,2021,Yaoundé,Célibataire,0,Élevée,Ambiverti,Passable,C,0,Jamais,Faible
12,ETU0012,amartin0012@outlook.com,Martin,André,M,1998-10-13,Moyen,6,2022,Ngaoundéré,Célibataire,0,Moyenne,Consciencieux,Bien,G,0,Régulièrement,Moyen
13,ETU0013,didier.issa0013@yahoo.fr,Issa,Didier,M,1998-07-19,Moyen,1,2020,Ngaoundéré,Marié(e),0,Élevée,Anxieux,Passable,C,0,Rarement,Moyen
14,ETU0014,fatimar0014@outlook.com,Richard,Fatima,F,1998-12-18,Faible,6,2021,Bertoua,Célibataire,0,Faible,Anxieux,Passable,G,0,Jamais,Faible
15,ETU0015,zkamga0015@yahoo.fr,Kamga,Zahra,F,1999-03-10,Faible,1,2022,Douala,En couple,1,Moyenne,Ambiverti,Passable,D,0,Régulièrement,Faible
16,ETU0016,wleroy0016@hotmail.fr,Leroy,William,M,2004-11-12,Faible,6,2020,Bertoua,En couple,2,Faible,Extraverti,Assez Bien,G,0,Intensivement,Moyen
17,ETU0017,danielle.ndzana0017@hotmail.fr,Ndzana,Danielle,F,2002-06-28,Faible,2,2022,Maroua,Célibataire,0,Élevée,Extraverti,Bien,C,0,Parfois,Faible
18,ETU0018,margueritea0018@outlook.com,Atangana,Marguerite,F,2001-02-08,Moyen,8,2021,Bamenda,Célibataire,0,Élevée,Ambiverti,Passable,C,0,Parfois,Moyen
19,ETU0019,marguerite.wamba0019@gmail.com,Wamba,Marguerite,F,2003-12-15,Faible,5,2021,Maroua,Célibataire,0,Faible,Consciencieux,Très Bien,D,0,Régulièrement,Moyen
20,ETU0020,marc.toure0020@gmail.com,Toure,Marc,M,2001-06-06,Moyen,9,2021,Bafoussam,Célibataire,0,Moyenne,Extraverti,Passable,G,0,Régulièrement,Élevé
21,ETU0021,quentinr0021@gmail.com,Richard,Quentin,M,1999-02-13,Moyen,10,2020,Bertoua,Célibataire,1,Élevée,Extraverti,Passable,D,0,Rarement,Moyen
22,ETU0022,pthomas0022@yahoo.fr,Thomas,Pauline,F,2002-10-20,Faible,2,2021,Maroua,Célibataire,0,Moyenne,Introverti,Passable,A,1,Rarement,Moyen
23,ETU0023,liseb0023@yahoo.fr,Biyong,Élise,F,2001-05-26,Moyen,10,2021,Bertoua,Célibataire,1,Moyenne,Anxieux,Passable,A,1,Rarement,Élevé
24,ETU0024,didiera0024@yahoo.fr,Abomo,Didier,M,2002-12-13,Élevé,9,2023,Maroua,En couple,0,Faible,Anxieux,Assez Bien,C,0,Régulièrement,Élevé
25,ETU0025,lrichard0025@orange.cm,Richard,Louis,M,2005-05-06,Élevé,7,2023,Yaoundé,Célibataire,2,Moyenne,Consciencieux,Bien,G,0,Régulièrement,Élevé
26,ETU0026,fatimav0026@outlook.com,Vidal,Fatima,F,2002-06-04,Élevé,7,2020,Maroua,Célibataire,0,Élevée,Introverti,Assez Bien,D,0,Rarement,Élevé
27,ETU0027,madeleine.simon0027@gmail.com,Simon,Madeleine,F,1999-01-21,Moyen,4,2021,Maroua,En couple,0,Moyenne,Consciencieux,Très Bien,F,0,Rarement,Faible
28,ETU0028,grichard0028@hotmail.fr,Richard,Gisèle,F,2001-08-18,Faible,4,2021,Bertoua,En couple,1,Élevée,Ambiverti,Assez Bien,G,0,Régulièrement,Faible
29,ETU0029,cleroy0029@yahoo.fr,Leroy,Christophe,M,2005-06-11,Moyen,9,2023,Ngaoundéré,Célibataire,0,Élevée,Anxieux,Passable,C,0,Intensivement,Moyen
30,ETU0030,ftchio0030@hotmail.fr,Tchio,Flore,F,2000-08-02,Faible,10,2022,Ngaoundéré,Célibataire,1,Faible,Extraverti,Passable,A,0,Intensivement,Élevé
31,ETU0031,vincent.medjo0031@yahoo.fr,Medjo,Vincent,M,2004-06-21,Moyen,8,2020,Maroua,Célibataire,1,Moyenne,Extraverti,Très Bien,D,0,Intensivement,Faible
32,ETU0032,carlosv0032@yahoo.fr,Vidal,Carlos,M,1998-05-12,Moyen,3,2021,Maroua,Célibataire,0,Moyenne,Introverti,Passable,D,0,Rarement,Élevé
33,ETU0033,retoundi0033@yahoo.fr,Etoundi,Reine,F,1998-08-10,Moyen,3,2020,Ngaoundéré,Divorcé(e),1,Élevée,Introverti,Très Bien,D,0,Parfois,Moyen
34,ETU0034,nollet0034@yahoo.fr,Toure,Noëlle,F,2002-01-27,Moyen,5,2020,Garoua,En couple,0,Élevée,Consciencieux,Très Bien,D,0,Intensivement,Élevé
35,ETU0035,pascal.rodrigues0035@outlook.com,Rodrigues,Pascal,M,2000-11-04,Élevé,1,2022,Maroua,Célibataire,0,Élevée,Anxieux,Passable,C,0,Intensivement,Moyen
36,ETU0036,quentin.ndzana0036@orange.cm,Ndzana,Quentin,M,2005-05-24,Élevé,2,2023,Maroua,Célibataire,0,Élevée,Extraverti,Bien,D,0,Parfois,Élevé
37,ETU0037,dzobel0037@outlook.com,Zobel,Didier,M,2002-10-13,Élevé,6,2020,Ngaoundéré,En couple,2,Faible,Extraverti,Assez Bien,F,0,Intensivement,Moyen
38,ETU0038,icamara0038@gmail.com,Camara,Ibrahim,M,1998-05-16,Faible,4,2021,Ngaoundéré,Célibataire,0,Moyenne,Ambiverti,Très Bien,D,0,Régulièrement,Faible
39,ETU0039,carolea0039@gmail.com,Abomo,Carole,F,2003-04-15,Moyen,4,2022,Garoua,Marié(e),1,Moyenne,Introverti,Assez Bien,A,0,Intensivement,Élevé
40,ETU0040,davidt0040@hotmail.fr,Tchio,David,M,2003-04-05,Moyen,4,2020,Bafoussam,Célibataire,1,Moyenne,Introverti,Bien,C,0,Parfois,Élevé
41,ETU0041,lhaidara0041@gmail.com,Haidara,Laura,F,1998-03-01,Moyen,4,2022,Yaoundé,Célibataire,0,Faible,Ambiverti,Assez Bien,D,0,Régulièrement,Élevé
42,ETU0042,fessama0042@yahoo.fr,Essama,Françoise,F,1998-01-16,Élevé,7,2020,Maroua,Célibataire,0,Moyenne,Anxieux,Assez Bien,A,0,Parfois,Élevé
43,ETU0043,irne.garcia0043@yahoo.fr,Garcia,Irène,F,2004-02-26,Moyen,9,2021,Bertoua,Célibataire,2,Moyenne,Consciencieux,Assez Bien,D,0,Régulièrement,Moyen
44,ETU0044,franoiso0044@yahoo.fr,Onana,François,M,1999-02-14,Faible,6,2021,Maroua,Célibataire,2,Élevée,Introverti,Bien,D,0,Parfois,Élevé
45,ETU0045,ygomis0045@hotmail.fr,Gomis,Yvonne,F,2001-03-22,Moyen,2,2022,Maroua,Célibataire,0,Faible,Ambiverti,Passable,D,0,Parfois,Élevé
46,ETU0046,louiss0046@gmail.com,Samba,Louis,M,2002-06-12,Faible,3,2023,Douala,Célibataire,1,Moyenne,Consciencieux,Bien,C,0,Jamais,Faible
47,ETU0047,jkamga0047@yahoo.fr,Kamga,Jean,M,1998-11-03,Faible,7,2023,Ngaoundéré,Célibataire,0,Faible,Introverti,Passable,D,0,Régulièrement,Moyen
48,ETU0048,alain.nguema0048@gmail.com,Nguema,Alain,M,2002-04-25,Faible,5,2022,Yaoundé,Célibataire,0,Moyenne,Extraverti,Passable,D,0,Parfois,Moyen
49,ETU0049,brobert0049@gmail.com,Robert,Béatrice,F,1999-06-19,Moyen,7,2023,Ngaoundéré,Célibataire,1,Faible,Introverti,Bien,D,0,Parfois,Élevé
50,ETU0050,zacharie.umba0050@yahoo.fr,Umba,Zacharie,M,2003-04-11,Moyen,2,2020,Douala,Célibataire,0,Élevée,Ambiverti,Bien,G,0,Parfois,Moyen
51,ETU0051,armands0051@hotmail.fr,Simon,Armand,M,2005-10-25,Moyen,10,2022,Yaoundé,Célibataire,0,Moyenne,Ambiverti,Assez Bien,D,0,Parfois,Moyen
52,ETU0052,xaviero0052@yahoo.fr,Onana,Xavier,M,2002-02-21,Élevé,2,2023,Bertoua,Célibataire,0,Élevée,Anxieux,Passable,F,0,Intensivement,Moyen
53,ETU0053,vincentn0053@orange.cm,Nyobe,Vincent,M,1999-09-21,Faible,4,2023,Douala,Célibataire,1,Moyenne,Ambiverti,Assez Bien,C,0,Rarement,Faible
54,ETU0054,gracem0054@gmail.com,Moreau,Grace,F,2004-05-09,Moyen,10,2021,Bamenda,Célibataire,0,Moyenne,Ambiverti,Assez Bien,D,0,Intensivement,Faible
55,ETU0055,clment.abomo0055@gmail.com,Abomo,Clément,M,1999-11-22,Moyen,6,2020,Yaoundé,Célibataire,1,Élevée,Ambiverti,Bien,C,0,Parfois,Faible
56,ETU0056,adle.issa0056@outlook.com,Issa,Adèle,F,2004-03-06,Faible,10,2021,Bertoua,Célibataire,0,Moyenne,Extraverti,Passable,D,0,Régulièrement,Moyen
57,ETU0057,xavier.biyong0057@orange.cm,Biyong,Xavier,M,2005-08-25,Faible,7,2023,Maroua,Célibataire,1,Élevée,Anxieux,Passable,D,0,Rarement,Moyen
58,ETU0058,ksamba0058@hotmail.fr,Samba,Kevin,M,2005-09-05,Élevé,2,2021,Bamenda,Célibataire,0,Élevée,Introverti,Assez Bien,C,0,Régulièrement,Moyen
59,ETU0059,ibrahim.camara0059@yahoo.fr,Camara,Ibrahim,M,2002-08-23,Élevé,8,2023,Garoua,En couple,0,Faible,Introverti,Passable,F,0,Parfois,Élevé
60,ETU0060,christellet0060@yahoo.fr,Tchio,Christelle,F,2005-02-04,Élevé,8,2020,Douala,Célibataire,0,Moyenne,Anxieux,Assez Bien,D,0,Parfois,Élevé
61,ETU0061,yann.richard0061@gmail.com,Richard,Yann,M,1998-11-13,Élevé,5,2020,Bafoussam,Célibataire,0,Moyenne,Consciencieux,Assez Bien,G,0,Intensivement,Moyen
62,ETU0062,madeleine.richard0062@gmail.com,Richard,Madeleine,F,2000-03-03,Moyen,8,2020,Maroua,Célibataire,0,Élevée,Ambiverti,Assez Bien,C,0,Intensivement,Élevé
63,ETU0063,dessama0063@outlook.com,Essama,Diane,F,2003-05-04,Moyen,7,2023,Bafoussam,Célibataire,0,Moyenne,Extraverti,Bien,C,0,Rarement,Moyen
64,ETU0064,vgomis0064@gmail.com,Gomis,Valérie,F,1999-06-22,Faible,8,2023,Ngaoundéré,Divorcé(e),2,Moyenne,Introverti,Très Bien,C,0,Jamais,Faible
65,ETU0065,irne.mbouck0065@gmail.com,Mbouck,Irène,F,2000-01-05,Élevé,8,2020,Bafoussam,Marié(e),0,Élevée,Consciencieux,Assez Bien,D,0,Régulièrement,Élevé
66,ETU0066,blandinev0066@yahoo.fr,Vidal,Blandine,F,2002-04-04,Faible,3,2023,Douala,Divorcé(e),0,Faible,Introverti,Bien,C,0,Régulièrement,Moyen
67,ETU0067,lauran0067@outlook.com,Nyobe,Laura,F,2005-02-26,Moyen,6,2022,Garoua,En couple,0,Moyenne,Introverti,Bien,D,0,Intensivement,Moyen
68,ETU0068,patrickt0068@hotmail.fr,Tchio,Patrick,M,2005-01-12,Moyen,6,2023,Bafoussam,Célibataire,0,Faible,Ambiverti,Passable,C,0,Intensivement,Moyen
69,ETU0069,emmanuella.ebene0069@outlook.com,Ebene,Emmanuella,F,2005-08-22,Moyen,3,2021,Maroua,Célibataire,1,Moyenne,Extraverti,Passable,A,0,Intensivement,Faible
70,ETU0070,quentin.manga0070@yahoo.fr,Manga,Quentin,M,2002-03-21,Moyen,9,2020,Douala,Marié(e),0,Moyenne,Anxieux,Passable,D,0,Régulièrement,Moyen
71,ETU0071,blaisef0071@yahoo.fr,Feudjio,Blaise,M,2002-11-07,Moyen,7,2020,Ngaoundéré,Célibataire,0,Moyenne,Introverti,Assez Bien,C,0,Régulièrement,Moyen
72,ETU0072,franoise.nguema0072@orange.cm,Nguema,Françoise,F,2003-10-05,Moyen,6,2022,Ngaoundéré,Célibataire,0,Élevée,Anxieux,Passable,C,0,Régulièrement,Moyen
73,ETU0073,kndzana0073@orange.cm,Ndzana,Kevin,M,2003-10-24,Moyen,3,2023,Bertoua,Célibataire,0,Moyenne,Introverti,Passable,F,0,Parfois,Élevé
74,ETU0074,tleroy0074@outlook.com,Leroy,Thérèse,F,1998-02-14,Faible,5,2022,Douala,Célibataire,0,Faible,Consciencieux,Assez Bien,C,0,Jamais,Moyen
75,ETU0075,gdupont0075@yahoo.fr,Dupont,Georges,M,2003-06-18,Élevé,3,2021,Bamenda,Célibataire,0,Élevée,Extraverti,Passable,C,0,Rarement,Élevé
76,ETU0076,zmbarga0076@outlook.com,Mbarga,Zacharie,M,2002-10-11,Moyen,9,2023,Bertoua,Marié(e),1,Moyenne,Ambiverti,Assez Bien,A,0,Jamais,Moyen
77,ETU0077,emmanuellat0077@gmail.com,Tchio,Emmanuella,F,2001-12-02,Moyen,3,2023,Bertoua,Célibataire,0,Moyenne,Ambiverti,Bien,C,0,Régulièrement,Moyen
78,ETU0078,florent.issa0078@gmail.com,Issa,Florent,M,2001-09-11,Élevé,8,2023,Garoua,En couple,0,Élevée,Ambiverti,Assez Bien,D,0,Régulièrement,Élevé
79,ETU0079,mumba0079@gmail.com,Umba,Marguerite,F,2001-05-25,Faible,4,2023,Bafoussam,Marié(e),0,Moyenne,Extraverti,Bien,C,0,Intensivement,Moyen
80,ETU0080,carolet0080@gmail.com,Toure,Carole,F,1999-06-15,Moyen,8,2021,Garoua,Célibataire,2,Moyenne,Introverti,Passable,A,0,Régulièrement,Moyen
81,ETU0081,georges.bernard0081@orange.cm,Bernard,Georges,M,2003-12-16,Faible,3,2020,Douala,Célibataire,0,Moyenne,Anxieux,Très Bien,D,0,Intensivement,Élevé
82,ETU0082,itchamba0082@orange.cm,Tchamba,Isidore,M,1998-03-14,Élevé,3,2020,Bamenda,Célibataire,0,Élevée,Anxieux,Bien,G,0,Parfois,Faible
83,ETU0083,fessama0083@hotmail.fr,Essama,Françoise,F,2005-03-28,Moyen,5,2021,Ngaoundéré,Célibataire,1,Faible,Introverti,Passable,C,0,Parfois,Élevé
84,ETU0084,irne.vidal0084@gmail.com,Vidal,Irène,F,1999-07-22,Faible,3,2023,Garoua,Célibataire,0,Faible,Extraverti,Assez Bien,C,0,Parfois,Moyen
85,ETU0085,clmenth0085@outlook.com,Haidara,Clément,M,2005-05-06,Moyen,9,2022,Bertoua,En couple,0,Élevée,Extraverti,Assez Bien,C,0,Parfois,Faible
86,ETU0086,patrick.biyong0086@ymail.com,Biyong,Patrick,M,1999-09-15,Moyen,6,2020,Bertoua,Célibataire,0,Faible,Introverti,Assez Bien,D,0,Régulièrement,Moyen
87,ETU0087,gabrielp0087@yahoo.fr,Petit,Gabriel,M,1998-08-05,Moyen,8,2020,Yaoundé,Célibataire,0,Élevée,Introverti,Assez Bien,G,0,Régulièrement,Moyen
88,ETU0088,ecamara0088@orange.cm,Camara,Eric,M,2002-07-06,Moyen,7,2022,Ngaoundéré,Célibataire,1,Moyenne,Introverti,Assez Bien,A,0,Intensivement,Élevé
89,ETU0089,grard.okafor0089@yahoo.fr,Okafor,Gérard,M,1998-01-10,Moyen,9,2023,Yaoundé,En couple,0,Moyenne,Consciencieux,Passable,F,0,Parfois,Faible
90,ETU0090,nebene0090@outlook.com,Ebene,Nicolas,M,1999-10-02,Moyen,1,2021,Bamenda,Célibataire,2,Moyenne,Ambiverti,Bien,G,0,Régulièrement,Élevé
91,ETU0091,tjourdain0091@yahoo.fr,Jourdain,Thomas,M,2001-07-10,Faible,9,2021,Bafoussam,Célibataire,0,Moyenne,Extraverti,Assez Bien,D,0,Jamais,Moyen
92,ETU0092,pmedjo0092@yahoo.fr,Medjo,Patricia,F,2001-05-28,Moyen,8,2020,Garoua,En couple,0,Moyenne,Consciencieux,Passable,C,0,Rarement,Élevé
93,ETU0093,rmartin0093@yahoo.fr,Martin,Rodrigue,M,1998-02-07,Élevé,10,2021,Garoua,En couple,2,Moyenne,Consciencieux,Passable,C,0,Intensivement,Élevé
94,ETU0094,patriciam0094@gmail.com,Moreau,Patricia,F,2003-05-13,Moyen,6,2022,Garoua,Célibataire,0,Élevée,Introverti,Bien,D,0,Parfois,Moyen
95,ETU0095,bruno.rodrigues0095@yahoo.fr,Rodrigues,Bruno,M,2004-05-05,Faible,4,2023,Bamenda,Célibataire,0,Moyenne,Introverti,Bien,C,0,Régulièrement,Élevé
96,ETU0096,ibrahim.mvondo0096@hotmail.fr,Mvondo,Ibrahim,M,2005-03-18,Élevé,1,2020,Bamenda,Célibataire,0,Élevée,Ambiverti,Bien,D,0,Régulièrement,Moyen
97,ETU0097,pascaln0097@gmail.com,Nkeng,Pascal,M,2005-11-16,Faible,9,2023,Bafoussam,Marié(e),0,Moyenne,Anxieux,Passable,D,0,Parfois,Moyen
98,ETU0098,mmbarga0098@orange.cm,Mbarga,Marc,M,2002-06-09,Moyen,2,2022,Ngaoundéré,En couple,1,Moyenne,Introverti,Passable,D,0,Intensivement,Élevé
99,ETU0099,margueriter0099@hotmail.fr,Richard,Marguerite,F,1998-11-01,Moyen,2,2023,Bertoua,Célibataire,1,Élevée,Anxieux,Bien,A,0,Régulièrement,Faible
100,ETU0100,carole.ebene0100@gmail.com,Ebene,Carole,F,2002-09-19,Moyen,3,2022,Bamenda,Célibataire,1,Moyenne,Extraverti,Bien,C,1,Régulièrement,Faible
101,ETU0101,isabelle.tchio0101@yahoo.fr,Tchio,Isabelle,F,1999-09-24,Élevé,1,2020,Bamenda,Célibataire,3,Moyenne,Ambiverti,Très Bien,C,0,Intensivement,Faible
102,ETU0102,danielle.lobe0102@gmail.com,Lobe,Danielle,F,2004-02-25,Moyen,4,2020,Douala,Marié(e),0,Moyenne,Consciencieux,Passable,C,0,Régulièrement,Faible
103,ETU0103,flobe0103@gmail.com,Lobe,François,M,2004-08-18,Moyen,7,2020,Garoua,En couple,1,Moyenne,Ambiverti,Bien,G,1,Régulièrement,Moyen
104,ETU0104,dmartin0104@gmail.com,Martin,Désiré,M,2000-03-09,Moyen,8,2021,Bafoussam,Célibataire,0,Moyenne,Ambiverti,Bien,C,0,Parfois,Élevé
105,ETU0105,aliced0105@gmail.com,Dupont,Alice,F,2003-10-13,Élevé,6,2023,Bertoua,Marié(e),2,Élevée,Extraverti,Assez Bien,F,0,Parfois,Moyen
106,ETU0106,ulrichm0106@yahoo.fr,Martin,Ulrich,M,2002-07-12,Faible,10,2021,Ngaoundéré,En couple,1,Faible,Introverti,Passable,D,0,Régulièrement,Faible
107,ETU0107,isabellen0107@gmail.com,Nkeng,Isabelle,F,2002-04-09,Moyen,7,2023,Douala,En couple,0,Moyenne,Anxieux,Assez Bien,F,0,Parfois,Moyen
108,ETU0108,petoundi0108@orange.cm,Etoundi,Patrick,M,2003-03-21,Moyen,10,2023,Ngaoundéré,Célibataire,0,Élevée,Extraverti,Passable,C,0,Parfois,Moyen
109,ETU0109,josphine.dubois0109@ymail.com,Dubois,Joséphine,F,2000-06-01,Moyen,5,2023,Bertoua,Célibataire,0,Faible,Extraverti,Passable,C,0,Intensivement,Moyen
110,ETU0110,lise.umba0110@outlook.com,Umba,Élise,F,1998-12-04,Faible,6,2020,Bafoussam,Célibataire,1,Élevée,Ambiverti,Assez Bien,D,0,Régulièrement,Moyen
111,ETU0111,blandineb0111@gmail.com,Bello,Blandine,F,2001-08-19,Moyen,1,2021,Bamenda,Célibataire,0,Élevée,Anxieux,Passable,G,0,Rarement,Moyen
112,ETU0112,adled0112@hotmail.fr,Dupont,Adèle,F,1999-06-12,Élevé,10,2021,Ngaoundéré,Célibataire,0,Élevée,Introverti,Assez Bien,D,0,Intensivement,Moyen
113,ETU0113,rissa0113@yahoo.fr,Issa,Rosalie,F,2004-07-06,Moyen,9,2021,Bertoua,Célibataire,0,Moyenne,Extraverti,Bien,D,0,Rarement,Élevé
114,ETU0114,josphine.simon0114@yahoo.fr,Simon,Joséphine,F,2004-12-27,Moyen,3,2020,Douala,En couple,0,Moyenne,Introverti,Assez Bien,C,0,Parfois,Élevé
115,ETU0115,laure.ndzana0115@orange.cm,Ndzana,Laure,F,2003-09-27,Moyen,8,2021,Douala,En couple,0,Élevée,Anxieux,Passable,G,1,Régulièrement,Moyen
116,ETU0116,nicolas.mbouck0116@outlook.com,Mbouck,Nicolas,M,2003-12-20,Moyen,3,2021,Douala,Célibataire,0,Élevée,Anxieux,Assez Bien,D,0,Régulièrement,Élevé
117,ETU0117,adiallo0117@gmail.com,Diallo,André,M,2002-11-05,Moyen,3,2021,Douala,Célibataire,0,Élevée,Ambiverti,Bien,D,0,Régulièrement,Moyen
118,ETU0118,irnet0118@yahoo.fr,Tchamba,Irène,F,2002-12-12,Moyen,8,2022,Bertoua,Célibataire,2,Faible,Consciencieux,Assez Bien,D,0,Intensivement,Élevé
119,ETU0119,valrieo0119@outlook.com,Onana,Valérie,F,2002-06-18,Moyen,10,2023,Ngaoundéré,Célibataire,0,Élevée,Anxieux,Assez Bien,G,1,Jamais,Élevé
120,ETU0120,tissa0120@outlook.com,Issa,Étienne,M,2002-03-28,Élevé,5,2020,Douala,En couple,0,Moyenne,Introverti,Assez Bien,A,0,Régulièrement,Élevé
121,ETU0121,nrichard0121@gmail.com,Richard,Nicolas,M,1999-03-19,Faible,8,2020,Maroua,En couple,0,Élevée,Extraverti,Assez Bien,A,1,Intensivement,Moyen
122,ETU0122,yann.feudjio0122@yahoo.fr,Feudjio,Yann,M,2000-11-22,Faible,9,2020,Douala,En couple,0,Moyenne,Introverti,Assez Bien,C,0,Régulièrement,Moyen
123,ETU0123,yvonnet0123@yahoo.fr,Thomas,Yvonne,F,2003-03-08,Faible,2,2021,Ngaoundéré,Célibataire,0,Moyenne,Introverti,Très Bien,A,0,Rarement,Élevé
124,ETU0124,emmanuella.diallo0124@yahoo.fr,Diallo,Emmanuella,F,2001-08-13,Faible,8,2020,Douala,Célibataire,1,Élevée,Anxieux,Passable,G,0,Intensivement,Moyen
125,ETU0125,michele0125@yahoo.fr,Ebene,Michel,M,1998-05-07,Faible,1,2023,Garoua,Célibataire,0,Moyenne,Introverti,Assez Bien,D,0,Régulièrement,Moyen
126,ETU0126,isidorev0126@outlook.com,Vidal,Isidore,M,2004-10-21,Moyen,2,2022,Bafoussam,Célibataire,0,Élevée,Consciencieux,Passable,F,0,Parfois,Moyen
127,ETU0127,alain.nyobe0127@gmail.com,Nyobe,Alain,M,2000-12-01,Faible,6,2022,Douala,Célibataire,0,Moyenne,Extraverti,Bien,A,0,Régulièrement,Faible
128,ETU0128,franoise.michel0128@gmail.com,Michel,Françoise,F,2003-01-16,Élevé,3,2022,Bafoussam,Célibataire,0,Élevée,Extraverti,Passable,D,1,Régulièrement,Élevé
129,ETU0129,carlosm0129@hotmail.fr,Moreau,Carlos,M,2004-04-11,Faible,6,2022,Maroua,Marié(e),0,Moyenne,Ambiverti,Très Bien,C,0,Parfois,Élevé
130,ETU0130,valrie.foko0130@outlook.com,Foko,Valérie,F,2005-01-12,Faible,10,2022,Ngaoundéré,En couple,0,Moyenne,Introverti,Assez Bien,G,0,Parfois,Élevé
131,ETU0131,olivierl0131@gmail.com,Leroy,Olivier,M,2003-11-27,Moyen,1,2022,Maroua,Marié(e),3,Moyenne,Introverti,Assez Bien,C,0,Régulièrement,Moyen
132,ETU0132,carloso0132@yahoo.fr,Okafor,Carlos,M,2004-12-12,Moyen,2,2020,Bamenda,Célibataire,0,Élevée,Consciencieux,Assez Bien,D,0,Rarement,Moyen
133,ETU0133,esther.samba0133@gmail.com,Samba,Esther,F,2001-02-07,Faible,10,2020,Maroua,Célibataire,1,Moyenne,Introverti,Passable,C,0,Rarement,Moyen
134,ETU0134,nicolaso0134@yahoo.fr,Onana,Nicolas,M,2003-03-03,Moyen,6,2023,Bafoussam,Célibataire,0,Moyenne,Introverti,Passable,F,0,Régulièrement,Moyen
135,ETU0135,adiallo0135@yahoo.fr,Diallo,Alain,M,2001-03-07,Élevé,6,2020,Douala,Célibataire,1,Élevée,Consciencieux,Très Bien,C,0,Parfois,Élevé
136,ETU0136,didierd0136@gmail.com,Diallo,Didier,M,2000-10-14,Élevé,7,2023,Bertoua,Célibataire,0,Élevée,Ambiverti,Très Bien,C,0,Régulièrement,Moyen
137,ETU0137,margueriter0137@yahoo.fr,Richard,Marguerite,F,1998-02-09,Moyen,7,2021,Bamenda,Célibataire,1,Moyenne,Extraverti,Assez Bien,A,0,Intensivement,Élevé
138,ETU0138,slobe0138@hotmail.fr,Lobe,Sophie,F,1998-06-20,Faible,5,2020,Yaoundé,Célibataire,1,Moyenne,Anxieux,Très Bien,F,1,Régulièrement,Moyen
139,ETU0139,lmedjo0139@gmail.com,Medjo,Laurent,M,2004-06-27,Élevé,3,2021,Bertoua,Célibataire,0,Élevée,Introverti,Très Bien,A,0,Régulièrement,Élevé
140,ETU0140,laura.simon0140@yahoo.fr,Simon,Laura,F,1998-02-02,Faible,4,2020,Bafoussam,En couple,0,Faible,Introverti,Bien,C,0,Parfois,Élevé
141,ETU0141,hzobel0141@gmail.com,Zobel,Henri,M,1999-06-23,Élevé,7,2020,Bamenda,Célibataire,2,Moyenne,Consciencieux,Très Bien,G,0,Parfois,Élevé
142,ETU0142,clment.dubois0142@gmail.com,Dubois,Clément,M,2000-07-10,Moyen,5,2021,Garoua,Célibataire,2,Élevée,Anxieux,Assez Bien,F,0,Intensivement,Faible
143,ETU0143,fabrice.jourdain0143@yahoo.fr,Jourdain,Fabrice,M,2003-12-03,Faible,6,2021,Yaoundé,Célibataire,0,Élevée,Consciencieux,Bien,C,1,Régulièrement,Faible
144,ETU0144,yann.petit0144@yahoo.fr,Petit,Yann,M,2004-03-14,Moyen,7,2022,Maroua,En couple,0,Élevée,Introverti,Assez Bien,G,0,Régulièrement,Moyen
145,ETU0145,emmanuelw0145@gmail.com,Wamba,Emmanuel,M,2000-07-06,Moyen,9,2020,Ngaoundéré,Célibataire,0,Élevée,Anxieux,Assez Bien,D,0,Régulièrement,Moyen
146,ETU0146,ftoure0146@gmail.com,Toure,Flore,F,2002-04-04,Faible,10,2023,Bertoua,Célibataire,0,Faible,Anxieux,Bien,D,0,Jamais,Faible
147,ETU0147,ttchio0147@yahoo.fr,Tchio,Thomas,M,2004-08-16,Élevé,5,2020,Douala,Célibataire,0,Moyenne,Introverti,Assez Bien,D,0,Intensivement,Élevé
148,ETU0148,clmenty0148@orange.cm,Yanga,Clément,M,2004-10-08,Moyen,7,2023,Bafoussam,Célibataire,0,Élevée,Anxieux,Très Bien,D,1,Parfois,Élevé
149,ETU0149,christophel0149@gmail.com,Lobe,Christophe,M,2000-04-26,Faible,1,2023,Ngaoundéré,Marié(e),0,Moyenne,Extraverti,Assez Bien,G,0,Intensivement,Élevé
150,ETU0150,sophie.lefebvre0150@gmail.com,Lefebvre,Sophie,F,2005-01-26,Moyen,10,2023,Bamenda,Célibataire,0,Faible,Ambiverti,Bien,F,0,Régulièrement,Moyen
151,ETU0151,reinem0151@yahoo.fr,Martin,Reine,F,2005-10-20,Moyen,3,2022,Yaoundé,En couple,2,Moyenne,Anxieux,Passable,G,0,Régulièrement,Moyen
152,ETU0152,ursulau0152@gmail.com,Umba,Ursula,F,2002-08-28,Moyen,2,2021,Bamenda,Célibataire,1,Moyenne,Consciencieux,Passable,D,0,Régulièrement,Faible
153,ETU0153,gabrielt0153@outlook.com,Tchio,Gabriel,M,2000-02-10,Moyen,7,2021,Maroua,Célibataire,2,Élevée,Consciencieux,Passable,G,0,Jamais,Moyen
154,ETU0154,fmichel0154@yahoo.fr,Michel,Françoise,F,2004-11-04,Moyen,4,2022,Ngaoundéré,En couple,0,Faible,Extraverti,Assez Bien,C,0,Intensivement,Élevé
155,ETU0155,kevinm0155@outlook.com,Medjo,Kevin,M,2001-04-21,Faible,4,2022,Maroua,Célibataire,0,Faible,Extraverti,Bien,A,0,Régulièrement,Moyen
156,ETU0156,danielle.martin0156@yahoo.fr,Martin,Danielle,F,2003-08-09,Faible,5,2023,Maroua,Célibataire,0,Moyenne,Introverti,Bien,C,0,Régulièrement,Moyen
157,ETU0157,sophier0157@hotmail.fr,Rodrigues,Sophie,F,2002-04-05,Moyen,4,2020,Garoua,Marié(e),0,Moyenne,Consciencieux,Passable,A,0,Parfois,Moyen
158,ETU0158,vokafor0158@gmail.com,Okafor,Viviane,F,2005-11-12,Moyen,3,2021,Maroua,Célibataire,0,Faible,Extraverti,Bien,G,0,Parfois,Élevé
159,ETU0159,wandaz0159@gmail.com,Zobel,Wanda,F,2002-10-10,Moyen,2,2023,Bafoussam,Célibataire,0,Moyenne,Introverti,Passable,G,0,Intensivement,Élevé
160,ETU0160,marcw0160@yahoo.fr,Wamba,Marc,M,2004-10-15,Faible,3,2020,Douala,Célibataire,0,Élevée,Consciencieux,Passable,D,0,Rarement,Élevé
161,ETU0161,pascal.thomas0161@gmail.com,Thomas,Pascal,M,2004-07-14,Élevé,7,2020,Bamenda,Célibataire,1,Élevée,Introverti,Très Bien,G,0,Intensivement,Faible
162,ETU0162,igomis0162@gmail.com,Gomis,Isabelle,F,2004-09-19,Moyen,2,2020,Bafoussam,Divorcé(e),0,Moyenne,Consciencieux,Assez Bien,D,0,Régulièrement,Faible
163,ETU0163,batriceo0163@gmail.com,Okafor,Béatrice,F,2001-12-05,Faible,1,2021,Yaoundé,Divorcé(e),0,Moyenne,Consciencieux,Très Bien,C,0,Jamais,Faible
164,ETU0164,tienne.haidara0164@outlook.com,Haidara,Étienne,M,2004-08-13,Faible,5,2023,Douala,Célibataire,0,Moyenne,Consciencieux,Assez Bien,D,0,Parfois,Faible
165,ETU0165,shaidara0165@gmail.com,Haidara,Samuel,M,1999-08-07,Moyen,5,2021,Bertoua,Célibataire,0,Moyenne,Anxieux,Assez Bien,C,0,Jamais,Moyen
166,ETU0166,ffeudjio0166@yahoo.fr,Feudjio,François,M,1999-12-24,Faible,5,2021,Yaoundé,Célibataire,0,Faible,Introverti,Bien,G,0,Jamais,Moyen
167,ETU0167,ibrahim.etoundi0167@hotmail.fr,Etoundi,Ibrahim,M,2000-06-12,Élevé,10,2022,Bafoussam,Célibataire,0,Moyenne,Extraverti,Passable,D,0,Régulièrement,Élevé
168,ETU0168,ibrahima0168@hotmail.fr,Abomo,Ibrahim,M,1998-03-04,Moyen,10,2023,Bertoua,En couple,2,Moyenne,Ambiverti,Bien,D,0,Régulièrement,Élevé
169,ETU0169,andrp0169@orange.cm,Petit,André,M,1998-02-09,Moyen,1,2021,Bafoussam,Célibataire,0,Élevée,Ambiverti,Bien,D,0,Régulièrement,Élevé
170,ETU0170,aessama0170@gmail.com,Essama,Alain,M,2000-09-28,Moyen,8,2021,Bertoua,En couple,0,Moyenne,Extraverti,Passable,D,0,Parfois,Moyen
171,ETU0171,fabrice.petit0171@yahoo.fr,Petit,Fabrice,M,2003-02-16,Moyen,1,2020,Bamenda,Célibataire,0,Moyenne,Consciencieux,Passable,D,0,Jamais,Moyen
172,ETU0172,dndzana0172@outlook.com,Ndzana,Diane,F,2001-08-11,Moyen,10,2023,Douala,Marié(e),0,Élevée,Ambiverti,Bien,C,0,Rarement,Élevé
173,ETU0173,kevin.simon0173@yahoo.fr,Simon,Kevin,M,2000-12-24,Moyen,2,2022,Douala,En couple,0,Faible,Ambiverti,Passable,G,0,Intensivement,Moyen
174,ETU0174,fetoundi0174@hotmail.fr,Etoundi,Françoise,F,2000-08-01,Moyen,1,2023,Bamenda,Célibataire,0,Élevée,Ambiverti,Très Bien,D,0,Régulièrement,Élevé
175,ETU0175,ccile.garcia0175@hotmail.fr,Garcia,Cécile,F,2001-05-13,Élevé,5,2023,Garoua,Célibataire,2,Élevée,Ambiverti,Bien,C,0,Intensivement,Élevé
176,ETU0176,pascaln0176@yahoo.fr,Nyobe,Pascal,M,2002-11-12,Élevé,3,2021,Maroua,Célibataire,0,Élevée,Anxieux,Bien,D,0,Intensivement,Élevé
177,ETU0177,alice.lefebvre0177@gmail.com,Lefebvre,Alice,F,1999-01-13,Faible,1,2021,Garoua,Célibataire,0,Élevée,Ambiverti,Passable,A,0,Régulièrement,Faible
178,ETU0178,patriciam0178@yahoo.fr,Michel,Patricia,F,2002-12-22,Faible,7,2023,Bamenda,Marié(e),1,Faible,Anxieux,Passable,C,0,Parfois,Élevé
179,ETU0179,grardm0179@orange.cm,Manga,Gérard,M,2002-08-06,Élevé,2,2021,Bafoussam,Célibataire,0,Élevée,Consciencieux,Assez Bien,D,0,Régulièrement,Élevé
180,ETU0180,jeanv0180@outlook.com,Vidal,Jean,M,1998-11-20,Élevé,5,2023,Douala,Célibataire,0,Moyenne,Ambiverti,Assez Bien,C,0,Intensivement,Moyen
181,ETU0181,ocanen0181@orange.cm,Nguema,Océane,F,2003-06-12,Faible,10,2023,Douala,Marié(e),0,Faible,Extraverti,Assez Bien,F,0,Régulièrement,Moyen
182,ETU0182,rleroy0182@yahoo.fr,Leroy,Reine,F,2002-01-17,Élevé,6,2023,Garoua,Célibataire,0,Élevée,Introverti,Assez Bien,F,0,Parfois,Élevé
183,ETU0183,gnguema0183@yahoo.fr,Nguema,Grace,F,2004-11-27,Élevé,3,2020,Ngaoundéré,Marié(e),0,Faible,Ambiverti,Passable,C,0,Parfois,Élevé
184,ETU0184,valrieb0184@outlook.com,Bello,Valérie,F,2004-11-04,Moyen,10,2020,Ngaoundéré,Célibataire,0,Faible,Anxieux,Assez Bien,D,0,Régulièrement,Élevé
185,ETU0185,flore.bello0185@orange.cm,Bello,Flore,F,2005-03-18,Faible,7,2022,Yaoundé,Célibataire,1,Faible,Introverti,Très Bien,G,0,Régulièrement,Élevé
186,ETU0186,laurentg0186@outlook.com,Garcia,Laurent,M,2004-09-18,Élevé,5,2021,Yaoundé,En couple,0,Moyenne,Introverti,Assez Bien,D,0,Régulièrement,Moyen
187,ETU0187,emoreau0187@outlook.com,Moreau,Emmanuella,F,1999-05-22,Faible,2,2021,Maroua,Célibataire,0,Élevée,Extraverti,Bien,C,0,Parfois,Faible
188,ETU0188,laurentb0188@outlook.com,Bouchard,Laurent,M,2003-06-14,Faible,6,2021,Douala,Célibataire,0,Moyenne,Extraverti,Bien,A,0,Parfois,Élevé
189,ETU0189,blaiseg0189@gmail.com,Garcia,Blaise,M,1999-05-28,Élevé,9,2021,Maroua,Célibataire,0,Moyenne,Anxieux,Passable,D,0,Parfois,Élevé
190,ETU0190,emmanuellaf0190@gmail.com,Feudjio,Emmanuella,F,2000-06-13,Faible,10,2022,Bertoua,Célibataire,0,Moyenne,Ambiverti,Assez Bien,D,0,Parfois,Élevé
191,ETU0191,lbouchard0191@gmail.com,Bouchard,Louis,M,2000-12-24,Moyen,6,2020,Yaoundé,Célibataire,2,Moyenne,Anxieux,Passable,D,0,Parfois,Élevé
192,ETU0192,gnyobe0192@gmail.com,Nyobe,Grace,F,2002-12-09,Moyen,10,2021,Bertoua,Célibataire,0,Moyenne,Anxieux,Bien,D,0,Régulièrement,Élevé
193,ETU0193,rosalie.atangana0193@gmail.com,Atangana,Rosalie,F,2000-08-06,Faible,9,2022,Bafoussam,Célibataire,0,Faible,Ambiverti,Bien,D,0,Parfois,Faible
194,ETU0194,batrice.penda0194@hotmail.fr,Penda,Béatrice,F,1998-03-19,Moyen,3,2020,Maroua,Célibataire,1,Faible,Consciencieux,Passable,F,0,Parfois,Moyen
195,ETU0195,nicolas.petit0195@outlook.com,Petit,Nicolas,M,2005-08-06,Faible,7,2021,Yaoundé,Célibataire,0,Moyenne,Introverti,Passable,D,0,Parfois,Moyen
196,ETU0196,henrim0196@hotmail.fr,Michel,Henri,M,2004-03-20,Faible,8,2020,Ngaoundéré,Marié(e),1,Moyenne,Ambiverti,Assez Bien,A,0,Rarement,Élevé
197,ETU0197,carolea0197@yahoo.fr,Abomo,Carole,F,2004-04-26,Moyen,7,2022,Ngaoundéré,Marié(e),0,Élevée,Ambiverti,Assez Bien,D,0,Régulièrement,Élevé
198,ETU0198,mariea0198@outlook.com,Atangana,Marie,F,1998-10-17,Faible,1,2023,Ngaoundéré,Célibataire,0,Élevée,Ambiverti,Passable,D,0,Parfois,Faible
199,ETU0199,andrm0199@orange.cm,Moreau,André,M,2005-03-12,Moyen,8,2022,Garoua,Célibataire,0,Moyenne,Introverti,Bien,G,0,Régulièrement,Élevé
200,ETU0200,wmbouck0200@hotmail.fr,Mbouck,Wanda,F,1998-03-13,Élevé,1,2020,Maroua,Célibataire,3,Élevée,Ambiverti,Passable,C,0,Régulièrement,Faible
201,ETU0201,louisn0201@gmail.com,Nkeng,Louis,M,2005-08-01,Faible,9,2022,Ngaoundéré,Divorcé(e),0,Moyenne,Extraverti,Assez Bien,D,0,Régulièrement,Moyen
202,ETU0202,flored0202@yahoo.fr,Dupont,Flore,F,2004-10-07,Moyen,2,2020,Maroua,Célibataire,2,Élevée,Ambiverti,Assez Bien,F,0,Intensivement,Moyen
203,ETU0203,amichel0203@hotmail.fr,Michel,André,M,1999-09-03,Moyen,6,2020,Bertoua,En couple,1,Élevée,Anxieux,Assez Bien,D,0,Régulièrement,Moyen
204,ETU0204,pbello0204@hotmail.fr,Bello,Pauline,F,2005-02-09,Faible,4,2021,Bafoussam,Célibataire,1,Élevée,Introverti,Passable,G,0,Parfois,Faible
205,ETU0205,valrie.yanga0205@outlook.com,Yanga,Valérie,F,2001-10-09,Faible,4,2023,Bertoua,Célibataire,0,Moyenne,Anxieux,Passable,C,0,Régulièrement,Moyen
206,ETU0206,isidorec0206@yahoo.fr,Camara,Isidore,M,2005-06-20,Moyen,10,2022,Bafoussam,Célibataire,0,Moyenne,Extraverti,Assez Bien,A,0,Parfois,Moyen
207,ETU0207,habomo0207@yahoo.fr,Abomo,Hortense,F,2005-06-23,Faible,4,2023,Ngaoundéré,Célibataire,0,Moyenne,Extraverti,Passable,C,0,Régulièrement,Élevé
208,ETU0208,zahram0208@hotmail.fr,Medjo,Zahra,F,2004-05-15,Faible,3,2021,Bertoua,Célibataire,1,Faible,Introverti,Assez Bien,C,1,Rarement,Élevé
209,ETU0209,armandl0209@gmail.com,Lefebvre,Armand,M,2003-08-10,Faible,10,2020,Maroua,Célibataire,0,Faible,Ambiverti,Passable,G,1,Rarement,Moyen
210,ETU0210,batriceb0210@yahoo.fr,Bernard,Béatrice,F,1999-06-28,Moyen,10,2021,Maroua,En couple,2,Moyenne,Extraverti,Bien,C,0,Rarement,Moyen
211,ETU0211,christelle.jourdain0211@hotmail.fr,Jourdain,Christelle,F,2000-11-26,Élevé,7,2023,Bamenda,Célibataire,2,Moyenne,Consciencieux,Assez Bien,D,0,Régulièrement,Élevé
212,ETU0212,ckamga0212@gmail.com,Kamga,Cécile,F,2000-01-05,Moyen,5,2020,Bafoussam,En couple,0,Faible,Extraverti,Très Bien,D,1,Rarement,Moyen
213,ETU0213,blaise.martin0213@gmail.com,Martin,Blaise,M,2002-04-08,Moyen,8,2021,Bafoussam,Célibataire,0,Faible,Extraverti,Bien,C,0,Régulièrement,Élevé
214,ETU0214,christelle.tchamba0214@yahoo.fr,Tchamba,Christelle,F,2004-09-21,Moyen,5,2022,Bertoua,En couple,1,Élevée,Extraverti,Assez Bien,C,0,Parfois,Faible
215,ETU0215,tiennes0215@outlook.com,Simon,Étienne,M,2005-05-01,Moyen,5,2021,Ngaoundéré,Célibataire,0,Moyenne,Extraverti,Assez Bien,C,0,Parfois,Élevé
216,ETU0216,henri.donfack0216@gmail.com,Donfack,Henri,M,2002-05-21,Moyen,5,2023,Yaoundé,Célibataire,0,Faible,Introverti,Assez Bien,D,0,Parfois,Moyen
217,ETU0217,georges.toure0217@gmail.com,Toure,Georges,M,2002-03-23,Moyen,1,2021,Bafoussam,En couple,0,Moyenne,Consciencieux,Assez Bien,G,0,Parfois,Moyen
218,ETU0218,rodrigue.feudjio0218@hotmail.fr,Feudjio,Rodrigue,M,2004-02-18,Moyen,4,2022,Garoua,Célibataire,0,Faible,Consciencieux,Passable,G,0,Régulièrement,Élevé
219,ETU0219,aminab0219@gmail.com,Biyong,Amina,F,2002-06-06,Moyen,1,2020,Douala,Célibataire,0,Moyenne,Consciencieux,Passable,D,0,Parfois,Moyen
220,ETU0220,patricia.atangana0220@gmail.com,Atangana,Patricia,F,1998-10-26,Moyen,10,2021,Douala,Célibataire,0,Moyenne,Introverti,Bien,C,0,Parfois,Élevé
221,ETU0221,fabrice.okafor0221@outlook.com,Okafor,Fabrice,M,2003-09-26,Moyen,6,2023,Bafoussam,Célibataire,0,Moyenne,Introverti,Passable,G,0,Parfois,Moyen
222,ETU0222,valrie.mvondo0222@gmail.com,Mvondo,Valérie,F,2005-05-28,Élevé,9,2021,Bamenda,En couple,2,Élevée,Ambiverti,Assez Bien,D,0,Intensivement,Élevé
223,ETU0223,ulrich.mvondo0223@outlook.com,Mvondo,Ulrich,M,1999-11-18,Élevé,4,2023,Garoua,En couple,0,Élevée,Anxieux,Assez Bien,A,0,Régulièrement,Moyen
224,ETU0224,fabricem0224@yahoo.fr,Manga,Fabrice,M,1999-01-19,Moyen,7,2023,Bertoua,Célibataire,2,Moyenne,Consciencieux,Passable,D,1,Jamais,Élevé
225,ETU0225,xavierm0225@yahoo.fr,Moreau,Xavier,M,2004-06-26,Moyen,10,2022,Garoua,Célibataire,0,Faible,Ambiverti,Très Bien,F,0,Parfois,Élevé
226,ETU0226,jacquest0226@outlook.com,Tchamba,Jacques,M,2004-12-04,Moyen,10,2022,Bamenda,Célibataire,3,Moyenne,Extraverti,Passable,C,0,Intensivement,Moyen
227,ETU0227,marguerite.vidal0227@yahoo.fr,Vidal,Marguerite,F,2003-07-25,Moyen,6,2021,Yaoundé,Célibataire,0,Moyenne,Extraverti,Bien,C,0,Régulièrement,Élevé
228,ETU0228,thomasa0228@ymail.com,Atangana,Thomas,M,2002-04-07,Élevé,1,2022,Maroua,Célibataire,0,Élevée,Introverti,Passable,A,0,Intensivement,Moyen
229,ETU0229,laurentd0229@yahoo.fr,Dupont,Laurent,M,2001-12-03,Moyen,8,2021,Bamenda,Célibataire,1,Élevée,Anxieux,Passable,D,1,Régulièrement,Élevé
230,ETU0230,danielleb0230@yahoo.fr,Bernard,Danielle,F,1999-04-24,Moyen,10,2020,Ngaoundéré,Célibataire,0,Moyenne,Consciencieux,Passable,D,0,Parfois,Moyen
231,ETU0231,rosalie.bouchard0231@gmail.com,Bouchard,Rosalie,F,1999-04-14,Faible,7,2021,Garoua,Célibataire,1,Moyenne,Ambiverti,Assez Bien,C,0,Régulièrement,Moyen
232,ETU0232,bessama0232@gmail.com,Essama,Blandine,F,2001-09-20,Élevé,9,2021,Yaoundé,Célibataire,0,Élevée,Ambiverti,Très Bien,A,0,Régulièrement,Élevé
233,ETU0233,karine.yanga0233@outlook.com,Yanga,Karine,F,2005-10-05,Moyen,4,2021,Douala,En couple,1,Élevée,Introverti,Passable,A,0,Intensivement,Élevé
234,ETU0234,erichard0234@yahoo.fr,Richard,Esther,F,1998-06-07,Moyen,4,2021,Yaoundé,Marié(e),0,Moyenne,Extraverti,Très Bien,D,0,Régulièrement,Moyen
235,ETU0235,mtchio0235@gmail.com,Tchio,Marie,F,2002-01-15,Moyen,1,2020,Douala,Célibataire,3,Moyenne,Ambiverti,Assez Bien,A,0,Intensivement,Élevé
236,ETU0236,honorineg0236@gmail.com,Garcia,Honorine,F,1999-03-07,Moyen,8,2020,Maroua,Célibataire,3,Moyenne,Anxieux,Bien,A,0,Parfois,Moyen
237,ETU0237,arodrigues0237@gmail.com,Rodrigues,Armand,M,2004-01-18,Élevé,4,2021,Maroua,Célibataire,0,Élevée,Introverti,Assez Bien,F,0,Parfois,Élevé
238,ETU0238,eleroy0238@hotmail.fr,Leroy,Esther,F,2000-04-21,Faible,9,2021,Douala,Célibataire,0,Moyenne,Introverti,Très Bien,D,0,Régulièrement,Élevé
239,ETU0239,louisv0239@gmail.com,Vidal,Louis,M,2000-12-01,Moyen,7,2023,Maroua,Célibataire,1,Élevée,Ambiverti,Très Bien,C,0,Intensivement,Faible
240,ETU0240,nathano0240@yahoo.fr,Okafor,Nathan,M,2001-11-01,Moyen,8,2021,Maroua,Célibataire,0,Moyenne,Anxieux,Passable,C,0,Régulièrement,Faible
241,ETU0241,otchamba0241@outlook.com,Tchamba,Océane,F,2001-04-03,Faible,8,2023,Yaoundé,Célibataire,2,Élevée,Ambiverti,Bien,D,0,Parfois,Moyen
242,ETU0242,christopher0242@yahoo.fr,Robert,Christophe,M,1998-04-17,Moyen,1,2023,Bafoussam,Célibataire,0,Élevée,Anxieux,Assez Bien,G,0,Rarement,Moyen
243,ETU0243,epetit0243@gmail.com,Petit,Emmanuella,F,1999-12-17,Faible,10,2021,Bafoussam,Célibataire,0,Moyenne,Anxieux,Assez Bien,D,0,Rarement,Moyen
244,ETU0244,fhaidara0244@gmail.com,Haidara,François,M,2005-11-12,Faible,7,2021,Maroua,Célibataire,1,Faible,Introverti,Assez Bien,G,0,Rarement,Faible
245,ETU0245,etoure0245@gmail.com,Toure,Esther,F,2000-02-05,Élevé,1,2022,Yaoundé,Célibataire,0,Élevée,Introverti,Passable,G,0,Régulièrement,Élevé
246,ETU0246,jacques.samba0246@gmail.com,Samba,Jacques,M,2001-01-06,Faible,6,2020,Bafoussam,Célibataire,0,Moyenne,Ambiverti,Passable,F,1,Régulièrement,Moyen
247,ETU0247,pzobel0247@hotmail.fr,Zobel,Pauline,F,1998-02-25,Faible,6,2023,Yaoundé,Célibataire,0,Élevée,Introverti,Assez Bien,A,0,Jamais,Faible
248,ETU0248,lmvondo0248@yahoo.fr,Mvondo,Laurent,M,1999-08-24,Moyen,5,2023,Garoua,En couple,0,Moyenne,Consciencieux,Assez Bien,F,0,Régulièrement,Moyen
249,ETU0249,matangana0249@outlook.com,Atangana,Marie,F,1999-01-15,Moyen,2,2021,Bamenda,Célibataire,1,Moyenne,Extraverti,Assez Bien,D,1,Parfois,Moyen
250,ETU0250,hugo.biyong0250@hotmail.fr,Biyong,Hugo,M,2003-06-13,Moyen,10,2020,Bamenda,Célibataire,0,Moyenne,Anxieux,Bien,F,0,Parfois,Moyen
251,ETU0251,ccilet0251@gmail.com,Tchamba,Cécile,F,1998-09-10,Moyen,6,2020,Bafoussam,Célibataire,0,Moyenne,Ambiverti,Bien,A,0,Intensivement,Élevé
252,ETU0252,lgarcia0252@yahoo.fr,Garcia,Laura,F,1999-05-23,Élevé,1,2022,Douala,Célibataire,0,Élevée,Introverti,Bien,C,0,Régulièrement,Moyen
253,ETU0253,irne.bello0253@outlook.com,Bello,Irène,F,2005-09-05,Faible,8,2022,Douala,Célibataire,0,Élevée,Anxieux,Très Bien,D,0,Jamais,Faible
254,ETU0254,tcamara0254@gmail.com,Camara,Thomas,M,1999-06-15,Élevé,2,2022,Douala,Célibataire,0,Élevée,Introverti,Passable,C,0,Parfois,Élevé
255,ETU0255,pascalm0255@gmail.com,Moreau,Pascal,M,1999-04-18,Moyen,6,2022,Yaoundé,Célibataire,0,Élevée,Anxieux,Passable,C,0,Régulièrement,Moyen
256,ETU0256,ydiallo0256@yahoo.fr,Diallo,Yann,M,1999-07-13,Faible,10,2023,Bertoua,En couple,0,Faible,Introverti,Bien,G,1,Rarement,Élevé
257,ETU0257,dumba0257@ymail.com,Umba,Didier,M,2005-08-08,Élevé,3,2022,Bafoussam,Célibataire,0,Moyenne,Ambiverti,Assez Bien,G,0,Intensivement,Élevé
258,ETU0258,yvonne.garcia0258@yahoo.fr,Garcia,Yvonne,F,2000-09-04,Moyen,2,2022,Ngaoundéré,Divorcé(e),0,Élevée,Extraverti,Assez Bien,D,0,Régulièrement,Moyen
259,ETU0259,nollet0259@gmail.com,Tchio,Noëlle,F,2003-09-23,Faible,2,2023,Ngaoundéré,Célibataire,1,Moyenne,Consciencieux,Bien,C,0,Parfois,Faible
260,ETU0260,honorinee0260@outlook.com,Essama,Honorine,F,1998-02-07,Élevé,10,2020,Maroua,Célibataire,0,Moyenne,Anxieux,Assez Bien,D,0,Régulièrement,Élevé
261,ETU0261,vyanga0261@hotmail.fr,Yanga,Viviane,F,1999-10-01,Moyen,9,2023,Ngaoundéré,Célibataire,0,Faible,Introverti,Très Bien,A,0,Intensivement,Élevé
262,ETU0262,christelle.vidal0262@yahoo.fr,Vidal,Christelle,F,2004-07-13,Moyen,4,2021,Bafoussam,Célibataire,0,Moyenne,Ambiverti,Assez Bien,D,0,Régulièrement,Élevé
263,ETU0263,floret0263@hotmail.fr,Thomas,Flore,F,2000-02-05,Moyen,7,2023,Bertoua,Célibataire,0,Moyenne,Ambiverti,Passable,D,0,Parfois,Moyen
264,ETU0264,florentm0264@yahoo.fr,Michel,Florent,M,2002-07-18,Moyen,1,2020,Douala,En couple,1,Moyenne,Extraverti,Très Bien,A,0,Régulièrement,Moyen
265,ETU0265,prichard0265@yahoo.fr,Richard,Patrick,M,1999-11-21,Moyen,10,2022,Bafoussam,Célibataire,3,Moyenne,Extraverti,Assez Bien,F,0,Jamais,Moyen
266,ETU0266,tienneg0266@yahoo.fr,Garcia,Étienne,M,2002-12-26,Moyen,1,2023,Bafoussam,Célibataire,1,Faible,Extraverti,Bien,D,0,Intensivement,Faible
267,ETU0267,smedjo0267@outlook.com,Medjo,Sophie,F,2002-01-24,Faible,3,2021,Bafoussam,Célibataire,0,Élevée,Introverti,Bien,D,0,Rarement,Élevé
268,ETU0268,cfeudjio0268@yahoo.fr,Feudjio,Cécile,F,2004-04-22,Moyen,3,2021,Garoua,Célibataire,2,Faible,Anxieux,Bien,A,0,Parfois,Moyen
269,ETU0269,jnyobe0269@gmail.com,Nyobe,Joséphine,F,2004-08-09,Faible,7,2020,Maroua,Célibataire,1,Moyenne,Ambiverti,Assez Bien,F,1,Rarement,Moyen
270,ETU0270,sophies0270@outlook.com,Samba,Sophie,F,1999-05-21,Moyen,8,2021,Douala,Célibataire,0,Élevée,Extraverti,Bien,F,0,Régulièrement,Faible
271,ETU0271,yvonneo0271@gmail.com,Okafor,Yvonne,F,2002-05-07,Faible,10,2020,Bafoussam,En couple,0,Moyenne,Consciencieux,Très Bien,D,0,Régulièrement,Faible
272,ETU0272,tlobe0272@ymail.com,Lobe,Étienne,M,2002-05-15,Moyen,2,2023,Yaoundé,Célibataire,0,Élevée,Extraverti,Bien,G,0,Régulièrement,Élevé
273,ETU0273,rlobe0273@gmail.com,Lobe,Reine,F,2005-02-16,Élevé,4,2023,Maroua,Célibataire,0,Moyenne,Introverti,Assez Bien,D,0,Régulièrement,Élevé
274,ETU0274,batrices0274@gmail.com,Simon,Béatrice,F,2000-11-21,Faible,1,2023,Douala,Célibataire,1,Faible,Consciencieux,Passable,D,0,Parfois,Moyen
275,ETU0275,amartin0275@outlook.com,Martin,Alain,M,2005-02-19,Moyen,6,2022,Garoua,En couple,1,Faible,Extraverti,Assez Bien,C,0,Intensivement,Moyen
276,ETU0276,jcamara0276@yahoo.fr,Camara,Jacques,M,2004-11-07,Faible,7,2020,Maroua,Divorcé(e),0,Moyenne,Extraverti,Assez Bien,C,1,Régulièrement,Faible
277,ETU0277,laure.onana0277@yahoo.fr,Onana,Laure,F,2005-01-02,Moyen,6,2020,Bafoussam,Célibataire,2,Élevée,Introverti,Assez Bien,D,0,Régulièrement,Faible
278,ETU0278,emmanuella.bello0278@gmail.com,Bello,Emmanuella,F,2005-10-02,Faible,3,2020,Garoua,En couple,0,Élevée,Ambiverti,Passable,D,0,Régulièrement,Faible
279,ETU0279,marc.thomas0279@gmail.com,Thomas,Marc,M,2003-12-22,Moyen,2,2021,Yaoundé,Célibataire,0,Élevée,Extraverti,Assez Bien,A,0,Régulièrement,Moyen
280,ETU0280,georges.tchio0280@gmail.com,Tchio,Georges,M,2004-03-01,Élevé,2,2020,Bertoua,Célibataire,0,Élevée,Extraverti,Passable,D,0,Régulièrement,Élevé
281,ETU0281,plobe0281@yahoo.fr,Lobe,Patricia,F,1998-10-06,Moyen,10,2020,Garoua,Célibataire,1,Moyenne,Ambiverti,Passable,A,0,Jamais,Faible
282,ETU0282,christelle.etoundi0282@yahoo.fr,Etoundi,Christelle,F,2001-05-02,Faible,3,2023,Yaoundé,En couple,1,Moyenne,Introverti,Assez Bien,C,0,Jamais,Faible
283,ETU0283,ktchio0283@yahoo.fr,Tchio,Kevin,M,1998-08-17,Faible,4,2023,Garoua,Célibataire,0,Moyenne,Introverti,Très Bien,C,1,Régulièrement,Faible
284,ETU0284,edubois0284@gmail.com,Dubois,Eric,M,2005-01-14,Faible,10,2023,Bertoua,Célibataire,0,Faible,Introverti,Assez Bien,F,0,Régulièrement,Faible
285,ETU0285,ccilek0285@yahoo.fr,Kamga,Cécile,F,2003-04-10,Moyen,10,2021,Garoua,En couple,0,Élevée,Consciencieux,Bien,D,0,Rarement,Moyen
286,ETU0286,ulrich.thomas0286@orange.cm,Thomas,Ulrich,M,2001-10-05,Élevé,1,2023,Douala,Célibataire,0,Élevée,Ambiverti,Assez Bien,D,0,Intensivement,Élevé
287,ETU0287,tiennem0287@gmail.com,Mvondo,Étienne,M,2004-04-05,Moyen,4,2020,Bamenda,En couple,1,Moyenne,Extraverti,Bien,D,1,Régulièrement,Moyen
288,ETU0288,vnkeng0288@gmail.com,Nkeng,Viviane,F,1998-11-03,Moyen,6,2020,Bamenda,Célibataire,2,Moyenne,Ambiverti,Assez Bien,C,0,Régulièrement,Moyen
289,ETU0289,hugom0289@yahoo.fr,Martin,Hugo,M,2003-08-20,Faible,6,2021,Garoua,Célibataire,2,Faible,Ambiverti,Passable,F,0,Régulièrement,Faible
290,ETU0290,uyanga0290@gmail.com,Yanga,Ulrich,M,2002-09-22,Moyen,1,2020,Douala,Célibataire,0,Moyenne,Consciencieux,Passable,D,0,Régulièrement,Moyen
291,ETU0291,didier.foko0291@gmail.com,Foko,Didier,M,1999-07-06,Faible,2,2020,Bamenda,Marié(e),0,Moyenne,Introverti,Très Bien,D,0,Parfois,Faible
292,ETU0292,etchamba0292@yahoo.fr,Tchamba,Esther,F,1998-05-07,Faible,4,2022,Maroua,Célibataire,0,Moyenne,Anxieux,Assez Bien,D,0,Régulièrement,Moyen
293,ETU0293,qokafor0293@gmail.com,Okafor,Quentin,M,2005-06-10,Moyen,1,2021,Bafoussam,Célibataire,2,Élevée,Consciencieux,Passable,D,0,Régulièrement,Faible
294,ETU0294,hugoc0294@gmail.com,Camara,Hugo,M,2003-10-05,Moyen,6,2021,Bertoua,Célibataire,2,Faible,Extraverti,Assez Bien,C,0,Parfois,Faible
295,ETU0295,dvidal0295@yahoo.fr,Vidal,Didier,M,2000-01-24,Moyen,9,2022,Douala,Célibataire,2,Moyenne,Extraverti,Très Bien,F,0,Parfois,Faible
296,ETU0296,cissa0296@gmail.com,Issa,Carole,F,1999-05-01,Moyen,4,2023,Douala,Célibataire,0,Faible,Extraverti,Assez Bien,C,0,Régulièrement,Moyen
297,ETU0297,maries0297@gmail.com,Simon,Marie,F,2003-10-20,Moyen,1,2022,Bertoua,Marié(e),0,Élevée,Consciencieux,Assez Bien,C,0,Parfois,Élevé
298,ETU0298,esthert0298@hotmail.fr,Toure,Esther,F,2000-12-14,Moyen,7,2021,Ngaoundéré,Marié(e),1,Faible,Introverti,Assez Bien,G,0,Parfois,Faible
299,ETU0299,clobe0299@gmail.com,Lobe,Cécile,F,2005-12-19,Moyen,3,2021,Bafoussam,En couple,0,Moyenne,Consciencieux,Bien,C,0,Parfois,Moyen
300,ETU0300,ursulan0300@gmail.com,Nkeng,Ursula,F,2005-02-21,Moyen,5,2023,Maroua,Célibataire,0,Moyenne,Extraverti,Bien,D,0,Jamais,Moyen
301,ETU0301,madeleine.ndzana0301@gmail.com,Ndzana,Madeleine,F,1999-06-17,Moyen,1,2022,Maroua,Célibataire,2,Faible,Introverti,Bien,C,1,Parfois,Moyen
302,ETU0302,gabrielm0302@hotmail.fr,Manga,Gabriel,M,2000-02-20,Moyen,9,2022,Bertoua,Célibataire,0,Élevée,Extraverti,Bien,C,0,Parfois,Moyen
303,ETU0303,wanda.kamga0303@yahoo.fr,Kamga,Wanda,F,1999-04-05,Moyen,4,2020,Bamenda,Célibataire,3,Faible,Ambiverti,Passable,C,0,Rarement,Faible
304,ETU0304,fumba0304@outlook.com,Umba,Florent,M,1998-12-27,Faible,3,2021,Douala,En couple,1,Faible,Introverti,Passable,D,0,Rarement,Faible
305,ETU0305,clment.michel0305@gmail.com,Michel,Clément,M,1998-08-04,Élevé,1,2020,Maroua,Célibataire,0,Élevée,Consciencieux,Très Bien,C,0,Intensivement,Moyen
306,ETU0306,yvonnek0306@yahoo.fr,Kamga,Yvonne,F,2001-09-19,Faible,10,2020,Bamenda,Célibataire,0,Faible,Consciencieux,Très Bien,D,0,Rarement,Faible
307,ETU0307,christophe.biyong0307@gmail.com,Biyong,Christophe,M,1999-03-27,Moyen,7,2023,Douala,Célibataire,0,Moyenne,Consciencieux,Assez Bien,D,0,Régulièrement,Moyen
308,ETU0308,hhaidara0308@gmail.com,Haidara,Honorine,F,2004-05-15,Moyen,5,2023,Bertoua,Célibataire,0,Moyenne,Anxieux,Passable,A,0,Intensivement,Moyen
309,ETU0309,zacharie.petit0309@outlook.com,Petit,Zacharie,M,1999-02-05,Moyen,10,2020,Maroua,En couple,1,Faible,Extraverti,Assez Bien,D,0,Intensivement,Faible
310,ETU0310,yrichard0310@gmail.com,Richard,Yvonne,F,2004-08-17,Faible,8,2020,Bamenda,Célibataire,3,Moyenne,Extraverti,Passable,A,1,Parfois,Faible
311,ETU0311,thomasm0311@gmail.com,Mbarga,Thomas,M,1999-02-22,Moyen,8,2023,Douala,En couple,3,Moyenne,Anxieux,Assez Bien,G,0,Régulièrement,Faible
312,ETU0312,esther.vidal0312@hotmail.fr,Vidal,Esther,F,2004-08-15,Faible,3,2022,Bertoua,Célibataire,0,Moyenne,Ambiverti,Bien,D,1,Rarement,Moyen
313,ETU0313,gdiallo0313@outlook.com,Diallo,Gabriel,M,2004-05-16,Moyen,7,2022,Douala,Célibataire,2,Moyenne,Extraverti,Passable,G,0,Jamais,Élevé
314,ETU0314,yvonney0314@yahoo.fr,Yanga,Yvonne,F,2004-06-02,Moyen,4,2021,Ngaoundéré,Célibataire,0,Faible,Extraverti,Bien,A,0,Régulièrement,Moyen
315,ETU0315,batrice.abomo0315@gmail.com,Abomo,Béatrice,F,2005-10-01,Élevé,7,2023,Ngaoundéré,Célibataire,0,Élevée,Extraverti,Bien,C,0,Parfois,Élevé
316,ETU0316,fnkeng0316@orange.cm,Nkeng,Fabrice,M,1999-09-07,Faible,1,2022,Ngaoundéré,Célibataire,0,Élevée,Ambiverti,Très Bien,D,0,Parfois,Moyen
317,ETU0317,wtchio0317@outlook.com,Tchio,William,M,1999-11-27,Moyen,5,2023,Bertoua,Célibataire,1,Moyenne,Anxieux,Assez Bien,D,0,Parfois,Faible
318,ETU0318,clmentn0318@ymail.com,Ndzana,Clément,M,2005-05-21,Moyen,10,2023,Douala,Célibataire,0,Moyenne,Extraverti,Assez Bien,A,0,Régulièrement,Élevé
319,ETU0319,andr.samba0319@yahoo.fr,Samba,André,M,2002-11-06,Faible,10,2021,Maroua,Célibataire,2,Faible,Introverti,Bien,C,0,Jamais,Élevé
320,ETU0320,bruno.rodrigues0320@outlook.com,Rodrigues,Bruno,M,2002-11-18,Faible,1,2023,Bafoussam,Célibataire,0,Élevée,Introverti,Assez Bien,G,0,Jamais,Moyen
321,ETU0321,hugo.bouchard0321@yahoo.fr,Bouchard,Hugo,M,1999-09-22,Élevé,9,2022,Bafoussam,En couple,0,Moyenne,Extraverti,Bien,C,0,Parfois,Élevé
322,ETU0322,lnguema0322@yahoo.fr,Nguema,Louis,M,2002-08-14,Faible,10,2020,Bamenda,En couple,0,Moyenne,Ambiverti,Assez Bien,D,0,Rarement,Faible
323,ETU0323,bessama0323@gmail.com,Essama,Béatrice,F,1998-12-22,Moyen,1,2021,Ngaoundéré,En couple,0,Moyenne,Anxieux,Assez Bien,G,0,Intensivement,Élevé
324,ETU0324,ursulaf0324@yahoo.fr,Foko,Ursula,F,2001-05-07,Élevé,3,2023,Douala,Célibataire,1,Élevée,Consciencieux,Bien,G,0,Rarement,Élevé
325,ETU0325,tienne.rodrigues0325@yahoo.fr,Rodrigues,Étienne,M,1999-06-14,Moyen,9,2022,Douala,Célibataire,0,Élevée,Ambiverti,Passable,D,0,Régulièrement,Faible
326,ETU0326,patrickl0326@yahoo.fr,Lefebvre,Patrick,M,2000-10-22,Moyen,6,2023,Garoua,Célibataire,0,Faible,Extraverti,Assez Bien,C,0,Rarement,Faible
327,ETU0327,bmoreau0327@yahoo.fr,Moreau,Bruno,M,2001-02-15,Faible,3,2020,Bertoua,Célibataire,1,Moyenne,Anxieux,Très Bien,C,0,Rarement,Faible
328,ETU0328,onyobe0328@outlook.com,Nyobe,Olivier,M,2001-04-28,Élevé,5,2022,Maroua,Célibataire,0,Moyenne,Introverti,Assez Bien,F,0,Intensivement,Élevé
329,ETU0329,patricia.mbarga0329@gmail.com,Mbarga,Patricia,F,2005-04-12,Moyen,8,2020,Yaoundé,Célibataire,0,Élevée,Ambiverti,Assez Bien,C,0,Intensivement,Moyen
330,ETU0330,patriciar0330@gmail.com,Richard,Patricia,F,2003-10-22,Élevé,10,2020,Bamenda,Célibataire,0,Élevée,Ambiverti,Assez Bien,C,0,Régulièrement,Élevé
331,ETU0331,isabelle.foko0331@gmail.com,Foko,Isabelle,F,2003-12-17,Moyen,5,2020,Bamenda,Célibataire,1,Moyenne,Anxieux,Passable,C,0,Intensivement,Élevé
332,ETU0332,karine.vidal0332@gmail.com,Vidal,Karine,F,2005-03-18,Élevé,8,2020,Bertoua,Marié(e),0,Moyenne,Extraverti,Passable,D,0,Rarement,Élevé
333,ETU0333,honorineh0333@hotmail.fr,Haidara,Honorine,F,2000-02-12,Faible,5,2021,Douala,Célibataire,0,Moyenne,Extraverti,Très Bien,D,0,Rarement,Élevé
334,ETU0334,fabrice.biyong0334@gmail.com,Biyong,Fabrice,M,1999-06-01,Faible,2,2023,Yaoundé,Marié(e),0,Élevée,Introverti,Passable,G,0,Rarement,Moyen
335,ETU0335,valriem0335@outlook.com,Mvondo,Valérie,F,2000-04-28,Faible,5,2022,Bafoussam,En couple,0,Faible,Anxieux,Assez Bien,C,0,Intensivement,Élevé
336,ETU0336,blandinet0336@ymail.com,Toure,Blandine,F,2000-02-10,Moyen,7,2022,Ngaoundéré,Célibataire,0,Faible,Extraverti,Bien,D,0,Régulièrement,Élevé
337,ETU0337,adlel0337@orange.cm,Lobe,Adèle,F,2004-11-14,Faible,9,2022,Bertoua,Célibataire,0,Faible,Anxieux,Passable,D,0,Régulièrement,Moyen
338,ETU0338,julie.issa0338@yahoo.fr,Issa,Julie,F,2002-04-17,Moyen,10,2020,Yaoundé,Célibataire,0,Moyenne,Consciencieux,Assez Bien,D,0,Régulièrement,Élevé
339,ETU0339,herve0339@gmail.com,Etoundi,Hervé,M,2005-03-26,Faible,7,2020,Bafoussam,Marié(e),1,Faible,Introverti,Assez Bien,D,0,Parfois,Faible
340,ETU0340,herv.garcia0340@gmail.com,Garcia,Hervé,M,2002-11-04,Moyen,1,2020,Bamenda,Célibataire,0,Faible,Anxieux,Bien,G,0,Parfois,Moyen
341,ETU0341,ursula.foko0341@hotmail.fr,Foko,Ursula,F,2000-03-01,Faible,1,2021,Ngaoundéré,Célibataire,1,Moyenne,Introverti,Passable,G,0,Rarement,Moyen
342,ETU0342,hkamga0342@gmail.com,Kamga,Hugo,M,2000-12-23,Moyen,8,2023,Bertoua,Célibataire,1,Moyenne,Anxieux,Assez Bien,G,1,Parfois,Faible
343,ETU0343,carole.simon0343@gmail.com,Simon,Carole,F,2004-08-17,Moyen,10,2023,Bamenda,Célibataire,0,Moyenne,Anxieux,Assez Bien,A,0,Parfois,Moyen
344,ETU0344,madeleinet0344@yahoo.fr,Thomas,Madeleine,F,1998-03-10,Moyen,8,2022,Ngaoundéré,Célibataire,0,Moyenne,Consciencieux,Assez Bien,D,0,Intensivement,Élevé
345,ETU0345,gisle.mbouck0345@gmail.com,Mbouck,Gisèle,F,2000-10-07,Faible,2,2023,Maroua,Célibataire,3,Faible,Extraverti,Bien,F,0,Parfois,Faible
346,ETU0346,josphine.kamga0346@gmail.com,Kamga,Joséphine,F,2000-09-02,Élevé,6,2023,Douala,Marié(e),0,Moyenne,Introverti,Passable,C,0,Parfois,Faible
347,ETU0347,christophe.mbouck0347@hotmail.fr,Mbouck,Christophe,M,2005-02-04,Moyen,10,2020,Douala,Célibataire,1,Moyenne,Ambiverti,Passable,C,0,Rarement,Élevé
348,ETU0348,blaise.zobel0348@outlook.com,Zobel,Blaise,M,2003-03-04,Élevé,8,2023,Bafoussam,En couple,0,Moyenne,Consciencieux,Assez Bien,D,0,Intensivement,Élevé
349,ETU0349,oissa0349@ymail.com,Issa,Océane,F,2004-07-14,Élevé,9,2022,Yaoundé,Divorcé(e),0,Moyenne,Introverti,Bien,F,0,Jamais,Moyen
350,ETU0350,ldiallo0350@outlook.com,Diallo,Laurent,M,2002-07-13,Élevé,9,2022,Bertoua,Célibataire,0,Élevée,Ambiverti,Passable,D,0,Jamais,Élevé
351,ETU0351,emmanuellad0351@outlook.com,Dupont,Emmanuella,F,2001-05-03,Faible,6,2023,Maroua,Célibataire,0,Élevée,Introverti,Assez Bien,C,0,Parfois,Faible
352,ETU0352,tmvondo0352@yahoo.fr,Mvondo,Thomas,M,2004-09-04,Moyen,6,2022,Garoua,Célibataire,0,Faible,Consciencieux,Très Bien,D,0,Régulièrement,Faible
353,ETU0353,ursulat0353@gmail.com,Toure,Ursula,F,2000-12-13,Moyen,4,2020,Garoua,Célibataire,0,Faible,Introverti,Assez Bien,A,0,Régulièrement,Moyen
354,ETU0354,lisez0354@yahoo.fr,Zobel,Élise,F,2004-10-18,Moyen,7,2022,Bafoussam,Célibataire,0,Moyenne,Consciencieux,Très Bien,D,0,Parfois,Élevé
355,ETU0355,tienne.nguema0355@ymail.com,Nguema,Étienne,M,2005-08-02,Moyen,9,2022,Bertoua,Célibataire,3,Moyenne,Extraverti,Passable,D,1,Parfois,Faible
356,ETU0356,jjourdain0356@hotmail.fr,Jourdain,Jean,M,2004-01-10,Élevé,4,2021,Bafoussam,Célibataire,0,Faible,Extraverti,Passable,A,0,Régulièrement,Moyen
357,ETU0357,gabrieln0357@outlook.com,Nkeng,Gabriel,M,2005-08-22,Moyen,6,2020,Bafoussam,Célibataire,0,Moyenne,Introverti,Très Bien,C,1,Parfois,Élevé
358,ETU0358,laurentn0358@gmail.com,Nkeng,Laurent,M,2002-09-21,Faible,9,2020,Yaoundé,Célibataire,0,Moyenne,Ambiverti,Très Bien,D,0,Régulièrement,Moyen
359,ETU0359,npenda0359@yahoo.fr,Penda,Nathalie,F,2005-02-26,Moyen,6,2023,Bafoussam,Célibataire,0,Élevée,Introverti,Assez Bien,D,0,Jamais,Moyen
360,ETU0360,jlobe0360@gmail.com,Lobe,Julie,F,2002-02-05,Moyen,7,2021,Yaoundé,Célibataire,2,Faible,Anxieux,Passable,A,0,Régulièrement,Élevé
361,ETU0361,pdonfack0361@gmail.com,Donfack,Patrick,M,2001-08-17,Moyen,7,2020,Garoua,Célibataire,2,Moyenne,Consciencieux,Assez Bien,D,0,Parfois,Élevé
362,ETU0362,thomas.bouchard0362@outlook.com,Bouchard,Thomas,M,2004-08-03,Élevé,9,2021,Maroua,Célibataire,0,Moyenne,Ambiverti,Bien,D,0,Intensivement,Élevé
363,ETU0363,alain.diallo0363@hotmail.fr,Diallo,Alain,M,2005-05-20,Faible,7,2022,Maroua,Célibataire,0,Moyenne,Introverti,Passable,D,0,Parfois,Faible
364,ETU0364,nmbarga0364@gmail.com,Mbarga,Nathalie,F,2003-11-11,Moyen,8,2022,Bafoussam,Célibataire,0,Moyenne,Anxieux,Assez Bien,A,0,Parfois,Moyen
365,ETU0365,margueritea0365@hotmail.fr,Abomo,Marguerite,F,2005-07-18,Faible,2,2020,Douala,En couple,1,Moyenne,Anxieux,Très Bien,C,0,Rarement,Moyen
366,ETU0366,zahram0366@gmail.com,Manga,Zahra,F,2005-01-08,Moyen,5,2022,Yaoundé,Célibataire,1,Moyenne,Ambiverti,Passable,F,0,Régulièrement,Faible
367,ETU0367,armandd0367@outlook.com,Dupont,Armand,M,1999-05-19,Moyen,3,2021,Maroua,Marié(e),1,Moyenne,Anxieux,Passable,D,0,Régulièrement,Faible
368,ETU0368,dsirb0368@yahoo.fr,Bello,Désiré,M,2002-11-18,Élevé,1,2023,Garoua,Célibataire,0,Moyenne,Consciencieux,Assez Bien,F,0,Intensivement,Élevé
369,ETU0369,rodrigue.bernard0369@hotmail.fr,Bernard,Rodrigue,M,2005-06-01,Moyen,6,2020,Yaoundé,Célibataire,0,Élevée,Ambiverti,Bien,F,0,Parfois,Faible
370,ETU0370,dmbouck0370@gmail.com,Mbouck,Danielle,F,1998-10-26,Moyen,6,2022,Bertoua,En couple,0,Moyenne,Consciencieux,Passable,C,0,Parfois,Élevé
371,ETU0371,fdiallo0371@gmail.com,Diallo,François,M,1998-07-11,Élevé,2,2021,Ngaoundéré,En couple,0,Moyenne,Ambiverti,Assez Bien,A,0,Régulièrement,Moyen
372,ETU0372,nathant0372@gmail.com,Tchio,Nathan,M,1998-08-13,Moyen,7,2020,Bafoussam,Célibataire,1,Élevée,Introverti,Assez Bien,C,0,Parfois,Moyen
373,ETU0373,yvonne.bernard0373@outlook.com,Bernard,Yvonne,F,2005-12-20,Moyen,4,2021,Bamenda,Célibataire,0,Faible,Ambiverti,Assez Bien,D,0,Régulièrement,Moyen
374,ETU0374,zahra.atangana0374@yahoo.fr,Atangana,Zahra,F,2000-01-08,Moyen,9,2020,Bamenda,Célibataire,0,Élevée,Consciencieux,Passable,A,0,Régulièrement,Moyen
375,ETU0375,ccile.wamba0375@gmail.com,Wamba,Cécile,F,2000-02-15,Élevé,1,2023,Ngaoundéré,En couple,1,Élevée,Extraverti,Assez Bien,C,0,Régulièrement,Élevé
376,ETU0376,alain.zobel0376@gmail.com,Zobel,Alain,M,1998-02-12,Faible,2,2021,Garoua,Célibataire,0,Moyenne,Introverti,Assez Bien,F,0,Intensivement,Faible
377,ETU0377,marc.bello0377@outlook.com,Bello,Marc,M,2000-05-04,Faible,3,2023,Ngaoundéré,Célibataire,1,Faible,Ambiverti,Assez Bien,C,0,Rarement,Faible
378,ETU0378,hugoj0378@yahoo.fr,Jourdain,Hugo,M,2000-04-07,Moyen,6,2022,Bafoussam,Célibataire,0,Moyenne,Consciencieux,Assez Bien,C,0,Jamais,Élevé
379,ETU0379,nathaliem0379@yahoo.fr,Mvondo,Nathalie,F,1999-08-26,Moyen,2,2021,Ngaoundéré,Célibataire,2,Élevée,Ambiverti,Assez Bien,C,0,Parfois,Moyen
380,ETU0380,nokafor0380@yahoo.fr,Okafor,Nicolas,M,2001-08-28,Faible,4,2022,Bertoua,Célibataire,0,Moyenne,Ambiverti,Assez Bien,D,1,Intensivement,Faible
381,ETU0381,danielle.petit0381@gmail.com,Petit,Danielle,F,2005-07-14,Moyen,8,2022,Garoua,Célibataire,0,Faible,Consciencieux,Assez Bien,C,0,Parfois,Élevé
382,ETU0382,hugoe0382@gmail.com,Ebene,Hugo,M,2003-01-18,Faible,4,2022,Yaoundé,En couple,1,Élevée,Anxieux,Passable,D,0,Régulièrement,Élevé
383,ETU0383,thrse.ndzana0383@outlook.com,Ndzana,Thérèse,F,2003-07-13,Élevé,1,2023,Bamenda,Célibataire,0,Élevée,Consciencieux,Bien,C,0,Parfois,Élevé
384,ETU0384,ulrichm0384@yahoo.fr,Medjo,Ulrich,M,2001-07-25,Élevé,7,2021,Ngaoundéré,Célibataire,0,Faible,Introverti,Très Bien,C,0,Parfois,Élevé
385,ETU0385,mleroy0385@gmail.com,Leroy,Madeleine,F,2002-06-19,Faible,1,2021,Bertoua,Marié(e),0,Moyenne,Extraverti,Très Bien,D,0,Régulièrement,Moyen
386,ETU0386,vincentb0386@gmail.com,Bouchard,Vincent,M,2005-11-10,Faible,2,2021,Bamenda,Célibataire,0,Moyenne,Ambiverti,Passable,F,0,Jamais,Faible
387,ETU0387,kevin.vidal0387@yahoo.fr,Vidal,Kevin,M,2004-07-06,Élevé,3,2023,Maroua,Célibataire,0,Moyenne,Ambiverti,Passable,G,0,Intensivement,Élevé
388,ETU0388,gnyobe0388@gmail.com,Nyobe,Gabriel,M,2005-05-07,Faible,3,2023,Bertoua,Célibataire,0,Moyenne,Ambiverti,Assez Bien,D,0,Rarement,Moyen
389,ETU0389,madeleineo0389@gmail.com,Onana,Madeleine,F,2002-07-20,Élevé,3,2023,Maroua,Marié(e),0,Élevée,Anxieux,Très Bien,C,0,Régulièrement,Élevé
390,ETU0390,flore.ebene0390@orange.cm,Ebene,Flore,F,2001-08-14,Élevé,9,2020,Bertoua,Célibataire,0,Élevée,Ambiverti,Bien,D,0,Régulièrement,Moyen
391,ETU0391,wanda.tchamba0391@outlook.com,Tchamba,Wanda,F,2004-04-13,Faible,5,2020,Bafoussam,Marié(e),0,Faible,Consciencieux,Assez Bien,A,0,Régulièrement,Faible
392,ETU0392,bruno.garcia0392@gmail.com,Garcia,Bruno,M,1999-03-10,Faible,7,2021,Douala,Célibataire,0,Moyenne,Consciencieux,Assez Bien,C,1,Rarement,Moyen
393,ETU0393,mumba0393@ymail.com,Umba,Madeleine,F,2005-01-20,Faible,7,2021,Douala,Célibataire,0,Élevée,Anxieux,Passable,A,1,Rarement,Élevé
394,ETU0394,grard.kamga0394@yahoo.fr,Kamga,Gérard,M,1998-07-17,Faible,6,2022,Yaoundé,Célibataire,0,Moyenne,Consciencieux,Assez Bien,D,0,Intensivement,Faible
395,ETU0395,nathalie.robert0395@gmail.com,Robert,Nathalie,F,2001-02-22,Élevé,10,2022,Douala,Marié(e),0,Élevée,Extraverti,Assez Bien,F,0,Intensivement,Élevé
396,ETU0396,christellea0396@yahoo.fr,Abomo,Christelle,F,2004-11-25,Moyen,6,2021,Yaoundé,Célibataire,0,Moyenne,Introverti,Assez Bien,C,0,Intensivement,Moyen
397,ETU0397,bmbarga0397@gmail.com,Mbarga,Bruno,M,1999-05-08,Moyen,4,2020,Bafoussam,Divorcé(e),0,Moyenne,Anxieux,Assez Bien,D,0,Parfois,Élevé
398,ETU0398,valriee0398@gmail.com,Essama,Valérie,F,1998-09-26,Élevé,5,2020,Ngaoundéré,Célibataire,1,Moyenne,Ambiverti,Assez Bien,F,0,Parfois,Moyen
399,ETU0399,laura.petit0399@yahoo.fr,Petit,Laura,F,1998-02-28,Moyen,4,2020,Bafoussam,Célibataire,0,Élevée,Ambiverti,Passable,D,0,Rarement,Moyen
400,ETU0400,patrick.thomas0400@orange.cm,Thomas,Patrick,M,2000-10-08,Moyen,10,2023,Bafoussam,Célibataire,0,Moyenne,Consciencieux,Passable,F,0,Régulièrement,Faible
401,ETU0401,batrice.donfack0401@yahoo.fr,Donfack,Béatrice,F,2004-07-28,Faible,5,2021,Garoua,Célibataire,0,Faible,Introverti,Assez Bien,C,0,Parfois,Faible
402,ETU0402,amichel0402@gmail.com,Michel,Alain,M,2003-08-13,Élevé,7,2022,Maroua,Célibataire,0,Élevée,Extraverti,Assez Bien,A,0,Régulièrement,Élevé
403,ETU0403,irnen0403@ymail.com,Nyobe,Irène,F,2005-11-23,Moyen,1,2023,Bafoussam,Célibataire,0,Moyenne,Ambiverti,Très Bien,C,0,Parfois,Faible
404,ETU0404,patricia.garcia0404@outlook.com,Garcia,Patricia,F,2000-01-04,Moyen,7,2023,Maroua,Marié(e),0,Moyenne,Extraverti,Assez Bien,G,0,Rarement,Moyen
405,ETU0405,fatima.gomis0405@gmail.com,Gomis,Fatima,F,2003-03-09,Moyen,7,2022,Bafoussam,En couple,0,Élevée,Extraverti,Passable,D,0,Jamais,Élevé
406,ETU0406,fabrice.lobe0406@gmail.com,Lobe,Fabrice,M,1999-08-19,Élevé,3,2021,Douala,Célibataire,0,Élevée,Introverti,Très Bien,G,0,Parfois,Élevé
407,ETU0407,hortense.samba0407@outlook.com,Samba,Hortense,F,1999-06-01,Moyen,8,2023,Maroua,Célibataire,1,Faible,Extraverti,Très Bien,D,0,Parfois,Faible
408,ETU0408,gdonfack0408@hotmail.fr,Donfack,Gisèle,F,2003-10-14,Moyen,6,2022,Bafoussam,Célibataire,0,Moyenne,Consciencieux,Passable,C,0,Parfois,Faible
409,ETU0409,nathanh0409@yahoo.fr,Haidara,Nathan,M,2002-12-25,Élevé,6,2023,Bamenda,Célibataire,0,Élevée,Anxieux,Bien,A,0,Régulièrement,Élevé
410,ETU0410,ogarcia0410@yahoo.fr,Garcia,Océane,F,2005-07-24,Moyen,2,2022,Yaoundé,Célibataire,0,Élevée,Ambiverti,Très Bien,D,0,Intensivement,Faible
411,ETU0411,ftchio0411@gmail.com,Tchio,Fabrice,M,1999-05-27,Moyen,9,2023,Yaoundé,Célibataire,0,Élevée,Anxieux,Assez Bien,C,0,Parfois,Élevé
412,ETU0412,ulrichm0412@outlook.com,Martin,Ulrich,M,2002-04-24,Faible,8,2020,Ngaoundéré,Marié(e),0,Moyenne,Extraverti,Bien,C,0,Parfois,Moyen
413,ETU0413,ocane.okafor0413@outlook.com,Okafor,Océane,F,2002-02-10,Faible,2,2022,Ngaoundéré,Célibataire,0,Moyenne,Ambiverti,Assez Bien,G,0,Rarement,Moyen
414,ETU0414,valrie.feudjio0414@gmail.com,Feudjio,Valérie,F,2003-11-26,Faible,10,2021,Yaoundé,Célibataire,0,Moyenne,Introverti,Passable,F,0,Parfois,Moyen
415,ETU0415,ursulam0415@yahoo.fr,Michel,Ursula,F,1999-05-28,Moyen,8,2021,Bafoussam,Marié(e),0,Élevée,Consciencieux,Bien,C,0,Rarement,Élevé
416,ETU0416,bumba0416@orange.cm,Umba,Blandine,F,2000-01-18,Moyen,7,2023,Yaoundé,Célibataire,0,Moyenne,Consciencieux,Passable,D,0,Régulièrement,Élevé
417,ETU0417,franoise.essama0417@hotmail.fr,Essama,Françoise,F,2000-10-05,Moyen,8,2022,Ngaoundéré,Célibataire,3,Moyenne,Introverti,Bien,A,0,Régulièrement,Moyen
418,ETU0418,david.gomis0418@yahoo.fr,Gomis,David,M,2003-08-06,Élevé,2,2022,Douala,Marié(e),0,Élevée,Extraverti,Passable,C,0,Régulièrement,Élevé
419,ETU0419,emmanuella.martin0419@gmail.com,Martin,Emmanuella,F,2002-11-21,Moyen,1,2020,Bafoussam,Célibataire,1,Moyenne,Consciencieux,Assez Bien,A,0,Régulièrement,Moyen
420,ETU0420,gislee0420@outlook.com,Essama,Gisèle,F,2004-05-19,Faible,6,2020,Douala,Célibataire,0,Faible,Ambiverti,Passable,D,0,Régulièrement,Élevé
421,ETU0421,clment.haidara0421@hotmail.fr,Haidara,Clément,M,2000-10-23,Faible,9,2023,Bafoussam,Célibataire,0,Faible,Extraverti,Bien,A,0,Parfois,Élevé
422,ETU0422,fatangana0422@outlook.com,Atangana,Flore,F,2001-05-02,Élevé,9,2022,Yaoundé,Célibataire,0,Moyenne,Consciencieux,Assez Bien,F,0,Régulièrement,Élevé
423,ETU0423,cmanga0423@yahoo.fr,Manga,Carlos,M,2000-05-28,Élevé,3,2021,Ngaoundéré,Célibataire,0,Moyenne,Extraverti,Passable,C,0,Régulièrement,Élevé
424,ETU0424,isidoren0424@yahoo.fr,Nguema,Isidore,M,1999-11-24,Faible,4,2022,Douala,Célibataire,0,Élevée,Introverti,Assez Bien,C,0,Parfois,Moyen
425,ETU0425,dsir.moreau0425@outlook.com,Moreau,Désiré,M,2004-02-11,Moyen,6,2022,Maroua,Célibataire,2,Élevée,Introverti,Passable,C,0,Parfois,Moyen
426,ETU0426,grace.lefebvre0426@yahoo.fr,Lefebvre,Grace,F,2003-12-19,Élevé,9,2022,Bertoua,Célibataire,0,Moyenne,Consciencieux,Assez Bien,C,0,Intensivement,Élevé
427,ETU0427,quentina0427@gmail.com,Atangana,Quentin,M,2000-11-05,Faible,10,2022,Maroua,Célibataire,0,Moyenne,Ambiverti,Bien,D,0,Parfois,Moyen
428,ETU0428,danielle.lefebvre0428@outlook.com,Lefebvre,Danielle,F,2001-05-21,Élevé,5,2023,Yaoundé,Célibataire,2,Élevée,Consciencieux,Passable,A,0,Parfois,Moyen
429,ETU0429,josphinem0429@yahoo.fr,Michel,Joséphine,F,2000-08-16,Moyen,9,2020,Yaoundé,Divorcé(e),0,Faible,Anxieux,Passable,D,0,Régulièrement,Moyen
430,ETU0430,kbiyong0430@orange.cm,Biyong,Karine,F,2001-03-03,Moyen,3,2022,Bertoua,En couple,1,Moyenne,Extraverti,Très Bien,C,0,Rarement,Élevé
431,ETU0431,reinen0431@ymail.com,Nguema,Reine,F,1998-12-21,Moyen,4,2022,Douala,Célibataire,0,Moyenne,Extraverti,Très Bien,G,0,Intensivement,Faible
432,ETU0432,williamm0432@gmail.com,Mvondo,William,M,2000-07-12,Faible,7,2023,Ngaoundéré,Célibataire,0,Moyenne,Extraverti,Passable,D,0,Rarement,Moyen
433,ETU0433,isidorem0433@gmail.com,Mbouck,Isidore,M,2002-02-15,Moyen,8,2021,Bafoussam,Célibataire,1,Moyenne,Anxieux,Très Bien,C,0,Parfois,Faible
434,ETU0434,eetoundi0434@gmail.com,Etoundi,Eric,M,2002-02-14,Moyen,8,2021,Garoua,Célibataire,0,Moyenne,Ambiverti,Bien,C,0,Intensivement,Faible
435,ETU0435,donana0435@gmail.com,Onana,Désiré,M,2003-07-20,Moyen,7,2023,Ngaoundéré,Célibataire,0,Faible,Consciencieux,Assez Bien,D,0,Parfois,Moyen
436,ETU0436,ericn0436@orange.cm,Nyobe,Eric,M,1999-12-24,Moyen,3,2021,Yaoundé,Célibataire,0,Moyenne,Introverti,Passable,D,0,Rarement,Faible
437,ETU0437,ccile.lefebvre0437@yahoo.fr,Lefebvre,Cécile,F,2002-12-21,Élevé,4,2022,Yaoundé,Célibataire,0,Élevée,Introverti,Assez Bien,C,0,Régulièrement,Élevé
438,ETU0438,detoundi0438@yahoo.fr,Etoundi,David,M,2003-04-10,Moyen,10,2020,Bamenda,En couple,0,Élevée,Consciencieux,Assez Bien,A,1,Parfois,Moyen
439,ETU0439,patriciae0439@yahoo.fr,Essama,Patricia,F,2002-04-19,Moyen,2,2021,Bamenda,Marié(e),0,Faible,Ambiverti,Très Bien,D,0,Régulièrement,Élevé
440,ETU0440,gisled0440@yahoo.fr,Donfack,Gisèle,F,2001-09-24,Faible,3,2021,Douala,Célibataire,1,Faible,Anxieux,Bien,F,0,Régulièrement,Élevé
441,ETU0441,ccilel0441@gmail.com,Lefebvre,Cécile,F,1998-03-20,Faible,3,2022,Ngaoundéré,Célibataire,0,Faible,Extraverti,Passable,G,0,Intensivement,Moyen
442,ETU0442,blandine.garcia0442@yahoo.fr,Garcia,Blandine,F,2002-04-06,Faible,10,2021,Bafoussam,Célibataire,1,Élevée,Ambiverti,Assez Bien,D,0,Régulièrement,Faible
443,ETU0443,carlos.leroy0443@gmail.com,Leroy,Carlos,M,2001-05-02,Moyen,5,2021,Maroua,Célibataire,0,Moyenne,Introverti,Bien,D,1,Parfois,Moyen
444,ETU0444,ambarga0444@gmail.com,Mbarga,André,M,2002-06-02,Moyen,1,2022,Maroua,Célibataire,1,Faible,Extraverti,Assez Bien,F,0,Intensivement,Élevé
445,ETU0445,christopheo0445@yahoo.fr,Okafor,Christophe,M,2003-05-07,Moyen,7,2021,Bafoussam,En couple,0,Élevée,Ambiverti,Très Bien,A,0,Parfois,Faible
446,ETU0446,batrice.umba0446@gmail.com,Umba,Béatrice,F,2000-03-27,Moyen,10,2021,Ngaoundéré,En couple,0,Moyenne,Introverti,Assez Bien,D,0,Parfois,Faible
447,ETU0447,hugon0447@gmail.com,Ndzana,Hugo,M,1998-11-02,Faible,2,2022,Bertoua,En couple,0,Moyenne,Introverti,Passable,G,0,Régulièrement,Élevé
448,ETU0448,thomas.wamba0448@gmail.com,Wamba,Thomas,M,2005-03-08,Faible,5,2020,Maroua,Célibataire,0,Faible,Introverti,Assez Bien,G,1,Rarement,Élevé
449,ETU0449,dmartin0449@orange.cm,Martin,Désiré,M,1999-08-06,Élevé,4,2020,Bafoussam,Célibataire,0,Moyenne,Ambiverti,Passable,F,0,Régulièrement,Élevé
450,ETU0450,juliee0450@ymail.com,Etoundi,Julie,F,2002-10-27,Faible,2,2022,Bafoussam,Divorcé(e),1,Moyenne,Introverti,Très Bien,G,0,Rarement,Élevé
451,ETU0451,esther.mvondo0451@gmail.com,Mvondo,Esther,F,2005-02-04,Moyen,5,2021,Garoua,En couple,0,Faible,Consciencieux,Assez Bien,D,0,Parfois,Moyen
452,ETU0452,ccilem0452@gmail.com,Moreau,Cécile,F,2005-09-18,Moyen,9,2021,Bamenda,Célibataire,0,Élevée,Anxieux,Bien,G,0,Régulièrement,Faible
453,ETU0453,isabelleh0453@yahoo.fr,Haidara,Isabelle,F,1998-06-12,Élevé,3,2022,Yaoundé,Marié(e),1,Élevée,Extraverti,Passable,G,0,Intensivement,Moyen
454,ETU0454,zdiallo0454@gmail.com,Diallo,Zahra,F,1999-11-19,Faible,10,2021,Maroua,Célibataire,0,Faible,Ambiverti,Passable,G,0,Rarement,Élevé
455,ETU0455,ccile.mvondo0455@gmail.com,Mvondo,Cécile,F,2003-08-26,Moyen,1,2022,Maroua,Célibataire,1,Élevée,Ambiverti,Bien,D,1,Jamais,Élevé
456,ETU0456,viviane.okafor0456@orange.cm,Okafor,Viviane,F,2004-03-09,Élevé,9,2023,Bertoua,Célibataire,0,Élevée,Consciencieux,Passable,C,0,Régulièrement,Élevé
457,ETU0457,emmanuella.essama0457@gmail.com,Essama,Emmanuella,F,2004-07-06,Faible,6,2023,Maroua,Célibataire,0,Faible,Introverti,Bien,C,0,Parfois,Faible
458,ETU0458,jmanga0458@yahoo.fr,Manga,Jacques,M,1998-04-09,Faible,10,2020,Bamenda,Célibataire,0,Faible,Consciencieux,Très Bien,A,0,Rarement,Faible
459,ETU0459,tienne.biyong0459@yahoo.fr,Biyong,Étienne,M,1999-06-14,Élevé,9,2020,Garoua,Célibataire,0,Faible,Ambiverti,Assez Bien,G,0,Intensivement,Moyen
460,ETU0460,dsir.essama0460@yahoo.fr,Essama,Désiré,M,2000-12-06,Élevé,9,2022,Douala,Célibataire,0,Moyenne,Ambiverti,Bien,D,0,Régulièrement,Élevé
461,ETU0461,lnkeng0461@yahoo.fr,Nkeng,Laurent,M,2005-02-26,Faible,5,2020,Bertoua,Célibataire,1,Faible,Extraverti,Passable,C,0,Intensivement,Faible
462,ETU0462,esthere0462@yahoo.fr,Essama,Esther,F,2000-02-19,Moyen,6,2022,Yaoundé,Célibataire,0,Élevée,Extraverti,Assez Bien,G,0,Rarement,Moyen
463,ETU0463,herv.tchio0463@gmail.com,Tchio,Hervé,M,2001-12-27,Moyen,3,2020,Douala,Célibataire,0,Moyenne,Consciencieux,Passable,G,0,Intensivement,Moyen
464,ETU0464,lmvondo0464@gmail.com,Mvondo,Louis,M,1999-07-25,Moyen,7,2022,Bamenda,Célibataire,0,Élevée,Ambiverti,Bien,D,0,Parfois,Faible
465,ETU0465,nathan.feudjio0465@gmail.com,Feudjio,Nathan,M,2004-01-26,Moyen,7,2023,Bertoua,Célibataire,0,Élevée,Extraverti,Bien,C,0,Intensivement,Faible
466,ETU0466,jnguema0466@orange.cm,Nguema,Joëlle,F,2002-03-27,Faible,7,2022,Ngaoundéré,Célibataire,0,Faible,Consciencieux,Assez Bien,D,0,Rarement,Faible
467,ETU0467,jacquest0467@gmail.com,Tchio,Jacques,M,2001-02-24,Moyen,10,2021,Ngaoundéré,En couple,0,Élevée,Anxieux,Assez Bien,C,0,Régulièrement,Faible
468,ETU0468,jollem0468@gmail.com,Mvondo,Joëlle,F,1998-08-27,Élevé,8,2020,Yaoundé,Marié(e),3,Élevée,Ambiverti,Assez Bien,C,0,Régulièrement,Moyen
469,ETU0469,zbello0469@yahoo.fr,Bello,Zahra,F,2002-05-17,Élevé,2,2023,Bafoussam,Marié(e),0,Élevée,Extraverti,Bien,D,0,Régulièrement,Moyen
470,ETU0470,amina.toure0470@hotmail.fr,Toure,Amina,F,2004-11-10,Moyen,2,2020,Yaoundé,Célibataire,0,Faible,Ambiverti,Très Bien,A,0,Jamais,Moyen
471,ETU0471,cnguema0471@orange.cm,Nguema,Cécile,F,2001-08-18,Moyen,4,2023,Maroua,Célibataire,0,Élevée,Introverti,Assez Bien,G,0,Intensivement,Élevé
472,ETU0472,flore.rodrigues0472@gmail.com,Rodrigues,Flore,F,2002-07-22,Faible,7,2020,Ngaoundéré,Célibataire,0,Élevée,Ambiverti,Assez Bien,D,0,Régulièrement,Faible
473,ETU0473,pessama0473@ymail.com,Essama,Pascal,M,2004-01-26,Élevé,7,2021,Ngaoundéré,En couple,0,Élevée,Ambiverti,Très Bien,D,0,Parfois,Moyen
474,ETU0474,margueritek0474@yahoo.fr,Kamga,Marguerite,F,2003-04-03,Faible,7,2020,Bamenda,En couple,3,Faible,Ambiverti,Assez Bien,F,0,Parfois,Faible
475,ETU0475,patricke0475@outlook.com,Essama,Patrick,M,2001-05-07,Moyen,4,2023,Bafoussam,Célibataire,2,Faible,Introverti,Passable,A,0,Rarement,Élevé
476,ETU0476,reine.lobe0476@gmail.com,Lobe,Reine,F,1999-02-16,Élevé,4,2023,Maroua,Célibataire,0,Élevée,Introverti,Assez Bien,C,0,Régulièrement,Élevé
477,ETU0477,louise0477@gmail.com,Etoundi,Louis,M,1998-02-11,Élevé,8,2020,Yaoundé,Célibataire,0,Moyenne,Anxieux,Assez Bien,D,0,Parfois,Élevé
478,ETU0478,isabelle.okafor0478@yahoo.fr,Okafor,Isabelle,F,1999-12-23,Élevé,5,2022,Maroua,Célibataire,0,Moyenne,Introverti,Passable,D,0,Régulièrement,Élevé
479,ETU0479,gdubois0479@hotmail.fr,Dubois,Grace,F,2002-03-26,Faible,8,2023,Bertoua,Célibataire,2,Moyenne,Consciencieux,Assez Bien,A,0,Rarement,Faible
480,ETU0480,carlos.michel0480@gmail.com,Michel,Carlos,M,2002-10-14,Faible,9,2022,Bamenda,Célibataire,1,Faible,Introverti,Bien,C,1,Rarement,Moyen
481,ETU0481,florentw0481@gmail.com,Wamba,Florent,M,2001-08-19,Moyen,4,2020,Ngaoundéré,Célibataire,0,Moyenne,Ambiverti,Assez Bien,D,0,Parfois,Élevé
482,ETU0482,valrie.manga0482@yahoo.fr,Manga,Valérie,F,2001-01-26,Moyen,1,2022,Bertoua,En couple,0,Moyenne,Introverti,Assez Bien,C,1,Régulièrement,Faible
483,ETU0483,isabelle.onana0483@yahoo.fr,Onana,Isabelle,F,2004-01-18,Élevé,1,2022,Yaoundé,Célibataire,1,Élevée,Ambiverti,Assez Bien,C,0,Intensivement,Moyen
484,ETU0484,ursula.abomo0484@ymail.com,Abomo,Ursula,F,2005-08-28,Moyen,2,2022,Bamenda,Célibataire,0,Faible,Introverti,Passable,A,0,Jamais,Élevé
485,ETU0485,tienned0485@gmail.com,Diallo,Étienne,M,2002-01-04,Faible,5,2020,Ngaoundéré,Célibataire,1,Moyenne,Consciencieux,Passable,C,1,Régulièrement,Moyen
486,ETU0486,fhaidara0486@outlook.com,Haidara,Flore,F,2001-10-16,Moyen,5,2022,Douala,Célibataire,1,Moyenne,Introverti,Passable,A,0,Parfois,Élevé
487,ETU0487,fdiallo0487@yahoo.fr,Diallo,Fabrice,M,2001-01-22,Faible,7,2021,Bafoussam,Célibataire,0,Faible,Ambiverti,Assez Bien,G,0,Parfois,Faible
488,ETU0488,xmartin0488@gmail.com,Martin,Xavier,M,2005-10-17,Faible,7,2021,Bafoussam,En couple,0,Faible,Anxieux,Bien,D,1,Rarement,Élevé
489,ETU0489,batrice.richard0489@gmail.com,Richard,Béatrice,F,2005-06-09,Faible,9,2020,Maroua,Célibataire,1,Faible,Extraverti,Assez Bien,A,0,Parfois,Faible
490,ETU0490,zachariel0490@outlook.com,Lobe,Zacharie,M,2002-09-20,Moyen,7,2020,Ngaoundéré,Célibataire,0,Moyenne,Anxieux,Passable,G,0,Rarement,Moyen
491,ETU0491,blandine.gomis0491@gmail.com,Gomis,Blandine,F,2001-12-27,Élevé,5,2023,Garoua,Célibataire,0,Moyenne,Extraverti,Assez Bien,D,0,Régulièrement,Élevé
492,ETU0492,ulrichb0492@orange.cm,Biyong,Ulrich,M,1999-03-06,Moyen,8,2021,Yaoundé,En couple,0,Moyenne,Anxieux,Passable,C,1,Parfois,Élevé
493,ETU0493,patricia.richard0493@yahoo.fr,Richard,Patricia,F,1999-01-27,Faible,5,2021,Maroua,Célibataire,0,Élevée,Consciencieux,Passable,G,0,Régulièrement,Moyen
494,ETU0494,franoisea0494@gmail.com,Atangana,Françoise,F,2003-05-23,Moyen,9,2023,Ngaoundéré,Célibataire,0,Moyenne,Ambiverti,Passable,D,0,Régulièrement,Élevé
495,ETU0495,nathaliet0495@orange.cm,Tchamba,Nathalie,F,1999-04-13,Moyen,5,2023,Bamenda,Célibataire,0,Faible,Ambiverti,Assez Bien,C,0,Intensivement,Élevé
496,ETU0496,btchio0496@orange.cm,Tchio,Bertrand,M,2005-10-26,Moyen,5,2020,Maroua,Célibataire,0,Élevée,Introverti,Bien,D,0,Rarement,Moyen
497,ETU0497,dcamara0497@gmail.com,Camara,Didier,M,2001-05-27,Moyen,1,2023,Douala,Célibataire,2,Moyenne,Ambiverti,Passable,A,0,Régulièrement,Élevé
498,ETU0498,jmvondo0498@gmail.com,Mvondo,Julie,F,2001-07-19,Élevé,5,2021,Ngaoundéré,Marié(e),0,Moyenne,Introverti,Assez Bien,C,0,Régulièrement,Élevé
499,ETU0499,pissa0499@gmail.com,Issa,Pauline,F,2001-05-05,Moyen,4,2022,Bamenda,Célibataire,0,Moyenne,Extraverti,Assez Bien,C,0,Régulièrement,Moyen
500,ETU0500,ythomas0500@orange.cm,Thomas,Yvonne,F,2005-07-14,Moyen,9,2020,Yaoundé,Célibataire,2,Faible,Anxieux,Très Bien,G,0,Rarement,Moyen
501,ETU0501,isabelle.dupont0501@hotmail.fr,Dupont,Isabelle,F,1998-08-26,Moyen,9,2023,Yaoundé,Célibataire,0,Faible,Introverti,Assez Bien,C,0,Régulièrement,Moyen
502,ETU0502,henrij0502@yahoo.fr,Jourdain,Henri,M,2005-03-08,Élevé,3,2022,Garoua,Célibataire,0,Élevée,Introverti,Assez Bien,D,0,Jamais,Faible
503,ETU0503,eric.bello0503@yahoo.fr,Bello,Eric,M,2005-07-02,Élevé,5,2023,Bafoussam,Célibataire,0,Élevée,Ambiverti,Assez Bien,G,0,Intensivement,Élevé
504,ETU0504,hetoundi0504@yahoo.fr,Etoundi,Hervé,M,2001-03-17,Moyen,9,2021,Bafoussam,En couple,0,Moyenne,Consciencieux,Assez Bien,C,0,Rarement,Moyen
505,ETU0505,samuelr0505@yahoo.fr,Robert,Samuel,M,1999-10-13,Faible,5,2020,Garoua,Célibataire,3,Moyenne,Extraverti,Très Bien,F,0,Jamais,Moyen
506,ETU0506,vivianel0506@outlook.com,Lefebvre,Viviane,F,2004-09-03,Faible,3,2022,Ngaoundéré,Célibataire,2,Faible,Ambiverti,Bien,C,0,Régulièrement,Faible
507,ETU0507,retoundi0507@gmail.com,Etoundi,Rosalie,F,2000-10-23,Élevé,9,2022,Bertoua,En couple,0,Élevée,Consciencieux,Assez Bien,G,0,Régulièrement,Faible
508,ETU0508,vdonfack0508@outlook.com,Donfack,Valérie,F,2001-12-26,Faible,3,2023,Bafoussam,Célibataire,0,Élevée,Introverti,Passable,A,0,Jamais,Moyen
509,ETU0509,gabomo0509@gmail.com,Abomo,Grace,F,2005-07-05,Élevé,10,2021,Douala,Célibataire,0,Élevée,Ambiverti,Passable,C,0,Régulièrement,Élevé
510,ETU0510,carlosm0510@gmail.com,Mbouck,Carlos,M,2000-01-12,Moyen,10,2020,Bafoussam,Célibataire,0,Élevée,Ambiverti,Assez Bien,D,0,Intensivement,Moyen
511,ETU0511,cthomas0511@gmail.com,Thomas,Christophe,M,2004-02-19,Faible,9,2022,Bafoussam,Célibataire,1,Faible,Introverti,Assez Bien,C,0,Parfois,Élevé
512,ETU0512,lise.leroy0512@yahoo.fr,Leroy,Élise,F,2001-09-20,Moyen,7,2020,Garoua,Célibataire,2,Moyenne,Introverti,Très Bien,D,1,Intensivement,Moyen
513,ETU0513,flore.diallo0513@gmail.com,Diallo,Flore,F,2001-08-03,Élevé,10,2020,Garoua,Célibataire,0,Élevée,Introverti,Assez Bien,A,0,Régulièrement,Élevé
514,ETU0514,drichard0514@yahoo.fr,Richard,Danielle,F,2002-04-01,Élevé,1,2021,Bertoua,Célibataire,0,Élevée,Introverti,Assez Bien,A,0,Intensivement,Élevé
515,ETU0515,pascalz0515@gmail.com,Zobel,Pascal,M,2003-04-11,Moyen,1,2021,Yaoundé,En couple,1,Faible,Introverti,Bien,G,0,Parfois,Faible
516,ETU0516,david.issa0516@orange.cm,Issa,David,M,2005-03-10,Faible,6,2021,Garoua,Célibataire,1,Moyenne,Extraverti,Passable,A,0,Parfois,Moyen
517,ETU0517,vivianeu0517@gmail.com,Umba,Viviane,F,2003-09-10,Élevé,4,2022,Garoua,Célibataire,0,Élevée,Anxieux,Très Bien,D,0,Rarement,Moyen
518,ETU0518,margueriten0518@orange.cm,Nguema,Marguerite,F,1999-06-24,Élevé,3,2020,Yaoundé,Célibataire,0,Élevée,Anxieux,Très Bien,A,0,Intensivement,Moyen
519,ETU0519,amartin0519@gmail.com,Martin,Adèle,F,2005-01-28,Moyen,8,2020,Maroua,Célibataire,0,Faible,Anxieux,Passable,C,0,Parfois,Moyen
520,ETU0520,brunow0520@yahoo.fr,Wamba,Bruno,M,2004-07-26,Moyen,1,2020,Bertoua,En couple,0,Élevée,Anxieux,Très Bien,D,0,Parfois,Élevé
521,ETU0521,iatangana0521@gmail.com,Atangana,Ibrahim,M,2002-11-09,Faible,4,2022,Maroua,Célibataire,0,Faible,Consciencieux,Passable,C,0,Rarement,Élevé
522,ETU0522,christopher0522@yahoo.fr,Robert,Christophe,M,1998-08-01,Moyen,6,2023,Maroua,Célibataire,0,Moyenne,Consciencieux,Très Bien,C,0,Rarement,Moyen
523,ETU0523,honorinei0523@gmail.com,Issa,Honorine,F,2001-11-06,Faible,10,2020,Maroua,Célibataire,1,Faible,Extraverti,Bien,D,1,Régulièrement,Moyen
524,ETU0524,dsirm0524@gmail.com,Medjo,Désiré,M,2003-09-23,Faible,4,2022,Bafoussam,Célibataire,0,Moyenne,Anxieux,Passable,C,0,Parfois,Élevé
525,ETU0525,ugarcia0525@ymail.com,Garcia,Ulrich,M,2003-06-14,Élevé,6,2023,Bamenda,Célibataire,1,Élevée,Ambiverti,Passable,F,0,Parfois,Faible
526,ETU0526,yann.onana0526@orange.cm,Onana,Yann,M,1998-11-24,Faible,2,2020,Bertoua,Marié(e),1,Moyenne,Ambiverti,Assez Bien,D,0,Intensivement,Faible
527,ETU0527,sophiem0527@yahoo.fr,Manga,Sophie,F,2002-04-11,Faible,6,2021,Bertoua,Célibataire,0,Élevée,Extraverti,Assez Bien,F,0,Régulièrement,Faible
528,ETU0528,ctchio0528@outlook.com,Tchio,Christophe,M,2004-04-19,Élevé,3,2021,Bertoua,Célibataire,0,Élevée,Introverti,Assez Bien,G,0,Régulièrement,Moyen
529,ETU0529,louis.robert0529@outlook.com,Robert,Louis,M,1998-03-04,Moyen,9,2023,Bafoussam,Célibataire,0,Élevée,Extraverti,Passable,C,1,Régulièrement,Moyen
530,ETU0530,madeleine.moreau0530@orange.cm,Moreau,Madeleine,F,2001-12-10,Faible,6,2020,Bafoussam,Célibataire,1,Faible,Consciencieux,Très Bien,F,0,Intensivement,Moyen
531,ETU0531,jeana0531@gmail.com,Atangana,Jean,M,2003-11-21,Moyen,6,2023,Ngaoundéré,Marié(e),0,Moyenne,Consciencieux,Passable,C,0,Intensivement,Moyen
532,ETU0532,valriem0532@yahoo.fr,Martin,Valérie,F,2003-03-05,Faible,4,2023,Maroua,Célibataire,0,Élevée,Anxieux,Assez Bien,C,0,Rarement,Moyen
533,ETU0533,olivier.etoundi0533@gmail.com,Etoundi,Olivier,M,2002-03-04,Faible,9,2021,Bertoua,Célibataire,2,Élevée,Ambiverti,Bien,A,0,Parfois,Faible
534,ETU0534,dtoure0534@hotmail.fr,Toure,Didier,M,1999-12-23,Élevé,2,2023,Bamenda,Célibataire,1,Moyenne,Consciencieux,Très Bien,D,0,Intensivement,Élevé
535,ETU0535,gabriel.wamba0535@hotmail.fr,Wamba,Gabriel,M,2002-08-21,Moyen,2,2022,Yaoundé,Marié(e),0,Moyenne,Ambiverti,Bien,C,0,Intensivement,Élevé
536,ETU0536,ibrahim.dubois0536@yahoo.fr,Dubois,Ibrahim,M,2004-04-22,Faible,8,2021,Garoua,En couple,0,Moyenne,Introverti,Passable,G,0,Rarement,Élevé
537,ETU0537,carlosb0537@yahoo.fr,Bernard,Carlos,M,2002-10-13,Moyen,4,2022,Maroua,Célibataire,0,Élevée,Ambiverti,Bien,G,0,Intensivement,Moyen
538,ETU0538,ohaidara0538@gmail.com,Haidara,Olivier,M,2002-07-15,Moyen,7,2020,Yaoundé,En couple,0,Moyenne,Consciencieux,Assez Bien,A,0,Parfois,Élevé
539,ETU0539,smichel0539@outlook.com,Michel,Sophie,F,2001-07-02,Moyen,6,2022,Ngaoundéré,Célibataire,1,Moyenne,Extraverti,Assez Bien,F,0,Parfois,Élevé
540,ETU0540,laurentk0540@gmail.com,Kamga,Laurent,M,2001-11-04,Élevé,10,2022,Garoua,En couple,0,Faible,Consciencieux,Bien,A,0,Intensivement,Élevé
541,ETU0541,lmanga0541@hotmail.fr,Manga,Laure,F,2000-09-13,Élevé,4,2022,Bertoua,Marié(e),0,Moyenne,Extraverti,Bien,F,0,Parfois,Faible
542,ETU0542,kevin.toure0542@gmail.com,Toure,Kevin,M,2002-01-08,Moyen,4,2020,Ngaoundéré,Célibataire,0,Élevée,Consciencieux,Assez Bien,G,0,Parfois,Élevé
543,ETU0543,atchamba0543@hotmail.fr,Tchamba,Alain,M,2000-02-24,Moyen,7,2021,Ngaoundéré,Marié(e),0,Élevée,Extraverti,Bien,C,0,Parfois,Faible
544,ETU0544,obernard0544@gmail.com,Bernard,Olivier,M,2002-08-10,Élevé,9,2021,Bertoua,Célibataire,1,Élevée,Extraverti,Bien,D,0,Intensivement,Élevé
545,ETU0545,blaise.umba0545@yahoo.fr,Umba,Blaise,M,2003-03-26,Moyen,2,2020,Bertoua,En couple,0,Élevée,Introverti,Passable,A,0,Parfois,Moyen
546,ETU0546,cumba0546@hotmail.fr,Umba,Cécile,F,2003-03-02,Moyen,10,2023,Douala,Célibataire,1,Moyenne,Ambiverti,Bien,D,0,Régulièrement,Élevé
547,ETU0547,babomo0547@gmail.com,Abomo,Bertrand,M,1999-07-05,Moyen,3,2020,Yaoundé,Célibataire,1,Élevée,Extraverti,Très Bien,D,0,Rarement,Moyen
548,ETU0548,hortense.thomas0548@yahoo.fr,Thomas,Hortense,F,2002-12-22,Faible,6,2022,Bafoussam,Célibataire,0,Faible,Anxieux,Passable,D,0,Parfois,Moyen
549,ETU0549,henri.nyobe0549@gmail.com,Nyobe,Henri,M,2005-01-11,Moyen,3,2023,Garoua,Célibataire,0,Moyenne,Extraverti,Bien,D,0,Rarement,Faible
550,ETU0550,catangana0550@gmail.com,Atangana,Christelle,F,2001-05-10,Élevé,7,2022,Bafoussam,Célibataire,0,Élevée,Ambiverti,Assez Bien,C,0,Régulièrement,Moyen
551,ETU0551,wanda.bouchard0551@gmail.com,Bouchard,Wanda,F,2002-12-28,Moyen,8,2021,Bertoua,Célibataire,2,Élevée,Introverti,Bien,A,0,Rarement,Élevé
552,ETU0552,frichard0552@gmail.com,Richard,Flore,F,2003-05-17,Moyen,4,2023,Maroua,Célibataire,0,Élevée,Ambiverti,Bien,C,1,Parfois,Moyen
553,ETU0553,bertrand.moreau0553@outlook.com,Moreau,Bertrand,M,2005-08-23,Moyen,2,2023,Ngaoundéré,Célibataire,3,Faible,Anxieux,Assez Bien,D,0,Parfois,Moyen
554,ETU0554,ltchamba0554@yahoo.fr,Tchamba,Laura,F,1998-04-15,Moyen,4,2020,Maroua,Célibataire,0,Faible,Introverti,Passable,F,0,Parfois,Faible
555,ETU0555,christelled0555@gmail.com,Diallo,Christelle,F,1998-12-16,Élevé,8,2023,Bafoussam,Célibataire,1,Élevée,Anxieux,Bien,A,1,Intensivement,Élevé
556,ETU0556,andro0556@gmail.com,Onana,André,M,1999-01-15,Moyen,1,2022,Bamenda,Marié(e),2,Moyenne,Introverti,Bien,D,0,Intensivement,Élevé
557,ETU0557,clment.dupont0557@outlook.com,Dupont,Clément,M,2004-11-22,Faible,4,2021,Bamenda,En couple,2,Faible,Extraverti,Assez Bien,D,0,Jamais,Moyen
558,ETU0558,vincent.robert0558@outlook.com,Robert,Vincent,M,1999-10-15,Faible,2,2021,Maroua,Célibataire,1,Faible,Anxieux,Passable,C,1,Parfois,Moyen
559,ETU0559,hervd0559@gmail.com,Donfack,Hervé,M,2000-05-02,Moyen,5,2021,Bamenda,Célibataire,0,Moyenne,Ambiverti,Passable,G,0,Parfois,Moyen
560,ETU0560,emmanuellal0560@gmail.com,Lefebvre,Emmanuella,F,2005-11-22,Élevé,1,2023,Maroua,Célibataire,0,Moyenne,Consciencieux,Assez Bien,G,0,Intensivement,Moyen
561,ETU0561,gabrielf0561@yahoo.fr,Feudjio,Gabriel,M,2001-05-07,Moyen,1,2020,Yaoundé,Célibataire,1,Faible,Ambiverti,Assez Bien,C,0,Rarement,Moyen
562,ETU0562,arichard0562@gmail.com,Richard,André,M,2003-06-21,Élevé,3,2022,Bamenda,En couple,0,Élevée,Introverti,Assez Bien,D,0,Intensivement,Élevé
563,ETU0563,gbiyong0563@yahoo.fr,Biyong,Gisèle,F,2004-05-02,Élevé,4,2020,Bafoussam,Marié(e),2,Élevée,Introverti,Passable,D,0,Régulièrement,Élevé
564,ETU0564,clment.wamba0564@yahoo.fr,Wamba,Clément,M,1998-02-10,Moyen,3,2022,Bafoussam,En couple,0,Moyenne,Consciencieux,Passable,C,0,Régulièrement,Faible
565,ETU0565,alicer0565@ymail.com,Richard,Alice,F,2000-06-04,Moyen,7,2021,Maroua,Marié(e),0,Moyenne,Extraverti,Passable,F,0,Parfois,Moyen
566,ETU0566,rosalied0566@gmail.com,Dupont,Rosalie,F,1999-06-16,Moyen,10,2020,Bertoua,Célibataire,0,Faible,Introverti,Assez Bien,D,1,Parfois,Moyen
567,ETU0567,cnguema0567@gmail.com,Nguema,Carlos,M,2002-07-03,Moyen,3,2023,Douala,Célibataire,1,Moyenne,Ambiverti,Passable,F,0,Régulièrement,Faible
568,ETU0568,josphinem0568@gmail.com,Mvondo,Joséphine,F,1999-11-28,Moyen,1,2021,Douala,Célibataire,0,Moyenne,Consciencieux,Passable,D,0,Régulièrement,Moyen
569,ETU0569,izobel0569@outlook.com,Zobel,Irène,F,2005-12-11,Élevé,6,2020,Bertoua,Célibataire,0,Élevée,Consciencieux,Bien,C,0,Régulièrement,Élevé
570,ETU0570,dianer0570@gmail.com,Robert,Diane,F,2002-01-04,Élevé,8,2022,Bamenda,Célibataire,0,Élevée,Introverti,Assez Bien,C,0,Parfois,Élevé
571,ETU0571,christellec0571@gmail.com,Camara,Christelle,F,1999-06-24,Faible,7,2021,Bertoua,Célibataire,0,Faible,Consciencieux,Assez Bien,D,0,Régulièrement,Élevé
572,ETU0572,emmanuelv0572@yahoo.fr,Vidal,Emmanuel,M,2003-01-05,Moyen,2,2023,Ngaoundéré,Célibataire,0,Faible,Anxieux,Bien,D,1,Intensivement,Élevé
573,ETU0573,mbouchard0573@gmail.com,Bouchard,Marc,M,2002-05-20,Moyen,4,2020,Maroua,Célibataire,0,Moyenne,Introverti,Passable,D,0,Intensivement,Moyen
574,ETU0574,aliceb0574@gmail.com,Bernard,Alice,F,2001-01-26,Moyen,3,2022,Bertoua,Célibataire,1,Élevée,Ambiverti,Passable,C,0,Régulièrement,Moyen
575,ETU0575,cgarcia0575@gmail.com,Garcia,Christelle,F,2003-09-13,Moyen,9,2020,Douala,Célibataire,0,Moyenne,Introverti,Assez Bien,D,0,Parfois,Élevé
576,ETU0576,myanga0576@gmail.com,Yanga,Marguerite,F,1999-04-24,Élevé,6,2022,Maroua,Célibataire,1,Élevée,Consciencieux,Passable,D,0,Régulièrement,Élevé
577,ETU0577,patricia.martin0577@gmail.com,Martin,Patricia,F,2000-07-20,Élevé,2,2020,Ngaoundéré,Célibataire,0,Élevée,Consciencieux,Passable,C,0,Régulièrement,Élevé
578,ETU0578,vfeudjio0578@gmail.com,Feudjio,Valérie,F,2003-11-04,Moyen,6,2023,Bertoua,Célibataire,0,Moyenne,Extraverti,Bien,D,0,Parfois,Faible
579,ETU0579,dsir.gomis0579@gmail.com,Gomis,Désiré,M,2004-10-21,Moyen,7,2023,Bertoua,Marié(e),0,Moyenne,Introverti,Assez Bien,F,0,Rarement,Élevé
580,ETU0580,xavier.bello0580@gmail.com,Bello,Xavier,M,2004-09-17,Élevé,3,2023,Bertoua,Célibataire,0,Moyenne,Introverti,Très Bien,C,0,Intensivement,Élevé
581,ETU0581,louis.robert0581@yahoo.fr,Robert,Louis,M,1999-10-27,Moyen,3,2021,Douala,Célibataire,0,Faible,Extraverti,Bien,G,0,Jamais,Élevé
582,ETU0582,christopher0582@gmail.com,Richard,Christophe,M,1998-05-26,Moyen,1,2022,Bamenda,Célibataire,1,Moyenne,Consciencieux,Bien,A,0,Parfois,Élevé
583,ETU0583,florew0583@gmail.com,Wamba,Flore,F,2000-04-26,Moyen,5,2020,Maroua,Célibataire,1,Faible,Consciencieux,Assez Bien,C,0,Intensivement,Moyen
584,ETU0584,ijourdain0584@outlook.com,Jourdain,Ibrahim,M,2002-01-08,Élevé,10,2022,Maroua,En couple,0,Élevée,Introverti,Assez Bien,D,0,Parfois,Moyen
585,ETU0585,rnkeng0585@yahoo.fr,Nkeng,Reine,F,2001-01-28,Faible,5,2021,Bamenda,Divorcé(e),0,Moyenne,Ambiverti,Très Bien,D,0,Parfois,Élevé
586,ETU0586,amina.simon0586@outlook.com,Simon,Amina,F,2000-09-16,Faible,7,2020,Yaoundé,Célibataire,0,Faible,Ambiverti,Passable,C,0,Rarement,Élevé
587,ETU0587,hmanga0587@yahoo.fr,Manga,Hervé,M,2003-11-02,Moyen,2,2022,Bafoussam,Célibataire,0,Moyenne,Extraverti,Bien,G,0,Régulièrement,Faible
588,ETU0588,olivier.abomo0588@gmail.com,Abomo,Olivier,M,2005-03-02,Élevé,5,2022,Douala,Célibataire,1,Élevée,Ambiverti,Très Bien,A,0,Intensivement,Moyen
589,ETU0589,ulricht0589@gmail.com,Tchio,Ulrich,M,1999-04-16,Faible,2,2023,Bertoua,Célibataire,0,Moyenne,Ambiverti,Passable,A,0,Parfois,Élevé
590,ETU0590,quentind0590@yahoo.fr,Donfack,Quentin,M,2004-10-09,Moyen,3,2022,Bafoussam,Célibataire,0,Moyenne,Introverti,Passable,D,0,Régulièrement,Élevé
591,ETU0591,avidal0591@gmail.com,Vidal,Alice,F,2005-08-06,Faible,7,2022,Bertoua,Célibataire,0,Faible,Consciencieux,Bien,C,1,Régulièrement,Faible
592,ETU0592,dsir.umba0592@outlook.com,Umba,Désiré,M,2001-10-22,Faible,3,2021,Maroua,En couple,1,Élevée,Extraverti,Passable,F,0,Parfois,Moyen
593,ETU0593,ursulaz0593@gmail.com,Zobel,Ursula,F,2000-05-11,Moyen,6,2023,Yaoundé,En couple,3,Moyenne,Consciencieux,Bien,D,0,Parfois,Moyen
594,ETU0594,netoundi0594@outlook.com,Etoundi,Nicolas,M,2002-05-27,Moyen,6,2023,Bertoua,Célibataire,0,Moyenne,Consciencieux,Bien,D,0,Régulièrement,Moyen
595,ETU0595,clment.martin0595@gmail.com,Martin,Clément,M,2005-04-09,Élevé,10,2023,Ngaoundéré,En couple,0,Élevée,Consciencieux,Assez Bien,F,0,Régulièrement,Moyen
596,ETU0596,jeand0596@gmail.com,Dubois,Jean,M,2002-10-07,Moyen,8,2021,Bamenda,Célibataire,1,Élevée,Consciencieux,Assez Bien,C,1,Parfois,Élevé
597,ETU0597,esthert0597@gmail.com,Tchamba,Esther,F,2001-03-11,Moyen,8,2022,Yaoundé,Célibataire,1,Élevée,Consciencieux,Assez Bien,F,0,Parfois,Moyen
598,ETU0598,bbouchard0598@gmail.com,Bouchard,Béatrice,F,2004-01-17,Élevé,6,2023,Bertoua,En couple,1,Élevée,Introverti,Assez Bien,F,0,Intensivement,Élevé
599,ETU0599,emmanuelf0599@gmail.com,Feudjio,Emmanuel,M,2004-05-15,Moyen,3,2022,Ngaoundéré,Célibataire,0,Moyenne,Ambiverti,Bien,D,0,Parfois,Élevé
600,ETU0600,alaino0600@yahoo.fr,Okafor,Alain,M,2003-07-05,Faible,4,2022,Bafoussam,Célibataire,1,Moyenne,Introverti,Assez Bien,C,0,Régulièrement,Élevé
601,ETU0601,bruno.leroy0601@hotmail.fr,Leroy,Bruno,M,1998-03-18,Moyen,2,2022,Bertoua,En couple,0,Moyenne,Anxieux,Passable,F,0,Parfois,Élevé
602,ETU0602,ybello0602@yahoo.fr,Bello,Yann,M,2005-12-28,Moyen,7,2020,Garoua,Célibataire,0,Faible,Introverti,Assez Bien,A,0,Régulièrement,Moyen
603,ETU0603,ftchamba0603@outlook.com,Tchamba,Fabrice,M,2003-12-11,Moyen,4,2020,Maroua,Marié(e),0,Moyenne,Extraverti,Très Bien,A,0,Régulièrement,Moyen
604,ETU0604,bmedjo0604@gmail.com,Medjo,Bertrand,M,2002-04-23,Faible,7,2023,Yaoundé,Célibataire,0,Moyenne,Ambiverti,Passable,G,0,Régulièrement,Faible
605,ETU0605,nmbouck0605@hotmail.fr,Mbouck,Nathan,M,2001-12-22,Faible,10,2023,Bertoua,Marié(e),0,Faible,Introverti,Très Bien,D,0,Intensivement,Faible
606,ETU0606,tdupont0606@gmail.com,Dupont,Thomas,M,2003-05-20,Moyen,1,2022,Garoua,Célibataire,0,Faible,Introverti,Très Bien,A,0,Intensivement,Moyen
607,ETU0607,andre0607@gmail.com,Ebene,André,M,1999-08-15,Élevé,9,2023,Douala,Célibataire,2,Élevée,Consciencieux,Assez Bien,G,0,Jamais,Moyen
608,ETU0608,honorinet0608@outlook.com,Tchamba,Honorine,F,2001-03-08,Moyen,3,2021,Maroua,Célibataire,0,Faible,Anxieux,Très Bien,A,0,Parfois,Faible
609,ETU0609,ulrich.thomas0609@yahoo.fr,Thomas,Ulrich,M,2003-11-05,Moyen,1,2023,Garoua,Célibataire,0,Élevée,Anxieux,Assez Bien,G,0,Jamais,Moyen
610,ETU0610,esthern0610@outlook.com,Nguema,Esther,F,2005-10-09,Moyen,2,2022,Bamenda,Célibataire,0,Élevée,Consciencieux,Très Bien,C,0,Parfois,Moyen
611,ETU0611,ltchio0611@gmail.com,Tchio,Élise,F,2003-07-21,Faible,9,2021,Bafoussam,Célibataire,2,Élevée,Anxieux,Bien,A,0,Rarement,Moyen
612,ETU0612,irne.manga0612@yahoo.fr,Manga,Irène,F,2000-11-08,Moyen,4,2022,Bafoussam,Divorcé(e),0,Moyenne,Introverti,Passable,D,0,Régulièrement,Élevé
613,ETU0613,florentj0613@gmail.com,Jourdain,Florent,M,2004-04-09,Faible,7,2022,Douala,Célibataire,0,Élevée,Extraverti,Assez Bien,A,0,Régulièrement,Faible
614,ETU0614,andri0614@outlook.com,Issa,André,M,2000-08-27,Faible,4,2023,Bafoussam,Célibataire,0,Moyenne,Consciencieux,Passable,C,0,Parfois,Élevé
615,ETU0615,christophej0615@yahoo.fr,Jourdain,Christophe,M,2002-06-01,Moyen,9,2022,Bamenda,Célibataire,2,Moyenne,Consciencieux,Assez Bien,G,0,Parfois,Moyen
616,ETU0616,carolem0616@hotmail.fr,Martin,Carole,F,2002-02-21,Moyen,10,2021,Bertoua,Marié(e),1,Élevée,Introverti,Passable,D,0,Parfois,Élevé
617,ETU0617,cdiallo0617@yahoo.fr,Diallo,Cécile,F,1999-05-27,Moyen,5,2022,Maroua,Célibataire,0,Moyenne,Ambiverti,Très Bien,A,0,Régulièrement,Élevé
618,ETU0618,florents0618@yahoo.fr,Simon,Florent,M,2004-10-17,Élevé,7,2020,Ngaoundéré,Célibataire,1,Élevée,Ambiverti,Passable,A,0,Régulièrement,Moyen
619,ETU0619,williame0619@hotmail.fr,Essama,William,M,2005-08-19,Élevé,1,2023,Yaoundé,Célibataire,0,Élevée,Extraverti,Très Bien,C,0,Régulièrement,Élevé
620,ETU0620,reiney0620@yahoo.fr,Yanga,Reine,F,2003-06-08,Faible,1,2022,Bertoua,Célibataire,0,Faible,Consciencieux,Passable,G,0,Régulièrement,Faible
621,ETU0621,vyanga0621@gmail.com,Yanga,Vincent,M,2001-06-27,Moyen,2,2023,Bafoussam,Célibataire,0,Moyenne,Introverti,Passable,G,0,Régulièrement,Moyen
622,ETU0622,batriceh0622@outlook.com,Haidara,Béatrice,F,2001-10-10,Élevé,9,2022,Bamenda,Célibataire,1,Moyenne,Introverti,Passable,A,0,Régulièrement,Élevé
623,ETU0623,blandine.issa0623@gmail.com,Issa,Blandine,F,2004-02-28,Élevé,5,2020,Garoua,En couple,3,Élevée,Introverti,Assez Bien,D,0,Rarement,Élevé
624,ETU0624,embouck0624@hotmail.fr,Mbouck,Emmanuella,F,2001-03-01,Faible,1,2023,Maroua,Célibataire,2,Moyenne,Extraverti,Passable,C,0,Intensivement,Moyen
625,ETU0625,reine.thomas0625@orange.cm,Thomas,Reine,F,2003-06-08,Moyen,6,2020,Bamenda,Marié(e),3,Moyenne,Consciencieux,Bien,G,0,Régulièrement,Faible
626,ETU0626,nathano0626@yahoo.fr,Okafor,Nathan,M,2003-12-23,Moyen,9,2021,Bamenda,Célibataire,0,Élevée,Consciencieux,Assez Bien,D,1,Parfois,Élevé
627,ETU0627,vivianej0627@ymail.com,Jourdain,Viviane,F,1999-11-12,Faible,5,2022,Maroua,Célibataire,0,Faible,Consciencieux,Assez Bien,G,1,Parfois,Moyen
628,ETU0628,ocaneb0628@hotmail.fr,Bouchard,Océane,F,2004-03-25,Moyen,10,2022,Bafoussam,Célibataire,0,Faible,Introverti,Assez Bien,G,1,Régulièrement,Faible
629,ETU0629,brunoe0629@yahoo.fr,Essama,Bruno,M,2005-12-04,Moyen,2,2023,Bertoua,Célibataire,1,Moyenne,Anxieux,Bien,A,0,Parfois,Faible
630,ETU0630,louis.rodrigues0630@yahoo.fr,Rodrigues,Louis,M,2004-04-08,Moyen,2,2022,Yaoundé,Célibataire,2,Moyenne,Ambiverti,Assez Bien,F,1,Jamais,Moyen
631,ETU0631,aminau0631@gmail.com,Umba,Amina,F,1998-10-19,Moyen,2,2021,Bafoussam,Célibataire,0,Moyenne,Extraverti,Très Bien,A,0,Régulièrement,Faible
632,ETU0632,christopheb0632@gmail.com,Bello,Christophe,M,1998-09-26,Élevé,5,2022,Ngaoundéré,Marié(e),2,Moyenne,Anxieux,Très Bien,D,0,Régulièrement,Élevé
633,ETU0633,hetoundi0633@gmail.com,Etoundi,Hortense,F,1999-06-08,Moyen,4,2023,Douala,En couple,0,Faible,Consciencieux,Très Bien,D,0,Rarement,Élevé
634,ETU0634,jolle.bouchard0634@yahoo.fr,Bouchard,Joëlle,F,2004-09-21,Faible,6,2021,Bertoua,Célibataire,0,Faible,Extraverti,Assez Bien,C,0,Parfois,Moyen
635,ETU0635,josphinea0635@hotmail.fr,Abomo,Joséphine,F,1998-09-27,Faible,2,2022,Yaoundé,Célibataire,0,Élevée,Anxieux,Assez Bien,D,0,Parfois,Faible
636,ETU0636,irne.lefebvre0636@gmail.com,Lefebvre,Irène,F,2000-09-12,Moyen,1,2021,Douala,Célibataire,2,Élevée,Introverti,Passable,C,0,Régulièrement,Moyen
637,ETU0637,alice.penda0637@gmail.com,Penda,Alice,F,2003-03-13,Élevé,6,2023,Maroua,Marié(e),0,Élevée,Anxieux,Passable,F,0,Régulièrement,Élevé
638,ETU0638,madeleine.atangana0638@gmail.com,Atangana,Madeleine,F,2004-07-13,Faible,4,2023,Bertoua,Célibataire,0,Moyenne,Anxieux,Bien,D,0,Parfois,Faible
639,ETU0639,lleroy0639@yahoo.fr,Leroy,Louis,M,2003-03-24,Faible,7,2022,Yaoundé,Célibataire,1,Élevée,Introverti,Bien,C,0,Rarement,Faible
640,ETU0640,gisle.gomis0640@outlook.com,Gomis,Gisèle,F,1999-04-02,Élevé,3,2020,Garoua,Marié(e),1,Moyenne,Introverti,Assez Bien,A,0,Régulièrement,Faible
641,ETU0641,carole.bouchard0641@gmail.com,Bouchard,Carole,F,1998-03-11,Élevé,5,2021,Yaoundé,Célibataire,0,Élevée,Consciencieux,Assez Bien,F,0,Rarement,Moyen
642,ETU0642,lonana0642@yahoo.fr,Onana,Élise,F,2001-10-17,Faible,3,2021,Douala,Marié(e),0,Faible,Introverti,Assez Bien,D,0,Régulièrement,Faible
643,ETU0643,alainm0643@hotmail.fr,Martin,Alain,M,1998-10-02,Élevé,10,2020,Garoua,Célibataire,0,Faible,Extraverti,Passable,G,0,Régulièrement,Élevé
644,ETU0644,arodrigues0644@yahoo.fr,Rodrigues,Adèle,F,2003-11-15,Moyen,3,2023,Maroua,Célibataire,1,Moyenne,Extraverti,Bien,F,0,Parfois,Moyen
645,ETU0645,crobert0645@hotmail.fr,Robert,Carlos,M,2004-12-18,Élevé,7,2021,Bafoussam,Célibataire,0,Moyenne,Consciencieux,Très Bien,D,0,Régulièrement,Élevé
646,ETU0646,patrickn0646@ymail.com,Nguema,Patrick,M,2001-10-07,Élevé,10,2022,Ngaoundéré,Célibataire,0,Élevée,Anxieux,Assez Bien,C,0,Intensivement,Élevé
647,ETU0647,mnguema0647@gmail.com,Nguema,Marc,M,2003-09-06,Moyen,9,2023,Garoua,En couple,0,Faible,Ambiverti,Assez Bien,C,0,Parfois,Élevé
648,ETU0648,andrv0648@yahoo.fr,Vidal,André,M,2005-04-28,Moyen,8,2022,Douala,Marié(e),1,Moyenne,Extraverti,Passable,A,1,Régulièrement,Faible
649,ETU0649,ymanga0649@yahoo.fr,Manga,Yvonne,F,2000-04-10,Élevé,6,2022,Ngaoundéré,Célibataire,0,Élevée,Ambiverti,Passable,A,0,Intensivement,Élevé
650,ETU0650,jacques.moreau0650@outlook.com,Moreau,Jacques,M,2005-12-09,Moyen,4,2020,Bamenda,En couple,0,Élevée,Anxieux,Passable,G,0,Rarement,Moyen
651,ETU0651,pauline.bouchard0651@hotmail.fr,Bouchard,Pauline,F,2000-08-01,Élevé,10,2022,Bamenda,Divorcé(e),1,Élevée,Consciencieux,Passable,C,0,Parfois,Moyen
652,ETU0652,vivianet0652@yahoo.fr,Tchio,Viviane,F,1999-06-20,Élevé,8,2020,Yaoundé,Marié(e),0,Élevée,Anxieux,Bien,C,0,Parfois,Élevé
653,ETU0653,tumba0653@outlook.com,Umba,Étienne,M,2002-08-14,Moyen,5,2023,Yaoundé,Célibataire,2,Moyenne,Extraverti,Très Bien,D,0,Rarement,Faible
654,ETU0654,madeleine.martin0654@outlook.com,Martin,Madeleine,F,2003-06-26,Moyen,7,2023,Bamenda,Marié(e),0,Élevée,Consciencieux,Assez Bien,D,0,Régulièrement,Élevé
655,ETU0655,bruno.mbouck0655@gmail.com,Mbouck,Bruno,M,2000-02-08,Faible,6,2020,Bertoua,Célibataire,0,Élevée,Ambiverti,Passable,A,0,Régulièrement,Élevé
656,ETU0656,flore.gomis0656@gmail.com,Gomis,Flore,F,1999-01-23,Faible,2,2021,Bertoua,Célibataire,0,Faible,Introverti,Passable,A,1,Régulièrement,Faible
657,ETU0657,etoure0657@orange.cm,Toure,Eric,M,1998-08-06,Moyen,2,2021,Bafoussam,Célibataire,0,Faible,Anxieux,Très Bien,D,0,Régulièrement,Faible
658,ETU0658,conana0658@yahoo.fr,Onana,Christelle,F,2002-10-14,Moyen,5,2021,Yaoundé,Célibataire,0,Élevée,Extraverti,Bien,F,0,Régulièrement,Élevé
659,ETU0659,fatimab0659@outlook.com,Biyong,Fatima,F,2005-01-24,Moyen,6,2022,Bamenda,Célibataire,0,Moyenne,Consciencieux,Passable,G,0,Rarement,Élevé
660,ETU0660,odubois0660@gmail.com,Dubois,Olivier,M,2000-01-23,Moyen,8,2023,Bafoussam,Célibataire,0,Moyenne,Extraverti,Assez Bien,A,0,Intensivement,Moyen
661,ETU0661,zatangana0661@gmail.com,Atangana,Zahra,F,2004-11-06,Faible,3,2021,Bertoua,En couple,0,Moyenne,Introverti,Passable,D,0,Rarement,Élevé
662,ETU0662,daniellem0662@orange.cm,Medjo,Danielle,F,2000-08-22,Faible,2,2020,Maroua,Célibataire,0,Moyenne,Introverti,Passable,F,0,Rarement,Moyen
663,ETU0663,ahaidara0663@gmail.com,Haidara,Adèle,F,2000-09-10,Moyen,6,2021,Bertoua,Marié(e),0,Faible,Anxieux,Assez Bien,C,0,Parfois,Moyen
664,ETU0664,margueritew0664@outlook.com,Wamba,Marguerite,F,2003-12-07,Élevé,6,2021,Douala,Célibataire,1,Moyenne,Ambiverti,Assez Bien,D,1,Intensivement,Élevé
665,ETU0665,fgarcia0665@outlook.com,Garcia,Françoise,F,2002-02-15,Moyen,4,2022,Bamenda,Célibataire,0,Élevée,Extraverti,Passable,D,0,Rarement,Élevé
666,ETU0666,valrie.garcia0666@gmail.com,Garcia,Valérie,F,2001-11-07,Élevé,10,2020,Bafoussam,En couple,0,Élevée,Extraverti,Bien,C,0,Parfois,Élevé
667,ETU0667,batriceb0667@yahoo.fr,Bello,Béatrice,F,2004-02-12,Moyen,3,2023,Bamenda,Célibataire,0,Faible,Ambiverti,Assez Bien,F,0,Parfois,Faible
668,ETU0668,hugod0668@yahoo.fr,Diallo,Hugo,M,2003-09-16,Moyen,6,2023,Yaoundé,Célibataire,1,Moyenne,Introverti,Passable,D,0,Parfois,Moyen
669,ETU0669,febene0669@gmail.com,Ebene,Fabrice,M,1999-03-05,Faible,3,2021,Bafoussam,Célibataire,0,Élevée,Extraverti,Assez Bien,G,0,Rarement,Moyen
670,ETU0670,nicolasp0670@gmail.com,Petit,Nicolas,M,2000-02-25,Élevé,5,2021,Bafoussam,En couple,2,Élevée,Anxieux,Assez Bien,D,0,Rarement,Faible
671,ETU0671,valriem0671@outlook.com,Martin,Valérie,F,2004-01-17,Moyen,8,2020,Bafoussam,Célibataire,0,Moyenne,Anxieux,Passable,A,0,Rarement,Moyen
672,ETU0672,nathalie.jourdain0672@yahoo.fr,Jourdain,Nathalie,F,1998-11-24,Moyen,5,2022,Ngaoundéré,Célibataire,0,Élevée,Extraverti,Passable,C,0,Régulièrement,Moyen
673,ETU0673,louish0673@outlook.com,Haidara,Louis,M,1998-07-26,Faible,4,2021,Maroua,Célibataire,0,Moyenne,Ambiverti,Bien,G,0,Régulièrement,Moyen
674,ETU0674,gabrielb0674@yahoo.fr,Bello,Gabriel,M,2002-01-07,Élevé,6,2021,Garoua,Célibataire,0,Moyenne,Anxieux,Très Bien,D,0,Régulièrement,Élevé
675,ETU0675,pgomis0675@ymail.com,Gomis,Pascal,M,1998-01-20,Faible,1,2022,Maroua,Divorcé(e),1,Moyenne,Extraverti,Très Bien,A,0,Régulièrement,Moyen
676,ETU0676,emmanuella.bello0676@ymail.com,Bello,Emmanuella,F,2002-01-04,Moyen,5,2023,Bertoua,Célibataire,0,Faible,Consciencieux,Très Bien,G,0,Régulièrement,Élevé
677,ETU0677,sbello0677@gmail.com,Bello,Sophie,F,2005-02-24,Moyen,4,2020,Maroua,Célibataire,0,Faible,Consciencieux,Bien,D,0,Parfois,Moyen
678,ETU0678,gisle.manga0678@outlook.com,Manga,Gisèle,F,2002-01-22,Faible,4,2021,Maroua,En couple,1,Élevée,Consciencieux,Assez Bien,G,0,Jamais,Moyen
679,ETU0679,fgarcia0679@outlook.com,Garcia,Fatima,F,2003-08-27,Moyen,3,2022,Bafoussam,Célibataire,3,Élevée,Consciencieux,Assez Bien,D,0,Régulièrement,Moyen
680,ETU0680,jleroy0680@gmail.com,Leroy,Joséphine,F,2004-06-14,Faible,5,2021,Bamenda,Marié(e),3,Moyenne,Introverti,Assez Bien,D,0,Parfois,Faible
681,ETU0681,laurenti0681@orange.cm,Issa,Laurent,M,2001-12-13,Faible,7,2020,Douala,Célibataire,1,Faible,Extraverti,Passable,F,0,Rarement,Faible
682,ETU0682,zahram0682@outlook.com,Moreau,Zahra,F,2004-09-22,Élevé,4,2022,Douala,Célibataire,0,Élevée,Consciencieux,Assez Bien,D,0,Parfois,Élevé
683,ETU0683,julie.ebene0683@orange.cm,Ebene,Julie,F,2002-04-25,Moyen,4,2020,Bamenda,Célibataire,2,Faible,Extraverti,Passable,C,0,Jamais,Faible
684,ETU0684,aabomo0684@yahoo.fr,Abomo,Alice,F,2002-06-13,Moyen,5,2023,Douala,Célibataire,0,Moyenne,Consciencieux,Bien,F,0,Régulièrement,Moyen
685,ETU0685,madeleine.dubois0685@orange.cm,Dubois,Madeleine,F,2003-11-16,Élevé,7,2020,Bertoua,Célibataire,1,Élevée,Introverti,Passable,D,0,Régulièrement,Élevé
686,ETU0686,ulrichu0686@yahoo.fr,Umba,Ulrich,M,2005-04-20,Moyen,1,2021,Yaoundé,Célibataire,2,Élevée,Consciencieux,Assez Bien,D,0,Intensivement,Élevé
687,ETU0687,phaidara0687@gmail.com,Haidara,Pauline,F,2005-03-15,Faible,3,2020,Bafoussam,Célibataire,1,Moyenne,Consciencieux,Très Bien,A,0,Régulièrement,Faible
688,ETU0688,cumba0688@gmail.com,Umba,Carole,F,2000-04-11,Élevé,10,2023,Ngaoundéré,Célibataire,0,Élevée,Ambiverti,Passable,C,0,Intensivement,Élevé
689,ETU0689,florentl0689@gmail.com,Lefebvre,Florent,M,2003-11-18,Faible,8,2020,Bafoussam,Célibataire,0,Moyenne,Anxieux,Passable,G,0,Jamais,Moyen
690,ETU0690,bkamga0690@yahoo.fr,Kamga,Bruno,M,1999-10-06,Moyen,8,2022,Yaoundé,Célibataire,0,Faible,Consciencieux,Passable,D,0,Régulièrement,Moyen
691,ETU0691,diane.michel0691@gmail.com,Michel,Diane,F,1998-02-17,Moyen,10,2020,Douala,Célibataire,0,Moyenne,Ambiverti,Assez Bien,C,0,Parfois,Moyen
692,ETU0692,cissa0692@gmail.com,Issa,Clément,M,2000-02-16,Moyen,2,2021,Bamenda,Marié(e),1,Élevée,Introverti,Passable,C,1,Parfois,Moyen
693,ETU0693,estherg0693@yahoo.fr,Garcia,Esther,F,2001-12-05,Moyen,9,2023,Bafoussam,Célibataire,0,Faible,Anxieux,Passable,G,0,Régulièrement,Faible
694,ETU0694,xaviers0694@hotmail.fr,Samba,Xavier,M,2004-05-15,Moyen,6,2022,Bafoussam,Célibataire,0,Moyenne,Anxieux,Très Bien,D,0,Parfois,Élevé
695,ETU0695,wfoko0695@yahoo.fr,Foko,Wanda,F,2005-06-18,Moyen,2,2022,Bamenda,Célibataire,3,Élevée,Introverti,Passable,F,0,Régulièrement,Moyen
696,ETU0696,sophier0696@hotmail.fr,Rodrigues,Sophie,F,2004-11-22,Faible,10,2021,Maroua,Célibataire,0,Faible,Consciencieux,Assez Bien,D,0,Régulièrement,Élevé
697,ETU0697,nicolasg0697@gmail.com,Garcia,Nicolas,M,2003-03-21,Élevé,6,2021,Yaoundé,Marié(e),1,Moyenne,Anxieux,Assez Bien,A,0,Régulièrement,Moyen
698,ETU0698,mmbouck0698@yahoo.fr,Mbouck,Marc,M,2002-08-15,Élevé,9,2022,Bamenda,Célibataire,0,Moyenne,Introverti,Assez Bien,F,0,Rarement,Élevé
699,ETU0699,carlosm0699@outlook.com,Medjo,Carlos,M,1999-05-04,Moyen,5,2021,Garoua,Célibataire,0,Moyenne,Extraverti,Très Bien,D,1,Parfois,Moyen
700,ETU0700,pgarcia0700@yahoo.fr,Garcia,Pascal,M,2002-09-12,Élevé,3,2020,Maroua,Célibataire,0,Élevée,Ambiverti,Très Bien,C,0,Parfois,Faible
701,ETU0701,hortense.gomis0701@hotmail.fr,Gomis,Hortense,F,2001-07-08,Faible,10,2021,Ngaoundéré,Célibataire,0,Faible,Consciencieux,Bien,D,0,Jamais,Élevé
702,ETU0702,estherj0702@gmail.com,Jourdain,Esther,F,2004-10-25,Moyen,9,2022,Douala,En couple,0,Moyenne,Extraverti,Assez Bien,C,0,Régulièrement,Moyen
703,ETU0703,ktchio0703@gmail.com,Tchio,Karine,F,2004-04-07,Moyen,7,2022,Yaoundé,Célibataire,0,Élevée,Consciencieux,Très Bien,F,0,Parfois,Moyen
704,ETU0704,nyanga0704@gmail.com,Yanga,Noëlle,F,2003-07-01,Moyen,8,2023,Garoua,Célibataire,0,Moyenne,Ambiverti,Très Bien,C,0,Parfois,Moyen
705,ETU0705,yannz0705@yahoo.fr,Zobel,Yann,M,1998-04-03,Moyen,3,2020,Maroua,Célibataire,2,Faible,Introverti,Très Bien,D,0,Rarement,Élevé
706,ETU0706,hebene0706@yahoo.fr,Ebene,Henri,M,2001-02-20,Faible,3,2022,Douala,Célibataire,1,Élevée,Introverti,Bien,C,0,Rarement,Faible
707,ETU0707,mdonfack0707@outlook.com,Donfack,Marguerite,F,2003-12-06,Faible,3,2021,Bafoussam,Célibataire,0,Élevée,Introverti,Assez Bien,A,0,Régulièrement,Faible
708,ETU0708,nathan.onana0708@gmail.com,Onana,Nathan,M,2003-10-26,Faible,4,2023,Ngaoundéré,Célibataire,0,Moyenne,Ambiverti,Assez Bien,A,0,Rarement,Faible
709,ETU0709,jrobert0709@yahoo.fr,Robert,Joëlle,F,2003-10-19,Moyen,7,2022,Ngaoundéré,En couple,0,Faible,Anxieux,Passable,A,1,Intensivement,Élevé
710,ETU0710,ursulaz0710@yahoo.fr,Zobel,Ursula,F,1998-06-16,Faible,1,2021,Bertoua,Célibataire,0,Élevée,Anxieux,Assez Bien,G,1,Parfois,Élevé
711,ETU0711,honorine.dupont0711@gmail.com,Dupont,Honorine,F,2005-12-15,Moyen,4,2023,Douala,Marié(e),2,Moyenne,Anxieux,Assez Bien,A,0,Rarement,Moyen
712,ETU0712,yndzana0712@gmail.com,Ndzana,Yvonne,F,2005-01-28,Élevé,2,2022,Yaoundé,Célibataire,0,Élevée,Ambiverti,Très Bien,A,0,Parfois,Moyen
713,ETU0713,blandinew0713@hotmail.fr,Wamba,Blandine,F,2005-06-20,Moyen,6,2020,Bafoussam,En couple,0,Faible,Introverti,Assez Bien,G,1,Parfois,Élevé
714,ETU0714,wanda.etoundi0714@outlook.com,Etoundi,Wanda,F,2005-12-24,Moyen,3,2021,Bafoussam,Célibataire,0,Faible,Extraverti,Assez Bien,A,0,Parfois,Élevé
715,ETU0715,mbouchard0715@gmail.com,Bouchard,Marguerite,F,2002-04-01,Élevé,3,2020,Bamenda,Célibataire,1,Élevée,Extraverti,Très Bien,C,0,Parfois,Moyen
716,ETU0716,reine.bouchard0716@hotmail.fr,Bouchard,Reine,F,2003-11-22,Moyen,3,2022,Maroua,En couple,0,Moyenne,Anxieux,Assez Bien,C,0,Jamais,Moyen
717,ETU0717,grace.ndzana0717@yahoo.fr,Ndzana,Grace,F,2000-09-08,Élevé,4,2021,Douala,Célibataire,0,Élevée,Ambiverti,Assez Bien,D,0,Régulièrement,Élevé
718,ETU0718,diane.thomas0718@ymail.com,Thomas,Diane,F,2004-07-05,Moyen,1,2022,Bafoussam,Célibataire,0,Moyenne,Introverti,Très Bien,F,0,Parfois,Moyen
719,ETU0719,karineg0719@gmail.com,Garcia,Karine,F,2003-10-13,Élevé,2,2020,Bafoussam,Célibataire,3,Faible,Introverti,Assez Bien,A,0,Régulièrement,Élevé
720,ETU0720,itoure0720@gmail.com,Toure,Ibrahim,M,2003-11-22,Élevé,6,2020,Bertoua,Célibataire,0,Moyenne,Extraverti,Assez Bien,F,0,Rarement,Élevé
721,ETU0721,rdubois0721@gmail.com,Dubois,Rodrigue,M,2002-10-27,Moyen,10,2022,Bafoussam,Célibataire,0,Moyenne,Anxieux,Assez Bien,D,0,Parfois,Moyen
722,ETU0722,esther.yanga0722@hotmail.fr,Yanga,Esther,F,2002-05-21,Moyen,7,2023,Bafoussam,Célibataire,0,Élevée,Anxieux,Bien,C,0,Régulièrement,Élevé
723,ETU0723,christophei0723@yahoo.fr,Issa,Christophe,M,2000-12-03,Faible,6,2022,Yaoundé,Célibataire,1,Moyenne,Anxieux,Très Bien,D,0,Parfois,Moyen
724,ETU0724,kdupont0724@gmail.com,Dupont,Karine,F,2001-06-03,Faible,5,2023,Bafoussam,En couple,1,Moyenne,Consciencieux,Bien,G,0,Intensivement,Élevé
725,ETU0725,kevin.rodrigues0725@gmail.com,Rodrigues,Kevin,M,2004-02-16,Élevé,6,2021,Bamenda,En couple,0,Moyenne,Consciencieux,Très Bien,F,0,Régulièrement,Élevé
726,ETU0726,aliceg0726@yahoo.fr,Gomis,Alice,F,2005-09-07,Faible,6,2022,Bertoua,Célibataire,1,Élevée,Ambiverti,Assez Bien,D,0,Parfois,Élevé
727,ETU0727,swamba0727@hotmail.fr,Wamba,Samuel,M,1998-07-19,Moyen,2,2023,Yaoundé,Célibataire,0,Élevée,Consciencieux,Assez Bien,C,0,Intensivement,Moyen
728,ETU0728,cdubois0728@gmail.com,Dubois,Clément,M,2002-07-09,Faible,4,2020,Maroua,Marié(e),2,Faible,Introverti,Passable,A,0,Jamais,Moyen
729,ETU0729,fdubois0729@ymail.com,Dubois,Fabrice,M,2001-09-22,Moyen,2,2021,Bafoussam,Célibataire,2,Moyenne,Introverti,Assez Bien,C,0,Parfois,Faible
730,ETU0730,ketoundi0730@outlook.com,Etoundi,Karine,F,2002-11-09,Moyen,7,2021,Yaoundé,Divorcé(e),1,Faible,Anxieux,Assez Bien,D,0,Intensivement,Faible
731,ETU0731,emmanuelf0731@yahoo.fr,Feudjio,Emmanuel,M,2002-03-04,Moyen,6,2020,Maroua,Célibataire,0,Moyenne,Introverti,Bien,C,0,Rarement,Élevé
732,ETU0732,pascalm0732@yahoo.fr,Mbouck,Pascal,M,1999-02-06,Faible,3,2021,Bertoua,En couple,0,Moyenne,Introverti,Assez Bien,G,1,Rarement,Moyen
733,ETU0733,herv.okafor0733@gmail.com,Okafor,Hervé,M,2005-09-25,Moyen,6,2022,Bamenda,Célibataire,1,Faible,Introverti,Assez Bien,A,0,Rarement,Moyen
734,ETU0734,fatimai0734@yahoo.fr,Issa,Fatima,F,1999-10-17,Moyen,2,2021,Maroua,Célibataire,0,Élevée,Consciencieux,Assez Bien,D,1,Régulièrement,Élevé
735,ETU0735,gdiallo0735@gmail.com,Diallo,Georges,M,2002-11-05,Moyen,7,2021,Douala,Célibataire,0,Élevée,Introverti,Assez Bien,D,0,Intensivement,Moyen
736,ETU0736,henri.garcia0736@gmail.com,Garcia,Henri,M,1999-06-04,Faible,5,2022,Maroua,Célibataire,0,Faible,Anxieux,Bien,C,0,Rarement,Élevé
737,ETU0737,grace.dupont0737@outlook.com,Dupont,Grace,F,1998-05-14,Faible,6,2022,Garoua,Célibataire,0,Faible,Extraverti,Assez Bien,A,0,Intensivement,Moyen
738,ETU0738,vincentk0738@yahoo.fr,Kamga,Vincent,M,2000-11-19,Moyen,2,2020,Garoua,Célibataire,0,Élevée,Extraverti,Très Bien,G,0,Rarement,Élevé
739,ETU0739,mpenda0739@hotmail.fr,Penda,Marguerite,F,1998-07-07,Moyen,7,2021,Bertoua,En couple,0,Moyenne,Extraverti,Assez Bien,F,0,Parfois,Moyen
740,ETU0740,hugod0740@hotmail.fr,Dupont,Hugo,M,2001-12-09,Moyen,10,2021,Garoua,En couple,0,Faible,Introverti,Passable,A,0,Régulièrement,Élevé
741,ETU0741,hortense.bouchard0741@gmail.com,Bouchard,Hortense,F,1998-11-07,Moyen,1,2023,Garoua,Célibataire,0,Moyenne,Extraverti,Assez Bien,A,0,Rarement,Élevé
742,ETU0742,nmartin0742@yahoo.fr,Martin,Nicolas,M,2003-04-28,Moyen,4,2023,Douala,En couple,0,Moyenne,Introverti,Assez Bien,C,0,Parfois,Élevé
743,ETU0743,jtoure0743@yahoo.fr,Toure,Julie,F,2002-03-14,Moyen,8,2020,Bafoussam,Célibataire,0,Moyenne,Extraverti,Passable,G,0,Parfois,Élevé
744,ETU0744,patricke0744@gmail.com,Essama,Patrick,M,2005-07-08,Élevé,9,2021,Douala,Célibataire,0,Moyenne,Anxieux,Passable,G,0,Parfois,Moyen
745,ETU0745,samuelr0745@yahoo.fr,Rodrigues,Samuel,M,2001-11-18,Élevé,10,2021,Maroua,Célibataire,0,Faible,Introverti,Assez Bien,D,0,Intensivement,Élevé
746,ETU0746,rabomo0746@gmail.com,Abomo,Reine,F,2002-10-07,Moyen,10,2022,Yaoundé,Célibataire,0,Moyenne,Extraverti,Assez Bien,G,0,Intensivement,Élevé
747,ETU0747,georgesb0747@yahoo.fr,Bouchard,Georges,M,2000-04-14,Élevé,4,2023,Ngaoundéré,Célibataire,0,Moyenne,Extraverti,Très Bien,D,0,Régulièrement,Élevé
748,ETU0748,ressama0748@gmail.com,Essama,Rodrigue,M,2005-04-03,Moyen,4,2020,Yaoundé,Célibataire,0,Élevée,Consciencieux,Assez Bien,G,1,Régulièrement,Élevé
749,ETU0749,ntchio0749@ymail.com,Tchio,Nathalie,F,2004-06-04,Faible,10,2021,Maroua,En couple,3,Faible,Ambiverti,Très Bien,G,0,Régulièrement,Faible
750,ETU0750,louis.ndzana0750@hotmail.fr,Ndzana,Louis,M,2000-04-24,Faible,3,2021,Maroua,Marié(e),0,Faible,Ambiverti,Bien,C,1,Parfois,Faible
751,ETU0751,julie.abomo0751@gmail.com,Abomo,Julie,F,1999-03-16,Moyen,3,2022,Maroua,Célibataire,0,Moyenne,Consciencieux,Passable,G,0,Intensivement,Faible
752,ETU0752,estherk0752@gmail.com,Kamga,Esther,F,2001-08-14,Faible,8,2022,Douala,Célibataire,2,Faible,Anxieux,Bien,A,0,Régulièrement,Moyen
753,ETU0753,david.okafor0753@gmail.com,Okafor,David,M,1999-09-16,Moyen,10,2021,Bamenda,Marié(e),0,Moyenne,Ambiverti,Passable,F,0,Parfois,Moyen
754,ETU0754,quentin.rodrigues0754@yahoo.fr,Rodrigues,Quentin,M,2003-09-05,Élevé,1,2023,Bamenda,Célibataire,0,Moyenne,Introverti,Bien,A,0,Intensivement,Élevé
755,ETU0755,karineb0755@outlook.com,Biyong,Karine,F,2002-06-01,Faible,1,2020,Douala,Célibataire,0,Faible,Introverti,Passable,C,0,Régulièrement,Élevé
756,ETU0756,lessama0756@outlook.com,Essama,Laure,F,2003-01-26,Moyen,10,2020,Bertoua,Célibataire,0,Moyenne,Introverti,Bien,D,0,Régulièrement,Moyen
757,ETU0757,hlefebvre0757@gmail.com,Lefebvre,Honorine,F,1999-03-06,Élevé,5,2020,Bamenda,Célibataire,0,Faible,Extraverti,Passable,D,1,Régulièrement,Moyen
758,ETU0758,jollej0758@outlook.com,Jourdain,Joëlle,F,2004-07-19,Faible,7,2021,Bertoua,Célibataire,0,Faible,Consciencieux,Bien,C,0,Rarement,Élevé
759,ETU0759,andr.nguema0759@yahoo.fr,Nguema,André,M,2001-07-20,Élevé,9,2023,Ngaoundéré,Célibataire,1,Élevée,Anxieux,Très Bien,G,0,Intensivement,Moyen
760,ETU0760,jolle.haidara0760@yahoo.fr,Haidara,Joëlle,F,1998-05-21,Moyen,3,2023,Maroua,Célibataire,0,Moyenne,Consciencieux,Bien,D,1,Parfois,Moyen
761,ETU0761,henri.bouchard0761@outlook.com,Bouchard,Henri,M,2002-07-10,Faible,4,2023,Maroua,Célibataire,1,Moyenne,Consciencieux,Assez Bien,C,0,Régulièrement,Élevé
762,ETU0762,kariney0762@outlook.com,Yanga,Karine,F,2003-05-28,Élevé,3,2023,Ngaoundéré,Célibataire,0,Élevée,Extraverti,Bien,C,0,Régulièrement,Élevé
763,ETU0763,tmichel0763@hotmail.fr,Michel,Thérèse,F,1998-04-24,Faible,4,2021,Maroua,Célibataire,0,Faible,Introverti,Assez Bien,G,1,Intensivement,Moyen
764,ETU0764,nicolas.nguema0764@hotmail.fr,Nguema,Nicolas,M,2001-06-07,Élevé,5,2022,Yaoundé,Célibataire,1,Moyenne,Consciencieux,Passable,A,0,Parfois,Élevé
765,ETU0765,pdubois0765@yahoo.fr,Dubois,Patrick,M,1999-11-22,Faible,4,2021,Bamenda,En couple,1,Élevée,Ambiverti,Assez Bien,A,1,Jamais,Faible
766,ETU0766,grace.robert0766@ymail.com,Robert,Grace,F,2004-09-24,Élevé,1,2020,Garoua,Célibataire,0,Élevée,Anxieux,Passable,A,0,Intensivement,Moyen
767,ETU0767,wrichard0767@orange.cm,Richard,Wanda,F,2005-05-24,Faible,10,2020,Douala,Marié(e),0,Élevée,Ambiverti,Bien,C,0,Régulièrement,Faible
768,ETU0768,gracel0768@hotmail.fr,Leroy,Grace,F,2002-04-08,Moyen,8,2022,Maroua,Célibataire,0,Faible,Introverti,Passable,G,0,Intensivement,Moyen
769,ETU0769,wbernard0769@yahoo.fr,Bernard,Wanda,F,1999-02-09,Élevé,5,2021,Yaoundé,Marié(e),0,Élevée,Anxieux,Assez Bien,A,0,Rarement,Moyen
770,ETU0770,hugo.tchamba0770@hotmail.fr,Tchamba,Hugo,M,2000-07-25,Élevé,1,2021,Bamenda,Célibataire,0,Élevée,Ambiverti,Assez Bien,G,0,Parfois,Élevé
771,ETU0771,georges.lobe0771@yahoo.fr,Lobe,Georges,M,2001-05-11,Moyen,7,2021,Yaoundé,Divorcé(e),1,Moyenne,Extraverti,Assez Bien,D,0,Régulièrement,Moyen
772,ETU0772,patricku0772@gmail.com,Umba,Patrick,M,1998-09-15,Moyen,6,2022,Bamenda,Célibataire,0,Élevée,Introverti,Assez Bien,D,0,Régulièrement,Moyen
773,ETU0773,mabomo0773@hotmail.fr,Abomo,Madeleine,F,1998-10-27,Faible,6,2020,Ngaoundéré,Célibataire,0,Moyenne,Ambiverti,Bien,D,0,Intensivement,Élevé
774,ETU0774,floret0774@yahoo.fr,Toure,Flore,F,2005-02-17,Faible,9,2022,Garoua,Célibataire,0,Élevée,Anxieux,Assez Bien,A,1,Rarement,Moyen
775,ETU0775,marc.gomis0775@yahoo.fr,Gomis,Marc,M,2000-04-10,Moyen,7,2023,Bertoua,En couple,3,Moyenne,Introverti,Très Bien,D,0,Régulièrement,Faible
776,ETU0776,hervn0776@gmail.com,Nguema,Hervé,M,2002-09-24,Faible,10,2021,Yaoundé,En couple,1,Moyenne,Anxieux,Passable,F,1,Parfois,Élevé
777,ETU0777,ccile.etoundi0777@gmail.com,Etoundi,Cécile,F,1999-03-23,Moyen,7,2022,Douala,Célibataire,0,Moyenne,Extraverti,Assez Bien,A,0,Régulièrement,Faible
778,ETU0778,amoreau0778@hotmail.fr,Moreau,Alain,M,2005-07-04,Moyen,3,2021,Maroua,Célibataire,0,Moyenne,Consciencieux,Bien,C,0,Intensivement,Moyen
779,ETU0779,christellec0779@outlook.com,Camara,Christelle,F,1998-03-16,Moyen,1,2020,Garoua,En couple,0,Moyenne,Introverti,Très Bien,A,1,Parfois,Élevé
780,ETU0780,batriced0780@gmail.com,Diallo,Béatrice,F,1999-07-17,Faible,5,2020,Ngaoundéré,Célibataire,0,Faible,Extraverti,Passable,D,0,Régulièrement,Moyen
781,ETU0781,davidm0781@yahoo.fr,Mvondo,David,M,2003-04-21,Faible,1,2023,Bamenda,En couple,0,Faible,Ambiverti,Bien,D,1,Rarement,Moyen
782,ETU0782,jacques.mbouck0782@ymail.com,Mbouck,Jacques,M,1999-12-28,Moyen,8,2023,Garoua,Célibataire,0,Moyenne,Anxieux,Passable,G,1,Intensivement,Élevé
783,ETU0783,dokafor0783@gmail.com,Okafor,Didier,M,1999-03-11,Moyen,3,2021,Yaoundé,Célibataire,0,Faible,Ambiverti,Passable,A,0,Régulièrement,Élevé
784,ETU0784,hortenseo0784@yahoo.fr,Okafor,Hortense,F,2004-04-27,Moyen,6,2021,Bafoussam,Célibataire,0,Moyenne,Introverti,Passable,C,1,Parfois,Élevé
785,ETU0785,diane.jourdain0785@gmail.com,Jourdain,Diane,F,2004-05-17,Faible,2,2023,Bafoussam,Célibataire,0,Faible,Consciencieux,Passable,A,0,Rarement,Faible
786,ETU0786,emmanuel.atangana0786@gmail.com,Atangana,Emmanuel,M,2000-11-03,Élevé,10,2021,Ngaoundéré,En couple,0,Moyenne,Extraverti,Assez Bien,D,0,Intensivement,Élevé
787,ETU0787,isidore.penda0787@gmail.com,Penda,Isidore,M,1999-09-06,Moyen,6,2023,Douala,Célibataire,0,Moyenne,Anxieux,Bien,D,0,Parfois,Moyen
788,ETU0788,gisle.abomo0788@yahoo.fr,Abomo,Gisèle,F,1998-07-28,Élevé,4,2023,Bafoussam,Célibataire,0,Élevée,Extraverti,Bien,C,0,Rarement,Élevé
789,ETU0789,zbiyong0789@outlook.com,Biyong,Zacharie,M,2003-01-25,Moyen,8,2020,Yaoundé,Célibataire,0,Moyenne,Anxieux,Assez Bien,G,0,Régulièrement,Élevé
790,ETU0790,patricia.thomas0790@hotmail.fr,Thomas,Patricia,F,2002-09-28,Faible,3,2021,Maroua,Célibataire,1,Élevée,Consciencieux,Très Bien,D,0,Régulièrement,Élevé
791,ETU0791,eissa0791@yahoo.fr,Issa,Emmanuella,F,2002-10-11,Élevé,10,2020,Garoua,Célibataire,0,Moyenne,Anxieux,Assez Bien,F,0,Régulièrement,Faible
792,ETU0792,emartin0792@ymail.com,Martin,Esther,F,2005-04-18,Moyen,3,2020,Bafoussam,Célibataire,0,Moyenne,Extraverti,Très Bien,A,0,Régulièrement,Élevé
793,ETU0793,irne.simon0793@orange.cm,Simon,Irène,F,2000-03-11,Moyen,4,2023,Yaoundé,En couple,0,Élevée,Consciencieux,Bien,A,0,Régulièrement,Élevé
794,ETU0794,aminam0794@gmail.com,Martin,Amina,F,2003-11-15,Moyen,1,2020,Maroua,Célibataire,0,Faible,Introverti,Bien,C,0,Régulièrement,Moyen
795,ETU0795,armand.penda0795@hotmail.fr,Penda,Armand,M,2000-11-18,Moyen,5,2023,Bamenda,Célibataire,0,Élevée,Consciencieux,Très Bien,F,0,Rarement,Moyen
796,ETU0796,isidored0796@gmail.com,Donfack,Isidore,M,2003-12-16,Faible,6,2023,Douala,Célibataire,0,Faible,Anxieux,Passable,D,0,Intensivement,Moyen
797,ETU0797,zzobel0797@gmail.com,Zobel,Zahra,F,1998-11-16,Moyen,7,2022,Douala,Célibataire,1,Élevée,Anxieux,Passable,C,1,Régulièrement,Moyen
798,ETU0798,eric.garcia0798@gmail.com,Garcia,Eric,M,2005-03-02,Faible,6,2021,Bafoussam,En couple,0,Faible,Introverti,Assez Bien,A,0,Parfois,Faible
799,ETU0799,anguema0799@gmail.com,Nguema,Adèle,F,2004-08-24,Élevé,9,2020,Douala,En couple,1,Élevée,Extraverti,Passable,D,0,Régulièrement,Moyen
800,ETU0800,williaml0800@yahoo.fr,Lobe,William,M,2005-07-20,Moyen,2,2023,Bafoussam,Célibataire,1,Élevée,Extraverti,Assez Bien,C,0,Rarement,Élevé
801,ETU0801,vmoreau0801@outlook.com,Moreau,Vincent,M,2004-07-02,Élevé,10,2023,Bamenda,Divorcé(e),2,Élevée,Extraverti,Bien,A,0,Régulièrement,Élevé
802,ETU0802,zahrat0802@gmail.com,Tchio,Zahra,F,2003-12-27,Moyen,3,2021,Maroua,En couple,2,Élevée,Introverti,Bien,D,0,Intensivement,Faible
803,ETU0803,christelle.okafor0803@hotmail.fr,Okafor,Christelle,F,2001-02-08,Faible,2,2022,Maroua,En couple,0,Faible,Extraverti,Assez Bien,D,0,Rarement,Moyen
804,ETU0804,aminad0804@yahoo.fr,Dubois,Amina,F,2005-03-16,Élevé,4,2023,Bamenda,En couple,3,Élevée,Consciencieux,Passable,D,0,Intensivement,Moyen
805,ETU0805,nathalie.ebene0805@gmail.com,Ebene,Nathalie,F,2001-03-23,Moyen,2,2021,Garoua,Célibataire,1,Faible,Anxieux,Très Bien,D,0,Régulièrement,Moyen
806,ETU0806,rsimon0806@yahoo.fr,Simon,Reine,F,2000-04-23,Moyen,6,2020,Maroua,Célibataire,0,Moyenne,Anxieux,Bien,C,0,Régulièrement,Moyen
807,ETU0807,isabellem0807@yahoo.fr,Martin,Isabelle,F,2000-10-02,Moyen,10,2020,Bertoua,En couple,1,Élevée,Anxieux,Bien,C,0,Parfois,Faible
808,ETU0808,emmanuel.robert0808@orange.cm,Robert,Emmanuel,M,2001-04-15,Moyen,4,2021,Bamenda,Marié(e),2,Moyenne,Consciencieux,Assez Bien,D,0,Rarement,Élevé
809,ETU0809,armandu0809@outlook.com,Umba,Armand,M,2001-09-18,Faible,3,2022,Bertoua,Célibataire,0,Élevée,Consciencieux,Bien,D,0,Régulièrement,Élevé
810,ETU0810,okamga0810@gmail.com,Kamga,Océane,F,2004-05-08,Élevé,10,2022,Yaoundé,Célibataire,1,Élevée,Ambiverti,Assez Bien,D,0,Intensivement,Élevé
811,ETU0811,llobe0811@outlook.com,Lobe,Laurent,M,2005-02-06,Faible,4,2023,Yaoundé,Marié(e),0,Moyenne,Introverti,Bien,G,1,Rarement,Élevé
812,ETU0812,ibrahim.tchio0812@gmail.com,Tchio,Ibrahim,M,2003-07-24,Moyen,1,2021,Garoua,Célibataire,0,Moyenne,Extraverti,Assez Bien,F,0,Régulièrement,Moyen
813,ETU0813,flore.michel0813@outlook.com,Michel,Flore,F,2003-03-08,Moyen,7,2020,Douala,En couple,0,Moyenne,Introverti,Assez Bien,F,0,Parfois,Élevé
814,ETU0814,karinen0814@outlook.com,Nguema,Karine,F,1999-01-25,Faible,10,2021,Garoua,En couple,0,Élevée,Introverti,Bien,A,0,Régulièrement,Faible
815,ETU0815,laurent.bernard0815@yahoo.fr,Bernard,Laurent,M,2005-02-07,Moyen,8,2020,Bertoua,Célibataire,1,Faible,Ambiverti,Passable,C,0,Jamais,Faible
816,ETU0816,david.haidara0816@ymail.com,Haidara,David,M,1999-02-04,Moyen,2,2021,Garoua,En couple,2,Faible,Introverti,Assez Bien,D,0,Régulièrement,Élevé
817,ETU0817,sbouchard0817@outlook.com,Bouchard,Samuel,M,2001-07-13,Moyen,9,2020,Ngaoundéré,Célibataire,0,Moyenne,Introverti,Assez Bien,D,0,Régulièrement,Élevé
818,ETU0818,vincenta0818@gmail.com,Atangana,Vincent,M,2003-03-05,Moyen,7,2021,Garoua,En couple,1,Faible,Introverti,Très Bien,C,0,Régulièrement,Élevé
819,ETU0819,isabelle.feudjio0819@gmail.com,Feudjio,Isabelle,F,2005-01-25,Faible,8,2020,Bafoussam,Célibataire,0,Moyenne,Anxieux,Assez Bien,C,0,Parfois,Élevé
820,ETU0820,jrichard0820@gmail.com,Richard,Jean,M,1998-07-04,Moyen,3,2023,Bafoussam,Célibataire,0,Moyenne,Extraverti,Assez Bien,D,0,Rarement,Faible
821,ETU0821,samuell0821@gmail.com,Lefebvre,Samuel,M,1999-06-11,Faible,3,2020,Bertoua,Marié(e),0,Élevée,Consciencieux,Passable,A,0,Jamais,Élevé
822,ETU0822,dtchio0822@gmail.com,Tchio,Danielle,F,2002-10-03,Moyen,10,2022,Yaoundé,Célibataire,0,Élevée,Introverti,Passable,G,0,Intensivement,Élevé
823,ETU0823,ghaidara0823@gmail.com,Haidara,Gabriel,M,1998-04-01,Élevé,7,2021,Douala,Célibataire,1,Moyenne,Extraverti,Assez Bien,D,0,Intensivement,Faible
824,ETU0824,mbello0824@yahoo.fr,Bello,Michel,M,1999-06-23,Faible,2,2021,Maroua,Marié(e),0,Moyenne,Ambiverti,Assez Bien,C,1,Rarement,Faible
825,ETU0825,ursula.manga0825@yahoo.fr,Manga,Ursula,F,2004-03-04,Moyen,1,2020,Bamenda,Célibataire,0,Moyenne,Ambiverti,Bien,D,0,Intensivement,Moyen
826,ETU0826,cmbouck0826@hotmail.fr,Mbouck,Clément,M,2001-10-13,Faible,8,2022,Maroua,En couple,0,Moyenne,Introverti,Assez Bien,A,0,Rarement,Faible
827,ETU0827,ccile.thomas0827@outlook.com,Thomas,Cécile,F,1999-05-11,Moyen,1,2020,Douala,Célibataire,0,Moyenne,Consciencieux,Assez Bien,F,1,Parfois,Élevé
828,ETU0828,nolle.atangana0828@outlook.com,Atangana,Noëlle,F,2003-04-22,Élevé,2,2022,Bertoua,Célibataire,2,Moyenne,Consciencieux,Passable,D,0,Régulièrement,Élevé
829,ETU0829,blaisee0829@gmail.com,Ebene,Blaise,M,2001-08-19,Moyen,2,2023,Garoua,Marié(e),0,Élevée,Ambiverti,Très Bien,F,0,Rarement,Moyen
830,ETU0830,louis.donfack0830@yahoo.fr,Donfack,Louis,M,2003-07-06,Faible,9,2022,Yaoundé,Célibataire,3,Élevée,Consciencieux,Passable,D,0,Parfois,Faible
831,ETU0831,didier.diallo0831@gmail.com,Diallo,Didier,M,2005-09-28,Faible,2,2023,Douala,Marié(e),0,Moyenne,Anxieux,Assez Bien,D,0,Régulièrement,Élevé
832,ETU0832,xavierb0832@outlook.com,Biyong,Xavier,M,2005-03-04,Faible,8,2020,Maroua,Célibataire,0,Moyenne,Extraverti,Passable,D,1,Parfois,Élevé
833,ETU0833,lissa0833@yahoo.fr,Issa,Laure,F,2000-02-15,Élevé,6,2021,Douala,Célibataire,0,Élevée,Extraverti,Très Bien,D,0,Régulièrement,Faible
834,ETU0834,mmartin0834@yahoo.fr,Martin,Marc,M,1999-05-20,Moyen,2,2021,Bertoua,Célibataire,1,Moyenne,Extraverti,Bien,D,0,Régulièrement,Élevé
835,ETU0835,rcamara0835@gmail.com,Camara,Rodrigue,M,2003-04-23,Faible,2,2023,Ngaoundéré,Célibataire,0,Faible,Extraverti,Assez Bien,C,0,Régulièrement,Élevé
836,ETU0836,grace.feudjio0836@gmail.com,Feudjio,Grace,F,2005-10-26,Élevé,7,2021,Yaoundé,Célibataire,0,Élevée,Ambiverti,Bien,C,0,Intensivement,Élevé
837,ETU0837,esther.michel0837@gmail.com,Michel,Esther,F,2002-03-03,Moyen,3,2022,Garoua,Célibataire,0,Faible,Anxieux,Assez Bien,C,0,Intensivement,Moyen
838,ETU0838,laure.dupont0838@gmail.com,Dupont,Laure,F,2001-10-02,Élevé,3,2022,Douala,Célibataire,0,Élevée,Introverti,Assez Bien,D,0,Intensivement,Élevé
839,ETU0839,wetoundi0839@yahoo.fr,Etoundi,William,M,2000-04-23,Moyen,4,2021,Yaoundé,Célibataire,0,Élevée,Consciencieux,Très Bien,A,0,Parfois,Moyen
840,ETU0840,xaviers0840@yahoo.fr,Samba,Xavier,M,2002-08-05,Faible,10,2020,Douala,Célibataire,1,Faible,Ambiverti,Passable,A,0,Rarement,Moyen
841,ETU0841,tienner0841@yahoo.fr,Rodrigues,Étienne,M,1998-09-18,Élevé,1,2023,Ngaoundéré,Célibataire,0,Moyenne,Introverti,Assez Bien,D,0,Régulièrement,Moyen
842,ETU0842,reinel0842@outlook.com,Leroy,Reine,F,2004-10-22,Moyen,4,2023,Yaoundé,Célibataire,0,Moyenne,Extraverti,Assez Bien,C,0,Intensivement,Faible
843,ETU0843,hugo.mbarga0843@orange.cm,Mbarga,Hugo,M,2000-12-20,Moyen,1,2023,Ngaoundéré,Célibataire,0,Moyenne,Consciencieux,Bien,C,1,Parfois,Faible
844,ETU0844,andrv0844@gmail.com,Vidal,André,M,2001-07-23,Moyen,2,2022,Bafoussam,Célibataire,0,Faible,Ambiverti,Passable,D,0,Parfois,Moyen
845,ETU0845,smartin0845@yahoo.fr,Martin,Samuel,M,2004-11-28,Faible,9,2023,Bamenda,Célibataire,0,Faible,Consciencieux,Passable,A,0,Régulièrement,Faible
846,ETU0846,laurent.petit0846@yahoo.fr,Petit,Laurent,M,2002-06-08,Faible,9,2020,Yaoundé,Célibataire,0,Élevée,Consciencieux,Bien,G,0,Parfois,Élevé
847,ETU0847,zacharien0847@outlook.com,Nkeng,Zacharie,M,2003-10-20,Moyen,1,2020,Bertoua,Célibataire,2,Moyenne,Ambiverti,Passable,C,0,Intensivement,Élevé
848,ETU0848,blandinei0848@gmail.com,Issa,Blandine,F,2003-10-03,Moyen,2,2020,Yaoundé,En couple,0,Élevée,Anxieux,Très Bien,G,0,Rarement,Moyen
849,ETU0849,georges.richard0849@gmail.com,Richard,Georges,M,2004-08-23,Moyen,9,2021,Ngaoundéré,En couple,0,Faible,Anxieux,Très Bien,D,0,Régulièrement,Faible
850,ETU0850,knkeng0850@gmail.com,Nkeng,Karine,F,2004-02-05,Moyen,3,2020,Bamenda,Célibataire,1,Moyenne,Introverti,Assez Bien,C,0,Régulièrement,Moyen
851,ETU0851,xrodrigues0851@yahoo.fr,Rodrigues,Xavier,M,2000-05-05,Faible,9,2021,Bamenda,Célibataire,0,Moyenne,Consciencieux,Très Bien,A,0,Régulièrement,Moyen
852,ETU0852,marcm0852@gmail.com,Medjo,Marc,M,1999-02-05,Élevé,3,2023,Garoua,Célibataire,0,Élevée,Consciencieux,Très Bien,D,0,Intensivement,Élevé
853,ETU0853,clment.toure0853@outlook.com,Toure,Clément,M,2000-08-06,Faible,9,2023,Maroua,En couple,2,Élevée,Consciencieux,Passable,D,0,Parfois,Faible
854,ETU0854,vivianen0854@outlook.com,Nkeng,Viviane,F,2001-01-13,Moyen,4,2022,Douala,Célibataire,2,Élevée,Consciencieux,Très Bien,C,0,Parfois,Moyen
855,ETU0855,florent.dupont0855@gmail.com,Dupont,Florent,M,2005-08-17,Faible,2,2023,Douala,Célibataire,1,Faible,Anxieux,Bien,C,0,Rarement,Faible
856,ETU0856,rosaliem0856@yahoo.fr,Mbarga,Rosalie,F,2001-08-23,Moyen,2,2020,Ngaoundéré,Célibataire,0,Élevée,Consciencieux,Bien,C,0,Régulièrement,Faible
857,ETU0857,pauline.lefebvre0857@yahoo.fr,Lefebvre,Pauline,F,2000-12-20,Faible,6,2023,Ngaoundéré,En couple,1,Élevée,Anxieux,Bien,D,0,Rarement,Faible
858,ETU0858,laura.samba0858@gmail.com,Samba,Laura,F,2000-04-27,Moyen,4,2023,Garoua,Célibataire,2,Moyenne,Introverti,Passable,A,0,Régulièrement,Moyen
859,ETU0859,henri.michel0859@gmail.com,Michel,Henri,M,1998-12-19,Moyen,4,2021,Yaoundé,Célibataire,0,Élevée,Introverti,Passable,G,1,Jamais,Élevé
860,ETU0860,viviane.martin0860@gmail.com,Martin,Viviane,F,1999-01-18,Faible,5,2021,Yaoundé,Célibataire,0,Faible,Ambiverti,Passable,D,0,Intensivement,Moyen
861,ETU0861,sophie.bernard0861@hotmail.fr,Bernard,Sophie,F,2000-04-11,Moyen,10,2022,Bamenda,Célibataire,0,Faible,Consciencieux,Bien,A,0,Rarement,Moyen
862,ETU0862,esthero0862@yahoo.fr,Onana,Esther,F,1999-06-01,Élevé,1,2023,Garoua,En couple,1,Moyenne,Consciencieux,Passable,F,0,Régulièrement,Élevé
863,ETU0863,ambouck0863@outlook.com,Mbouck,Alice,F,2005-09-11,Faible,10,2022,Ngaoundéré,Célibataire,0,Faible,Extraverti,Assez Bien,D,0,Parfois,Moyen
864,ETU0864,yanng0864@yahoo.fr,Garcia,Yann,M,2005-01-17,Faible,7,2020,Bertoua,Célibataire,0,Moyenne,Introverti,Assez Bien,C,0,Parfois,Moyen
865,ETU0865,babomo0865@hotmail.fr,Abomo,Béatrice,F,2001-03-01,Élevé,3,2023,Bamenda,Célibataire,0,Élevée,Anxieux,Assez Bien,D,0,Intensivement,Élevé
866,ETU0866,etchio0866@yahoo.fr,Tchio,Emmanuel,M,2005-06-11,Moyen,2,2023,Bafoussam,Célibataire,0,Élevée,Consciencieux,Passable,C,0,Régulièrement,Élevé
867,ETU0867,fgarcia0867@yahoo.fr,Garcia,Fatima,F,2004-03-14,Faible,3,2021,Bafoussam,Célibataire,1,Faible,Extraverti,Assez Bien,G,0,Parfois,Élevé
868,ETU0868,jacquesy0868@yahoo.fr,Yanga,Jacques,M,2002-06-16,Élevé,1,2022,Douala,Célibataire,0,Moyenne,Consciencieux,Passable,G,0,Intensivement,Élevé
869,ETU0869,ocane.nyobe0869@gmail.com,Nyobe,Océane,F,2003-07-09,Élevé,8,2021,Yaoundé,Marié(e),2,Moyenne,Extraverti,Très Bien,D,0,Intensivement,Élevé
870,ETU0870,flefebvre0870@gmail.com,Lefebvre,Fabrice,M,2000-03-23,Faible,8,2021,Yaoundé,Célibataire,1,Faible,Anxieux,Assez Bien,F,0,Intensivement,Faible
871,ETU0871,hugob0871@orange.cm,Bouchard,Hugo,M,2003-01-20,Faible,8,2020,Bafoussam,En couple,1,Faible,Introverti,Passable,G,0,Rarement,Faible
872,ETU0872,ccamara0872@gmail.com,Camara,Carlos,M,2005-02-26,Moyen,6,2020,Bafoussam,Célibataire,0,Moyenne,Extraverti,Très Bien,A,0,Régulièrement,Élevé
873,ETU0873,ccile.dubois0873@orange.cm,Dubois,Cécile,F,2001-07-12,Faible,5,2022,Douala,Célibataire,1,Moyenne,Consciencieux,Très Bien,G,0,Régulièrement,Faible
874,ETU0874,grardf0874@outlook.com,Feudjio,Gérard,M,1999-01-09,Moyen,3,2022,Garoua,En couple,1,Moyenne,Extraverti,Passable,D,0,Parfois,Élevé
875,ETU0875,jbernard0875@gmail.com,Bernard,Julie,F,1998-07-28,Faible,9,2023,Bafoussam,Célibataire,0,Moyenne,Extraverti,Passable,D,0,Parfois,Faible
876,ETU0876,omartin0876@gmail.com,Martin,Océane,F,2002-07-05,Moyen,6,2022,Yaoundé,Marié(e),0,Élevée,Ambiverti,Assez Bien,D,0,Régulièrement,Faible
877,ETU0877,isidorew0877@outlook.com,Wamba,Isidore,M,2003-02-02,Moyen,5,2020,Bafoussam,Célibataire,0,Faible,Consciencieux,Très Bien,F,0,Parfois,Moyen
878,ETU0878,tnyobe0878@yahoo.fr,Nyobe,Thérèse,F,2005-11-13,Faible,3,2021,Douala,Célibataire,0,Moyenne,Introverti,Passable,G,0,Parfois,Moyen
879,ETU0879,lpetit0879@gmail.com,Petit,Louis,M,2003-10-12,Élevé,1,2020,Maroua,Marié(e),2,Élevée,Extraverti,Passable,C,0,Régulièrement,Élevé
880,ETU0880,christellem0880@outlook.com,Mbarga,Christelle,F,2003-01-15,Faible,8,2020,Douala,Célibataire,0,Faible,Anxieux,Assez Bien,A,0,Rarement,Moyen
881,ETU0881,alaind0881@gmail.com,Dupont,Alain,M,2002-11-20,Faible,5,2020,Douala,Célibataire,3,Faible,Extraverti,Passable,A,0,Rarement,Faible
882,ETU0882,cmbarga0882@orange.cm,Mbarga,Christelle,F,1999-04-21,Moyen,10,2021,Bertoua,Célibataire,0,Moyenne,Extraverti,Très Bien,D,0,Régulièrement,Faible
883,ETU0883,bbello0883@gmail.com,Bello,Blaise,M,2004-10-14,Élevé,9,2020,Garoua,Célibataire,0,Élevée,Consciencieux,Passable,D,0,Régulièrement,Élevé
884,ETU0884,lmedjo0884@gmail.com,Medjo,Laurent,M,2002-05-19,Moyen,6,2021,Garoua,Célibataire,1,Moyenne,Introverti,Bien,C,0,Parfois,Moyen
885,ETU0885,valrie.rodrigues0885@gmail.com,Rodrigues,Valérie,F,2000-07-06,Faible,8,2022,Yaoundé,Célibataire,0,Moyenne,Introverti,Assez Bien,G,0,Régulièrement,Faible
886,ETU0886,blaise.bernard0886@yahoo.fr,Bernard,Blaise,M,1998-06-08,Faible,9,2023,Bamenda,Célibataire,0,Faible,Anxieux,Passable,C,0,Régulièrement,Élevé
887,ETU0887,wandad0887@gmail.com,Donfack,Wanda,F,2005-06-28,Moyen,3,2020,Bafoussam,Célibataire,2,Moyenne,Consciencieux,Passable,A,0,Parfois,Moyen
888,ETU0888,zahra.yanga0888@outlook.com,Yanga,Zahra,F,2000-02-09,Moyen,8,2020,Bafoussam,Célibataire,0,Faible,Extraverti,Passable,C,0,Parfois,Élevé
889,ETU0889,btchio0889@yahoo.fr,Tchio,Blaise,M,2000-02-12,Élevé,9,2020,Douala,Célibataire,0,Élevée,Ambiverti,Assez Bien,D,0,Régulièrement,Élevé
890,ETU0890,nolle.tchamba0890@yahoo.fr,Tchamba,Noëlle,F,2005-12-16,Faible,2,2023,Ngaoundéré,Célibataire,1,Moyenne,Introverti,Bien,F,0,Régulièrement,Élevé
891,ETU0891,gabrield0891@hotmail.fr,Dubois,Gabriel,M,2005-03-26,Moyen,6,2022,Garoua,Célibataire,0,Faible,Ambiverti,Passable,G,0,Régulièrement,Faible
892,ETU0892,clmentj0892@outlook.com,Jourdain,Clément,M,1998-05-03,Faible,8,2022,Yaoundé,Célibataire,0,Faible,Introverti,Assez Bien,A,0,Régulièrement,Élevé
893,ETU0893,hervn0893@ymail.com,Nkeng,Hervé,M,1998-03-02,Moyen,1,2022,Garoua,Célibataire,0,Faible,Extraverti,Passable,D,0,Intensivement,Élevé
894,ETU0894,ibrahim.michel0894@gmail.com,Michel,Ibrahim,M,1999-07-11,Élevé,7,2022,Douala,Célibataire,0,Élevée,Anxieux,Assez Bien,G,0,Intensivement,Élevé
895,ETU0895,ibrahimf0895@yahoo.fr,Feudjio,Ibrahim,M,1999-11-01,Moyen,10,2020,Yaoundé,Célibataire,2,Élevée,Introverti,Passable,G,1,Rarement,Élevé
896,ETU0896,patricia.onana0896@yahoo.fr,Onana,Patricia,F,2002-02-20,Moyen,3,2021,Ngaoundéré,Marié(e),0,Élevée,Anxieux,Passable,A,0,Parfois,Élevé
897,ETU0897,carole.martin0897@gmail.com,Martin,Carole,F,2001-12-13,Élevé,2,2023,Garoua,Célibataire,3,Moyenne,Consciencieux,Bien,C,0,Régulièrement,Élevé
898,ETU0898,laurent.bernard0898@yahoo.fr,Bernard,Laurent,M,2003-01-10,Moyen,7,2021,Bamenda,Célibataire,1,Élevée,Consciencieux,Assez Bien,G,0,Parfois,Élevé
899,ETU0899,sbiyong0899@yahoo.fr,Biyong,Sophie,F,2000-02-22,Moyen,9,2020,Douala,Célibataire,1,Élevée,Anxieux,Bien,A,0,Régulièrement,Moyen
900,ETU0900,reine.okafor0900@ymail.com,Okafor,Reine,F,2001-09-11,Élevé,3,2022,Douala,Marié(e),0,Élevée,Consciencieux,Assez Bien,C,0,Régulièrement,Élevé
901,ETU0901,fonana0901@orange.cm,Onana,Florent,M,2003-11-17,Moyen,1,2022,Maroua,Célibataire,0,Moyenne,Ambiverti,Bien,F,0,Parfois,Moyen
902,ETU0902,mariez0902@gmail.com,Zobel,Marie,F,2001-07-12,Moyen,5,2023,Yaoundé,Célibataire,0,Moyenne,Extraverti,Très Bien,A,0,Régulièrement,Moyen
903,ETU0903,aumba0903@gmail.com,Umba,Adèle,F,1999-06-06,Moyen,10,2021,Bamenda,Célibataire,3,Moyenne,Introverti,Bien,C,0,Parfois,Moyen
904,ETU0904,rodrigue.lobe0904@gmail.com,Lobe,Rodrigue,M,2004-02-27,Faible,5,2021,Bertoua,Célibataire,0,Élevée,Introverti,Assez Bien,C,0,Régulièrement,Moyen
905,ETU0905,gbiyong0905@ymail.com,Biyong,Georges,M,1998-01-18,Moyen,2,2023,Bamenda,Marié(e),0,Élevée,Introverti,Passable,C,0,Rarement,Faible
906,ETU0906,laura.thomas0906@gmail.com,Thomas,Laura,F,2005-05-09,Élevé,8,2020,Garoua,En couple,1,Élevée,Consciencieux,Assez Bien,G,1,Parfois,Élevé
907,ETU0907,fpetit0907@gmail.com,Petit,Françoise,F,2000-10-14,Moyen,6,2023,Douala,Célibataire,0,Faible,Extraverti,Passable,G,0,Parfois,Moyen
908,ETU0908,xavier.vidal0908@outlook.com,Vidal,Xavier,M,1998-01-01,Élevé,8,2021,Douala,Célibataire,2,Moyenne,Consciencieux,Bien,F,0,Régulièrement,Faible
909,ETU0909,zachariel0909@gmail.com,Lefebvre,Zacharie,M,1999-08-06,Élevé,4,2020,Bertoua,Célibataire,0,Moyenne,Ambiverti,Assez Bien,C,0,Intensivement,Faible
910,ETU0910,william.issa0910@gmail.com,Issa,William,M,2003-10-12,Élevé,4,2021,Bertoua,Célibataire,0,Élevée,Extraverti,Assez Bien,D,0,Intensivement,Élevé
911,ETU0911,wokafor0911@orange.cm,Okafor,William,M,2000-04-14,Moyen,9,2022,Bafoussam,Célibataire,2,Moyenne,Consciencieux,Assez Bien,D,0,Intensivement,Moyen
912,ETU0912,yannc0912@gmail.com,Camara,Yann,M,1999-01-16,Faible,7,2020,Ngaoundéré,En couple,0,Faible,Consciencieux,Bien,D,0,Intensivement,Faible
913,ETU0913,laure.rodrigues0913@gmail.com,Rodrigues,Laure,F,2004-08-07,Moyen,5,2021,Bafoussam,Célibataire,0,Élevée,Extraverti,Passable,C,0,Intensivement,Faible
914,ETU0914,metoundi0914@outlook.com,Etoundi,Marguerite,F,2000-12-27,Moyen,3,2021,Bertoua,Célibataire,2,Moyenne,Introverti,Bien,D,0,Parfois,Moyen
915,ETU0915,emmanuel.medjo0915@gmail.com,Medjo,Emmanuel,M,1999-09-02,Faible,8,2022,Douala,Célibataire,0,Faible,Anxieux,Passable,D,0,Régulièrement,Faible
916,ETU0916,yannl0916@gmail.com,Lobe,Yann,M,2004-11-02,Moyen,5,2023,Douala,Célibataire,0,Moyenne,Consciencieux,Passable,D,0,Parfois,Faible
917,ETU0917,fatima.thomas0917@yahoo.fr,Thomas,Fatima,F,2002-02-03,Moyen,6,2022,Yaoundé,Célibataire,0,Moyenne,Consciencieux,Assez Bien,C,0,Régulièrement,Moyen
918,ETU0918,alicem0918@gmail.com,Mbouck,Alice,F,2000-01-09,Faible,3,2020,Ngaoundéré,Célibataire,1,Moyenne,Anxieux,Bien,A,1,Rarement,Faible
919,ETU0919,laure.bouchard0919@gmail.com,Bouchard,Laure,F,2005-07-02,Moyen,9,2023,Bertoua,Célibataire,0,Moyenne,Consciencieux,Passable,G,0,Intensivement,Faible
920,ETU0920,madeleineb0920@ymail.com,Bouchard,Madeleine,F,2005-11-18,Moyen,4,2021,Bamenda,Célibataire,0,Moyenne,Introverti,Bien,C,0,Intensivement,Moyen
921,ETU0921,ohaidara0921@hotmail.fr,Haidara,Olivier,M,2000-01-06,Faible,2,2022,Ngaoundéré,Célibataire,1,Moyenne,Introverti,Très Bien,D,0,Parfois,Élevé
922,ETU0922,bumba0922@gmail.com,Umba,Blandine,F,2002-09-22,Moyen,8,2023,Bamenda,Célibataire,0,Moyenne,Introverti,Très Bien,A,0,Intensivement,Moyen
923,ETU0923,brunob0923@gmail.com,Bernard,Bruno,M,2001-06-11,Moyen,8,2021,Ngaoundéré,Marié(e),0,Moyenne,Extraverti,Assez Bien,C,0,Parfois,Faible
924,ETU0924,ulrich.nguema0924@gmail.com,Nguema,Ulrich,M,1998-12-12,Moyen,1,2021,Bamenda,En couple,0,Faible,Anxieux,Assez Bien,C,0,Rarement,Élevé
925,ETU0925,ytoure0925@hotmail.fr,Toure,Yvonne,F,2004-11-14,Faible,6,2022,Garoua,Célibataire,2,Moyenne,Ambiverti,Passable,A,0,Rarement,Moyen
926,ETU0926,sophied0926@gmail.com,Dubois,Sophie,F,2005-05-08,Moyen,5,2023,Garoua,Célibataire,0,Élevée,Consciencieux,Bien,C,0,Régulièrement,Moyen
927,ETU0927,gracep0927@gmail.com,Penda,Grace,F,2000-02-01,Élevé,10,2023,Ngaoundéré,Célibataire,0,Moyenne,Consciencieux,Bien,D,0,Intensivement,Élevé
928,ETU0928,wrichard0928@gmail.com,Richard,Wanda,F,2000-03-02,Faible,1,2022,Douala,Célibataire,2,Élevée,Anxieux,Passable,D,0,Parfois,Faible
929,ETU0929,hugon0929@gmail.com,Nguema,Hugo,M,2005-06-28,Moyen,6,2023,Douala,Célibataire,0,Moyenne,Introverti,Assez Bien,A,0,Régulièrement,Élevé
930,ETU0930,viviane.zobel0930@gmail.com,Zobel,Viviane,F,2002-04-09,Moyen,7,2023,Bafoussam,En couple,0,Moyenne,Consciencieux,Assez Bien,G,0,Régulièrement,Faible
931,ETU0931,patrick.manga0931@outlook.com,Manga,Patrick,M,2002-08-10,Faible,7,2021,Yaoundé,Célibataire,1,Faible,Ambiverti,Bien,D,0,Régulièrement,Moyen
932,ETU0932,jacquest0932@gmail.com,Tchio,Jacques,M,2003-12-23,Élevé,10,2022,Yaoundé,Marié(e),0,Élevée,Extraverti,Bien,A,0,Parfois,Élevé
933,ETU0933,nathalieo0933@gmail.com,Onana,Nathalie,F,2003-01-05,Faible,6,2020,Bafoussam,En couple,1,Moyenne,Introverti,Assez Bien,C,0,Rarement,Moyen
934,ETU0934,pascal.tchio0934@yahoo.fr,Tchio,Pascal,M,2001-01-05,Faible,6,2023,Ngaoundéré,Célibataire,0,Faible,Consciencieux,Passable,C,0,Régulièrement,Moyen
935,ETU0935,zndzana0935@outlook.com,Ndzana,Zahra,F,1998-08-28,Moyen,8,2022,Maroua,Marié(e),2,Moyenne,Consciencieux,Passable,D,0,Régulièrement,Faible
936,ETU0936,kpenda0936@gmail.com,Penda,Karine,F,1998-04-09,Moyen,3,2020,Bafoussam,Célibataire,0,Moyenne,Introverti,Bien,G,0,Intensivement,Élevé
937,ETU0937,samueld0937@outlook.com,Diallo,Samuel,M,2003-01-15,Élevé,7,2022,Bafoussam,Célibataire,0,Élevée,Introverti,Passable,F,0,Intensivement,Élevé
938,ETU0938,dmartin0938@outlook.com,Martin,Diane,F,2003-11-18,Faible,8,2021,Ngaoundéré,En couple,0,Moyenne,Consciencieux,Très Bien,A,0,Rarement,Moyen
939,ETU0939,laure.toure0939@gmail.com,Toure,Laure,F,2002-09-24,Moyen,4,2023,Yaoundé,Célibataire,0,Moyenne,Anxieux,Passable,C,0,Régulièrement,Faible
940,ETU0940,tyanga0940@hotmail.fr,Yanga,Étienne,M,2004-12-20,Faible,2,2023,Bafoussam,Divorcé(e),0,Faible,Consciencieux,Assez Bien,C,0,Jamais,Faible
941,ETU0941,hortense.simon0941@outlook.com,Simon,Hortense,F,1999-03-06,Faible,8,2023,Maroua,Célibataire,0,Faible,Extraverti,Passable,C,0,Parfois,Faible
942,ETU0942,mmanga0942@gmail.com,Manga,Marie,F,1998-12-18,Élevé,4,2022,Bafoussam,Marié(e),0,Élevée,Ambiverti,Assez Bien,G,0,Intensivement,Élevé
943,ETU0943,xavierm0943@gmail.com,Mbarga,Xavier,M,2004-09-22,Moyen,10,2022,Ngaoundéré,Célibataire,1,Moyenne,Consciencieux,Bien,C,0,Parfois,Élevé
944,ETU0944,rodriguel0944@ymail.com,Lobe,Rodrigue,M,2005-08-16,Moyen,3,2021,Bafoussam,Célibataire,0,Faible,Ambiverti,Très Bien,C,0,Parfois,Élevé
945,ETU0945,michelt0945@gmail.com,Toure,Michel,M,1999-02-11,Élevé,7,2021,Maroua,En couple,0,Moyenne,Extraverti,Bien,D,0,Intensivement,Élevé
946,ETU0946,carlost0946@yahoo.fr,Thomas,Carlos,M,2004-02-11,Moyen,10,2020,Garoua,Célibataire,0,Moyenne,Anxieux,Bien,C,0,Rarement,Élevé
947,ETU0947,endzana0947@gmail.com,Ndzana,Emmanuel,M,1999-03-28,Faible,3,2020,Yaoundé,Célibataire,0,Moyenne,Extraverti,Passable,C,0,Intensivement,Moyen
948,ETU0948,michel.haidara0948@orange.cm,Haidara,Michel,M,2003-05-18,Moyen,7,2022,Garoua,Marié(e),0,Élevée,Ambiverti,Passable,C,0,Régulièrement,Moyen
949,ETU0949,jolle.vidal0949@outlook.com,Vidal,Joëlle,F,2004-11-13,Faible,7,2022,Garoua,Marié(e),1,Moyenne,Introverti,Passable,D,1,Régulièrement,Faible
950,ETU0950,bruno.umba0950@outlook.com,Umba,Bruno,M,1999-01-10,Faible,5,2021,Bafoussam,Célibataire,0,Faible,Ambiverti,Assez Bien,G,0,Parfois,Moyen
951,ETU0951,paulinem0951@gmail.com,Mbarga,Pauline,F,2002-10-23,Moyen,3,2021,Garoua,Célibataire,0,Faible,Extraverti,Assez Bien,D,0,Parfois,Élevé
952,ETU0952,isidore.wamba0952@gmail.com,Wamba,Isidore,M,2001-09-13,Faible,2,2020,Ngaoundéré,Marié(e),0,Faible,Introverti,Passable,D,0,Rarement,Moyen
953,ETU0953,cfeudjio0953@hotmail.fr,Feudjio,Clément,M,1998-01-15,Moyen,7,2021,Garoua,Célibataire,2,Élevée,Consciencieux,Passable,D,0,Intensivement,Élevé
954,ETU0954,ebernard0954@gmail.com,Bernard,Eric,M,1999-09-11,Moyen,9,2023,Garoua,Célibataire,0,Faible,Introverti,Assez Bien,G,1,Parfois,Faible
955,ETU0955,gbiyong0955@yahoo.fr,Biyong,Georges,M,2001-06-06,Moyen,10,2020,Bamenda,Célibataire,0,Élevée,Extraverti,Très Bien,A,0,Régulièrement,Moyen
956,ETU0956,ankeng0956@yahoo.fr,Nkeng,Alain,M,1999-11-27,Faible,2,2021,Maroua,Célibataire,0,Élevée,Introverti,Très Bien,D,0,Rarement,Moyen
957,ETU0957,flores0957@gmail.com,Simon,Flore,F,2000-12-22,Faible,3,2023,Bafoussam,Célibataire,0,Élevée,Introverti,Assez Bien,C,0,Parfois,Moyen
958,ETU0958,valrie.okafor0958@outlook.com,Okafor,Valérie,F,2002-11-14,Moyen,1,2023,Bertoua,Célibataire,3,Moyenne,Extraverti,Assez Bien,D,0,Régulièrement,Moyen
959,ETU0959,hbello0959@gmail.com,Bello,Honorine,F,1998-09-26,Moyen,5,2023,Ngaoundéré,Célibataire,0,Moyenne,Extraverti,Passable,C,0,Intensivement,Faible
960,ETU0960,ptoure0960@orange.cm,Toure,Patricia,F,2005-09-21,Moyen,7,2020,Bamenda,Célibataire,1,Élevée,Anxieux,Passable,C,0,Régulièrement,Faible
961,ETU0961,honana0961@gmail.com,Onana,Hugo,M,1998-03-13,Faible,8,2020,Garoua,Célibataire,0,Moyenne,Introverti,Passable,D,0,Intensivement,Élevé
962,ETU0962,vincentr0962@gmail.com,Richard,Vincent,M,2002-11-27,Moyen,4,2023,Yaoundé,Célibataire,0,Élevée,Introverti,Assez Bien,G,1,Régulièrement,Élevé
963,ETU0963,carlosb0963@yahoo.fr,Biyong,Carlos,M,2003-12-13,Moyen,7,2020,Maroua,Célibataire,0,Moyenne,Consciencieux,Très Bien,F,0,Parfois,Faible
964,ETU0964,esther.bouchard0964@yahoo.fr,Bouchard,Esther,F,1998-09-25,Moyen,1,2020,Maroua,Marié(e),0,Moyenne,Introverti,Passable,A,0,Régulièrement,Moyen
965,ETU0965,rissa0965@yahoo.fr,Issa,Reine,F,1998-07-16,Faible,6,2023,Ngaoundéré,Célibataire,2,Élevée,Ambiverti,Assez Bien,A,1,Parfois,Élevé
966,ETU0966,ividal0966@yahoo.fr,Vidal,Isabelle,F,2004-03-06,Élevé,3,2020,Maroua,Célibataire,2,Moyenne,Extraverti,Assez Bien,C,0,Intensivement,Moyen
967,ETU0967,zgarcia0967@yahoo.fr,Garcia,Zahra,F,2001-10-14,Moyen,2,2021,Yaoundé,Célibataire,1,Faible,Anxieux,Très Bien,C,0,Régulièrement,Moyen
968,ETU0968,hpenda0968@ymail.com,Penda,Hervé,M,2004-03-22,Faible,2,2020,Bamenda,Célibataire,0,Faible,Consciencieux,Passable,F,0,Régulièrement,Moyen
969,ETU0969,vbiyong0969@gmail.com,Biyong,Viviane,F,2003-09-11,Faible,10,2022,Yaoundé,Célibataire,0,Faible,Introverti,Passable,A,0,Régulièrement,Moyen
970,ETU0970,xumba0970@gmail.com,Umba,Xavier,M,1999-05-15,Moyen,5,2023,Bertoua,En couple,0,Moyenne,Consciencieux,Passable,D,0,Parfois,Élevé
971,ETU0971,williamd0971@gmail.com,Dubois,William,M,2002-12-26,Élevé,8,2021,Garoua,Célibataire,0,Moyenne,Consciencieux,Assez Bien,D,0,Régulièrement,Moyen
972,ETU0972,blaisel0972@hotmail.fr,Lefebvre,Blaise,M,2000-07-02,Moyen,9,2021,Bafoussam,Célibataire,0,Faible,Introverti,Assez Bien,D,1,Régulièrement,Élevé
973,ETU0973,cabomo0973@outlook.com,Abomo,Christophe,M,2002-07-11,Élevé,4,2022,Ngaoundéré,Célibataire,0,Élevée,Extraverti,Passable,D,0,Intensivement,Élevé
974,ETU0974,fatima.tchamba0974@yahoo.fr,Tchamba,Fatima,F,2005-08-24,Moyen,3,2023,Bamenda,Célibataire,1,Élevée,Extraverti,Bien,A,0,Parfois,Moyen
975,ETU0975,pascald0975@yahoo.fr,Dubois,Pascal,M,1998-12-02,Faible,9,2022,Maroua,Célibataire,0,Faible,Consciencieux,Bien,D,0,Intensivement,Faible
976,ETU0976,karinee0976@yahoo.fr,Essama,Karine,F,2002-07-09,Moyen,9,2022,Bamenda,En couple,0,Moyenne,Ambiverti,Assez Bien,C,0,Parfois,Moyen
977,ETU0977,htchamba0977@outlook.com,Tchamba,Henri,M,1999-10-02,Faible,2,2023,Bertoua,Célibataire,0,Moyenne,Ambiverti,Très Bien,G,0,Parfois,Élevé
978,ETU0978,datangana0978@hotmail.fr,Atangana,Didier,M,2003-10-17,Faible,5,2022,Yaoundé,Célibataire,0,Élevée,Consciencieux,Assez Bien,G,0,Rarement,Moyen
979,ETU0979,hmichel0979@yahoo.fr,Michel,Henri,M,2003-07-28,Moyen,2,2021,Bafoussam,En couple,0,Élevée,Anxieux,Très Bien,C,1,Rarement,Élevé
980,ETU0980,christophe.robert0980@yahoo.fr,Robert,Christophe,M,1998-06-11,Faible,7,2023,Yaoundé,Célibataire,1,Élevée,Anxieux,Assez Bien,D,0,Parfois,Moyen
981,ETU0981,marie.issa0981@outlook.com,Issa,Marie,F,2004-01-24,Moyen,2,2021,Ngaoundéré,Célibataire,0,Faible,Introverti,Assez Bien,G,0,Intensivement,Moyen
982,ETU0982,ldiallo0982@gmail.com,Diallo,Laurent,M,2003-09-26,Faible,9,2020,Garoua,Marié(e),1,Faible,Ambiverti,Passable,D,0,Rarement,Élevé
983,ETU0983,blandine.issa0983@yahoo.fr,Issa,Blandine,F,2005-02-07,Moyen,9,2023,Douala,Marié(e),1,Moyenne,Anxieux,Passable,A,0,Régulièrement,Moyen
984,ETU0984,christelle.toure0984@hotmail.fr,Toure,Christelle,F,2005-11-08,Faible,6,2023,Bafoussam,Célibataire,2,Moyenne,Ambiverti,Assez Bien,G,1,Parfois,Moyen
985,ETU0985,erics0985@orange.cm,Simon,Eric,M,2000-08-01,Élevé,9,2023,Ngaoundéré,Célibataire,0,Moyenne,Consciencieux,Très Bien,C,0,Jamais,Élevé
986,ETU0986,cgomis0986@yahoo.fr,Gomis,Carlos,M,2005-06-21,Élevé,6,2022,Bertoua,Célibataire,0,Faible,Extraverti,Passable,C,0,Régulièrement,Faible
987,ETU0987,nathaliet0987@yahoo.fr,Thomas,Nathalie,F,2000-09-28,Faible,5,2022,Yaoundé,En couple,0,Élevée,Extraverti,Assez Bien,C,1,Rarement,Moyen
988,ETU0988,lmichel0988@outlook.com,Michel,Louis,M,2002-10-17,Moyen,5,2022,Garoua,Célibataire,0,Faible,Ambiverti,Bien,G,0,Régulièrement,Élevé
989,ETU0989,blaise.thomas0989@gmail.com,Thomas,Blaise,M,1999-02-25,Moyen,5,2020,Garoua,Célibataire,0,Moyenne,Ambiverti,Très Bien,D,0,Régulièrement,Moyen
990,ETU0990,zachariet0990@outlook.com,Toure,Zacharie,M,2005-08-01,Élevé,2,2021,Ngaoundéré,Célibataire,0,Faible,Ambiverti,Très Bien,C,0,Intensivement,Élevé
991,ETU0991,williamr0991@hotmail.fr,Rodrigues,William,M,2000-01-09,Faible,3,2021,Maroua,Célibataire,1,Faible,Ambiverti,Assez Bien,A,0,Régulièrement,Faible
992,ETU0992,lnguema0992@gmail.com,Nguema,Laurent,M,2000-05-12,Élevé,4,2020,Bertoua,Marié(e),0,Élevée,Consciencieux,Très Bien,F,0,Régulièrement,Moyen
993,ETU0993,hmartin0993@gmail.com,Martin,Hervé,M,2002-10-14,Faible,3,2022,Yaoundé,Célibataire,0,Élevée,Introverti,Passable,A,0,Régulièrement,Moyen
994,ETU0994,marc.umba0994@gmail.com,Umba,Marc,M,2004-09-14,Faible,7,2021,Garoua,Célibataire,0,Faible,Consciencieux,Bien,C,0,Parfois,Faible
995,ETU0995,cmvondo0995@gmail.com,Mvondo,Cécile,F,2000-02-19,Moyen,7,2020,Garoua,Célibataire,0,Moyenne,Consciencieux,Passable,D,0,Parfois,Élevé
996,ETU0996,fmanga0996@gmail.com,Manga,Fatima,F,1998-11-15,Faible,2,2020,Maroua,Célibataire,1,Moyenne,Extraverti,Assez Bien,A,0,Régulièrement,Faible
997,ETU0997,hsimon0997@hotmail.fr,Simon,Hortense,F,1999-10-06,Moyen,2,2023,Bafoussam,Célibataire,1,Moyenne,Anxieux,Passable,F,0,Parfois,Élevé
998,ETU0998,julie.foko0998@outlook.com,Foko,Julie,F,2004-01-05,Moyen,4,2022,Ngaoundéré,Célibataire,1,Élevée,Anxieux,Bien,A,0,Intensivement,Élevé
999,ETU0999,nicolas.biyong0999@gmail.com,Biyong,Nicolas,M,2000-07-21,Moyen,6,2020,Bamenda,Divorcé(e),0,Moyenne,Anxieux,Assez Bien,G,0,Rarement,Faible
1000,ETU1000,hortensem1000@orange.cm,Martin,Hortense,F,1998-03-04,Faible,2,2022,Ngaoundéré,Célibataire,1,Moyenne,Consciencieux,Passable,D,0,Régulièrement,Élevé
1001,ETU1001,gisle.moreau1001@gmail.com,Moreau,Gisèle,F,2004-09-22,Moyen,4,2023,Douala,Célibataire,0,Élevée,Anxieux,Passable,D,1,Régulièrement,Élevé
1002,ETU1002,fabricet1002@yahoo.fr,Toure,Fabrice,M,2000-02-14,Moyen,1,2023,Bamenda,En couple,0,Élevée,Introverti,Bien,F,0,Intensivement,Moyen
1003,ETU1003,rodriguel1003@gmail.com,Leroy,Rodrigue,M,2002-09-14,Faible,1,2021,Bertoua,Célibataire,0,Élevée,Consciencieux,Passable,C,0,Parfois,Faible
1004,ETU1004,alainy1004@gmail.com,Yanga,Alain,M,2003-01-07,Moyen,1,2020,Douala,Célibataire,0,Moyenne,Ambiverti,Passable,D,0,Parfois,Moyen
1005,ETU1005,quentinh1005@yahoo.fr,Haidara,Quentin,M,2004-01-01,Moyen,2,2023,Bertoua,Célibataire,0,Moyenne,Consciencieux,Passable,D,0,Régulièrement,Élevé
1006,ETU1006,yatangana1006@yahoo.fr,Atangana,Yann,M,2003-05-18,Élevé,2,2023,Douala,Célibataire,0,Moyenne,Extraverti,Passable,D,0,Rarement,Élevé
1007,ETU1007,cfoko1007@outlook.com,Foko,Christophe,M,1999-09-03,Moyen,10,2022,Bamenda,Célibataire,1,Moyenne,Introverti,Très Bien,C,0,Régulièrement,Faible
1008,ETU1008,ulrichd1008@gmail.com,Donfack,Ulrich,M,2001-05-14,Moyen,8,2022,Bafoussam,Célibataire,0,Moyenne,Introverti,Assez Bien,D,0,Parfois,Moyen
1009,ETU1009,emmanuellam1009@ymail.com,Mvondo,Emmanuella,F,1998-03-23,Moyen,2,2021,Douala,Célibataire,0,Moyenne,Extraverti,Très Bien,C,1,Parfois,Élevé
1010,ETU1010,reine.abomo1010@yahoo.fr,Abomo,Reine,F,2003-03-15,Faible,6,2021,Bamenda,Célibataire,1,Élevée,Anxieux,Très Bien,A,0,Rarement,Faible
1011,ETU1011,jhaidara1011@yahoo.fr,Haidara,Jacques,M,2004-02-21,Faible,6,2022,Douala,Célibataire,0,Moyenne,Introverti,Passable,A,0,Régulièrement,Faible
1012,ETU1012,jacques.penda1012@orange.cm,Penda,Jacques,M,2000-08-03,Faible,3,2021,Yaoundé,Marié(e),2,Moyenne,Consciencieux,Assez Bien,A,1,Intensivement,Faible
1013,ETU1013,danielle.thomas1013@gmail.com,Thomas,Danielle,F,2003-04-27,Moyen,5,2022,Yaoundé,En couple,0,Élevée,Consciencieux,Passable,A,0,Parfois,Élevé
1014,ETU1014,pascal.foko1014@yahoo.fr,Foko,Pascal,M,2003-04-01,Moyen,4,2022,Bafoussam,Célibataire,0,Moyenne,Introverti,Très Bien,A,0,Parfois,Moyen
1015,ETU1015,florel1015@ymail.com,Lobe,Flore,F,2004-08-01,Moyen,7,2023,Bertoua,Marié(e),2,Élevée,Extraverti,Bien,C,1,Intensivement,Élevé
1016,ETU1016,atoure1016@yahoo.fr,Toure,Adèle,F,2005-08-27,Faible,3,2020,Bamenda,Divorcé(e),3,Faible,Introverti,Très Bien,G,0,Parfois,Moyen
1017,ETU1017,nathalie.umba1017@ymail.com,Umba,Nathalie,F,1998-05-24,Moyen,7,2021,Ngaoundéré,Célibataire,0,Faible,Introverti,Assez Bien,C,0,Régulièrement,Moyen
1018,ETU1018,thrsee1018@outlook.com,Essama,Thérèse,F,1999-02-04,Moyen,10,2023,Bafoussam,Célibataire,0,Moyenne,Consciencieux,Assez Bien,A,0,Régulièrement,Moyen
1019,ETU1019,henri.lefebvre1019@yahoo.fr,Lefebvre,Henri,M,2002-10-26,Moyen,1,2023,Douala,Célibataire,0,Moyenne,Consciencieux,Passable,A,0,Rarement,Élevé
1020,ETU1020,patrick.bello1020@gmail.com,Bello,Patrick,M,1999-12-13,Faible,10,2023,Douala,Célibataire,0,Moyenne,Consciencieux,Bien,G,0,Rarement,Élevé
1021,ETU1021,mndzana1021@gmail.com,Ndzana,Marguerite,F,1998-02-03,Élevé,1,2020,Douala,En couple,0,Élevée,Introverti,Bien,D,0,Parfois,Élevé
1022,ETU1022,julied1022@gmail.com,Donfack,Julie,F,2003-11-23,Moyen,1,2022,Bamenda,Célibataire,0,Moyenne,Anxieux,Assez Bien,D,0,Intensivement,Élevé
1023,ETU1023,vincent.lefebvre1023@yahoo.fr,Lefebvre,Vincent,M,2000-12-04,Faible,3,2023,Douala,Célibataire,0,Moyenne,Ambiverti,Assez Bien,A,0,Régulièrement,Faible
1024,ETU1024,jissa1024@gmail.com,Issa,Julie,F,2001-11-20,Élevé,10,2023,Bafoussam,Célibataire,0,Élevée,Anxieux,Assez Bien,G,0,Régulièrement,Élevé
1025,ETU1025,margueritea1025@gmail.com,Atangana,Marguerite,F,2003-06-15,Élevé,9,2020,Yaoundé,Célibataire,3,Moyenne,Introverti,Passable,G,0,Intensivement,Élevé
1026,ETU1026,rosalie.etoundi1026@outlook.com,Etoundi,Rosalie,F,2004-09-12,Élevé,5,2023,Bafoussam,Célibataire,3,Moyenne,Anxieux,Bien,A,0,Régulièrement,Moyen
1027,ETU1027,ulrich.diallo1027@gmail.com,Diallo,Ulrich,M,1999-07-10,Élevé,7,2020,Douala,Marié(e),0,Moyenne,Consciencieux,Très Bien,F,0,Régulièrement,Élevé
1028,ETU1028,lissa1028@gmail.com,Issa,Laurent,M,2002-09-28,Faible,2,2021,Douala,Célibataire,0,Élevée,Extraverti,Assez Bien,G,0,Régulièrement,Faible
1029,ETU1029,gisle.mvondo1029@outlook.com,Mvondo,Gisèle,F,2003-12-18,Élevé,5,2023,Maroua,Célibataire,0,Moyenne,Introverti,Assez Bien,C,0,Intensivement,Moyen
1030,ETU1030,ccile.rodrigues1030@hotmail.fr,Rodrigues,Cécile,F,2000-08-17,Élevé,10,2023,Bertoua,Célibataire,0,Moyenne,Extraverti,Assez Bien,D,0,Parfois,Moyen
1031,ETU1031,gissa1031@gmail.com,Issa,Grace,F,2001-10-12,Moyen,8,2020,Maroua,Célibataire,0,Faible,Introverti,Assez Bien,G,0,Intensivement,Moyen
1032,ETU1032,zfeudjio1032@gmail.com,Feudjio,Zahra,F,2002-07-25,Moyen,3,2020,Garoua,Célibataire,0,Faible,Ambiverti,Passable,D,0,Parfois,Moyen
1033,ETU1033,flore.mvondo1033@yahoo.fr,Mvondo,Flore,F,1998-04-04,Moyen,5,2021,Bafoussam,Célibataire,0,Élevée,Introverti,Passable,C,0,Parfois,Élevé
1034,ETU1034,reinef1034@gmail.com,Feudjio,Reine,F,2004-11-17,Moyen,3,2023,Douala,Marié(e),0,Élevée,Introverti,Assez Bien,D,0,Intensivement,Moyen
1035,ETU1035,vincentn1035@gmail.com,Nguema,Vincent,M,2004-08-14,Moyen,6,2021,Ngaoundéré,En couple,0,Moyenne,Anxieux,Assez Bien,A,0,Régulièrement,Élevé
1036,ETU1036,louisd1036@outlook.com,Diallo,Louis,M,2003-06-25,Faible,1,2022,Ngaoundéré,Marié(e),0,Moyenne,Anxieux,Bien,D,0,Régulièrement,Moyen
1037,ETU1037,avidal1037@gmail.com,Vidal,Alice,F,2001-11-21,Moyen,7,2023,Maroua,Célibataire,1,Moyenne,Introverti,Assez Bien,C,0,Intensivement,Moyen
1038,ETU1038,louisr1038@gmail.com,Richard,Louis,M,2001-07-24,Élevé,8,2021,Douala,En couple,0,Moyenne,Ambiverti,Passable,A,0,Intensivement,Élevé
1039,ETU1039,gthomas1039@gmail.com,Thomas,Grace,F,2000-01-25,Faible,10,2022,Bafoussam,Célibataire,0,Élevée,Introverti,Assez Bien,A,0,Parfois,Faible
1040,ETU1040,blobe1040@gmail.com,Lobe,Bruno,M,2004-10-26,Moyen,2,2022,Douala,Marié(e),1,Moyenne,Anxieux,Passable,D,0,Régulièrement,Moyen
1041,ETU1041,marie.petit1041@yahoo.fr,Petit,Marie,F,1998-06-22,Faible,1,2022,Maroua,Célibataire,1,Faible,Introverti,Passable,F,0,Régulièrement,Faible
1042,ETU1042,dpenda1042@outlook.com,Penda,Danielle,F,1998-09-08,Élevé,1,2023,Garoua,Célibataire,0,Moyenne,Consciencieux,Assez Bien,D,0,Parfois,Élevé
1043,ETU1043,didier.abomo1043@hotmail.fr,Abomo,Didier,M,2000-08-06,Moyen,2,2021,Bertoua,Célibataire,1,Élevée,Consciencieux,Bien,C,0,Parfois,Élevé
1044,ETU1044,emmanuellaw1044@orange.cm,Wamba,Emmanuella,F,2000-08-28,Faible,5,2022,Ngaoundéré,En couple,0,Moyenne,Consciencieux,Assez Bien,C,0,Parfois,Faible
1045,ETU1045,zahra.donfack1045@yahoo.fr,Donfack,Zahra,F,2004-01-06,Faible,1,2020,Maroua,Marié(e),0,Moyenne,Introverti,Bien,F,0,Rarement,Élevé
1046,ETU1046,michel.okafor1046@gmail.com,Okafor,Michel,M,2000-03-12,Élevé,4,2021,Garoua,En couple,0,Moyenne,Ambiverti,Passable,C,0,Parfois,Moyen
1047,ETU1047,thrse.wamba1047@outlook.com,Wamba,Thérèse,F,1998-04-28,Moyen,9,2022,Yaoundé,Marié(e),0,Moyenne,Introverti,Passable,G,0,Régulièrement,Moyen
1048,ETU1048,nollet1048@gmail.com,Tchamba,Noëlle,F,2001-02-05,Élevé,5,2022,Garoua,Célibataire,2,Moyenne,Introverti,Bien,C,0,Intensivement,Élevé
1049,ETU1049,blandine.manga1049@gmail.com,Manga,Blandine,F,1999-08-15,Moyen,6,2022,Bafoussam,Célibataire,3,Moyenne,Introverti,Bien,D,0,Régulièrement,Élevé
1050,ETU1050,zacharie.petit1050@outlook.com,Petit,Zacharie,M,1999-12-08,Faible,6,2021,Bafoussam,Marié(e),0,Élevée,Introverti,Passable,C,0,Régulièrement,Moyen
1051,ETU1051,pascal.thomas1051@yahoo.fr,Thomas,Pascal,M,1999-08-26,Moyen,1,2020,Garoua,Célibataire,0,Moyenne,Extraverti,Très Bien,C,0,Intensivement,Faible
1052,ETU1052,yvonne.atangana1052@yahoo.fr,Atangana,Yvonne,F,2003-02-09,Faible,3,2020,Bafoussam,Célibataire,0,Faible,Ambiverti,Passable,G,0,Régulièrement,Moyen
1053,ETU1053,mtchamba1053@outlook.com,Tchamba,Madeleine,F,2002-03-05,Élevé,9,2021,Bertoua,Marié(e),0,Élevée,Consciencieux,Bien,D,0,Régulièrement,Moyen
1054,ETU1054,carole.thomas1054@hotmail.fr,Thomas,Carole,F,2005-11-13,Élevé,4,2021,Maroua,Célibataire,0,Élevée,Ambiverti,Assez Bien,A,0,Intensivement,Élevé
1055,ETU1055,sophied1055@hotmail.fr,Diallo,Sophie,F,2003-11-17,Moyen,6,2021,Bertoua,Célibataire,1,Faible,Extraverti,Bien,D,0,Régulièrement,Moyen
1056,ETU1056,clmentd1056@gmail.com,Dubois,Clément,M,2000-06-10,Élevé,6,2022,Ngaoundéré,Célibataire,1,Moyenne,Consciencieux,Passable,G,1,Régulièrement,Moyen
1057,ETU1057,thomas.petit1057@yahoo.fr,Petit,Thomas,M,2000-09-14,Faible,5,2021,Ngaoundéré,Célibataire,0,Élevée,Introverti,Passable,F,1,Rarement,Moyen
1058,ETU1058,konana1058@ymail.com,Onana,Karine,F,2005-01-05,Moyen,1,2022,Douala,Célibataire,0,Élevée,Consciencieux,Assez Bien,D,0,Rarement,Moyen
1059,ETU1059,hdonfack1059@gmail.com,Donfack,Hervé,M,1999-10-08,Faible,4,2021,Bertoua,Célibataire,0,Élevée,Ambiverti,Très Bien,C,0,Jamais,Moyen
1060,ETU1060,fcamara1060@yahoo.fr,Camara,Flore,F,2003-07-09,Moyen,7,2020,Maroua,Célibataire,0,Élevée,Introverti,Passable,D,0,Parfois,Faible
1061,ETU1061,fatima.petit1061@orange.cm,Petit,Fatima,F,2004-11-05,Élevé,2,2021,Douala,Marié(e),0,Élevée,Anxieux,Assez Bien,G,0,Parfois,Élevé
1062,ETU1062,ysamba1062@yahoo.fr,Samba,Yvonne,F,2002-02-24,Faible,3,2023,Yaoundé,Célibataire,0,Moyenne,Extraverti,Assez Bien,F,1,Parfois,Élevé
1063,ETU1063,danielle.mbouck1063@gmail.com,Mbouck,Danielle,F,1999-08-11,Élevé,2,2023,Maroua,Marié(e),0,Élevée,Introverti,Assez Bien,C,0,Régulièrement,Moyen
1064,ETU1064,sophiee1064@outlook.com,Ebene,Sophie,F,2005-03-08,Faible,7,2022,Ngaoundéré,Célibataire,0,Élevée,Consciencieux,Assez Bien,G,1,Parfois,Moyen
1065,ETU1065,amoreau1065@outlook.com,Moreau,André,M,1998-05-23,Moyen,4,2023,Maroua,Célibataire,0,Faible,Consciencieux,Très Bien,D,0,Jamais,Élevé
1066,ETU1066,franois.dupont1066@hotmail.fr,Dupont,François,M,2002-04-11,Moyen,10,2020,Maroua,En couple,0,Moyenne,Consciencieux,Assez Bien,C,0,Parfois,Moyen
1067,ETU1067,dmichel1067@gmail.com,Michel,Didier,M,2002-05-07,Moyen,7,2023,Ngaoundéré,Célibataire,1,Élevée,Consciencieux,Assez Bien,D,0,Intensivement,Élevé
1068,ETU1068,xavier.etoundi1068@ymail.com,Etoundi,Xavier,M,2002-12-03,Moyen,9,2020,Ngaoundéré,Célibataire,0,Moyenne,Ambiverti,Passable,G,1,Intensivement,Moyen
1069,ETU1069,samuel.penda1069@hotmail.fr,Penda,Samuel,M,2003-07-25,Élevé,1,2022,Ngaoundéré,Célibataire,0,Élevée,Introverti,Très Bien,D,0,Régulièrement,Faible
1070,ETU1070,mtchio1070@yahoo.fr,Tchio,Madeleine,F,1999-09-05,Faible,3,2023,Bamenda,Célibataire,0,Élevée,Introverti,Bien,D,0,Parfois,Moyen
1071,ETU1071,yann.richard1071@orange.cm,Richard,Yann,M,2001-10-14,Faible,3,2023,Bertoua,Célibataire,0,Moyenne,Consciencieux,Très Bien,C,1,Rarement,Moyen
1072,ETU1072,qessama1072@gmail.com,Essama,Quentin,M,2004-12-25,Faible,7,2023,Bafoussam,Célibataire,1,Faible,Ambiverti,Bien,D,0,Régulièrement,Élevé
1073,ETU1073,dsir.bouchard1073@orange.cm,Bouchard,Désiré,M,2000-08-04,Moyen,7,2022,Ngaoundéré,En couple,0,Élevée,Extraverti,Passable,D,0,Parfois,Moyen
1074,ETU1074,karine.bello1074@outlook.com,Bello,Karine,F,2001-12-23,Moyen,4,2020,Yaoundé,En couple,0,Élevée,Extraverti,Très Bien,D,1,Parfois,Moyen
1075,ETU1075,rlobe1075@gmail.com,Lobe,Rosalie,F,1999-10-11,Élevé,8,2021,Yaoundé,En couple,0,Élevée,Introverti,Très Bien,C,0,Régulièrement,Élevé
1076,ETU1076,tienne.biyong1076@yahoo.fr,Biyong,Étienne,M,1999-08-24,Moyen,7,2023,Yaoundé,Célibataire,0,Moyenne,Consciencieux,Assez Bien,D,0,Parfois,Moyen
1077,ETU1077,yann.essama1077@gmail.com,Essama,Yann,M,2002-10-24,Moyen,9,2020,Garoua,Célibataire,0,Élevée,Anxieux,Passable,A,0,Régulièrement,Faible
1078,ETU1078,gabriel.nkeng1078@gmail.com,Nkeng,Gabriel,M,1998-09-21,Élevé,2,2023,Yaoundé,Célibataire,0,Élevée,Consciencieux,Assez Bien,C,0,Régulièrement,Moyen
1079,ETU1079,djourdain1079@gmail.com,Jourdain,Didier,M,2003-10-06,Moyen,8,2022,Ngaoundéré,En couple,0,Moyenne,Ambiverti,Assez Bien,A,0,Parfois,Élevé
1080,ETU1080,alainm1080@yahoo.fr,Moreau,Alain,M,1998-09-05,Élevé,4,2020,Bafoussam,Célibataire,0,Élevée,Ambiverti,Très Bien,C,0,Parfois,Moyen
1081,ETU1081,wandal1081@gmail.com,Lefebvre,Wanda,F,2005-01-03,Faible,5,2021,Maroua,Célibataire,0,Élevée,Introverti,Assez Bien,D,0,Rarement,Faible
1082,ETU1082,bndzana1082@gmail.com,Ndzana,Blandine,F,1998-04-20,Moyen,8,2020,Douala,Célibataire,1,Moyenne,Extraverti,Bien,G,0,Parfois,Moyen
1083,ETU1083,zahraf1083@hotmail.fr,Feudjio,Zahra,F,2002-11-01,Élevé,7,2022,Bafoussam,Célibataire,2,Élevée,Extraverti,Très Bien,D,0,Parfois,Moyen
1084,ETU1084,ibrahim.okafor1084@gmail.com,Okafor,Ibrahim,M,2004-01-13,Moyen,8,2023,Maroua,Marié(e),0,Faible,Introverti,Assez Bien,D,0,Régulièrement,Élevé
1085,ETU1085,nlefebvre1085@gmail.com,Lefebvre,Nathan,M,2004-03-06,Élevé,10,2021,Bafoussam,Célibataire,0,Moyenne,Ambiverti,Très Bien,D,0,Intensivement,Moyen
1086,ETU1086,nvidal1086@yahoo.fr,Vidal,Nicolas,M,2005-07-18,Moyen,8,2023,Garoua,Marié(e),1,Élevée,Anxieux,Assez Bien,C,0,Parfois,Faible
1087,ETU1087,ulrich.manga1087@gmail.com,Manga,Ulrich,M,2001-10-03,Faible,3,2023,Douala,Célibataire,0,Élevée,Consciencieux,Passable,F,0,Rarement,Élevé
1088,ETU1088,emmanuella.etoundi1088@gmail.com,Etoundi,Emmanuella,F,2001-01-28,Faible,10,2020,Ngaoundéré,Célibataire,0,Faible,Ambiverti,Assez Bien,C,0,Parfois,Élevé
1089,ETU1089,fmartin1089@ymail.com,Martin,Flore,F,2002-03-24,Moyen,3,2022,Ngaoundéré,Célibataire,2,Moyenne,Anxieux,Passable,D,0,Régulièrement,Élevé
1090,ETU1090,prodrigues1090@yahoo.fr,Rodrigues,Pascal,M,2004-03-19,Élevé,9,2020,Ngaoundéré,Célibataire,0,Élevée,Extraverti,Passable,D,0,Parfois,Élevé
1091,ETU1091,gislej1091@gmail.com,Jourdain,Gisèle,F,2002-01-10,Faible,5,2023,Bertoua,Célibataire,0,Faible,Ambiverti,Passable,C,0,Rarement,Faible
1092,ETU1092,blaisek1092@outlook.com,Kamga,Blaise,M,1999-08-12,Faible,7,2020,Garoua,En couple,0,Faible,Ambiverti,Bien,G,0,Jamais,Moyen
1093,ETU1093,dcamara1093@gmail.com,Camara,Didier,M,2001-05-24,Faible,5,2022,Bamenda,Célibataire,1,Faible,Consciencieux,Bien,D,1,Parfois,Moyen
1094,ETU1094,alaina1094@outlook.com,Abomo,Alain,M,2005-07-11,Faible,10,2020,Bamenda,Célibataire,0,Faible,Anxieux,Assez Bien,G,0,Intensivement,Moyen
1095,ETU1095,ryanga1095@yahoo.fr,Yanga,Rodrigue,M,2004-04-09,Faible,2,2022,Bamenda,Célibataire,1,Faible,Ambiverti,Bien,G,0,Régulièrement,Élevé
1096,ETU1096,nathan.etoundi1096@gmail.com,Etoundi,Nathan,M,1999-07-02,Moyen,8,2020,Garoua,Célibataire,3,Moyenne,Anxieux,Bien,D,0,Intensivement,Moyen
1097,ETU1097,louisf1097@outlook.com,Foko,Louis,M,1998-11-07,Moyen,7,2021,Bertoua,Célibataire,3,Élevée,Consciencieux,Assez Bien,G,0,Parfois,Élevé
1098,ETU1098,jdupont1098@gmail.com,Dupont,Jean,M,2003-03-20,Moyen,2,2023,Maroua,Célibataire,0,Élevée,Anxieux,Passable,C,0,Parfois,Faible
1099,ETU1099,batrice.michel1099@orange.cm,Michel,Béatrice,F,1998-07-16,Faible,10,2023,Maroua,En couple,1,Moyenne,Ambiverti,Bien,A,0,Jamais,Faible
1100,ETU1100,ffoko1100@gmail.com,Foko,François,M,2001-11-28,Élevé,7,2023,Yaoundé,Célibataire,0,Élevée,Consciencieux,Assez Bien,C,0,Régulièrement,Moyen
1101,ETU1101,fmbouck1101@outlook.com,Mbouck,Françoise,F,2000-03-01,Moyen,10,2023,Bafoussam,Célibataire,0,Moyenne,Anxieux,Bien,C,0,Parfois,Élevé
1102,ETU1102,franoisp1102@outlook.com,Petit,François,M,1999-05-13,Moyen,10,2022,Ngaoundéré,Célibataire,0,Moyenne,Consciencieux,Assez Bien,C,0,Intensivement,Élevé
1103,ETU1103,xokafor1103@gmail.com,Okafor,Xavier,M,1998-03-24,Moyen,9,2022,Yaoundé,Célibataire,1,Moyenne,Extraverti,Assez Bien,C,0,Régulièrement,Moyen
1104,ETU1104,bpenda1104@yahoo.fr,Penda,Blandine,F,2004-01-12,Faible,9,2020,Garoua,Célibataire,3,Faible,Introverti,Assez Bien,A,0,Jamais,Moyen
1105,ETU1105,jzobel1105@outlook.com,Zobel,Jean,M,2000-01-20,Faible,3,2021,Ngaoundéré,En couple,2,Élevée,Introverti,Bien,C,0,Parfois,Moyen
1106,ETU1106,ibrahimr1106@orange.cm,Robert,Ibrahim,M,2003-08-10,Moyen,5,2022,Yaoundé,Marié(e),0,Élevée,Introverti,Passable,D,0,Jamais,Élevé
1107,ETU1107,fmoreau1107@hotmail.fr,Moreau,Florent,M,2004-06-21,Moyen,4,2022,Bamenda,Célibataire,0,Élevée,Ambiverti,Assez Bien,G,0,Parfois,Élevé
1108,ETU1108,amina.atangana1108@yahoo.fr,Atangana,Amina,F,2001-07-04,Élevé,3,2022,Douala,Célibataire,0,Élevée,Consciencieux,Bien,C,0,Régulièrement,Élevé
1109,ETU1109,irnez1109@yahoo.fr,Zobel,Irène,F,1998-02-12,Élevé,1,2020,Bafoussam,Célibataire,0,Élevée,Extraverti,Assez Bien,G,0,Intensivement,Moyen
1110,ETU1110,uebene1110@gmail.com,Ebene,Ursula,F,2001-04-19,Moyen,8,2022,Bertoua,Divorcé(e),0,Élevée,Introverti,Assez Bien,A,0,Régulièrement,Élevé
1111,ETU1111,laurentt1111@yahoo.fr,Tchamba,Laurent,M,1999-11-17,Moyen,9,2023,Bertoua,Célibataire,0,Élevée,Extraverti,Assez Bien,C,0,Régulièrement,Élevé
1112,ETU1112,christelle.etoundi1112@gmail.com,Etoundi,Christelle,F,2005-07-18,Élevé,6,2023,Douala,Célibataire,1,Élevée,Consciencieux,Bien,G,0,Intensivement,Moyen
1113,ETU1113,kevinb1113@outlook.com,Bello,Kevin,M,2003-07-16,Faible,4,2021,Bafoussam,Célibataire,0,Moyenne,Ambiverti,Bien,C,0,Rarement,Moyen
1114,ETU1114,patriciad1114@yahoo.fr,Donfack,Patricia,F,2000-07-26,Élevé,8,2023,Bafoussam,Célibataire,0,Élevée,Extraverti,Assez Bien,F,0,Parfois,Élevé
1115,ETU1115,ibrahim.penda1115@yahoo.fr,Penda,Ibrahim,M,2000-01-19,Faible,1,2020,Yaoundé,Célibataire,0,Faible,Ambiverti,Assez Bien,C,0,Régulièrement,Faible
1116,ETU1116,wanda.ndzana1116@hotmail.fr,Ndzana,Wanda,F,2003-02-11,Élevé,6,2021,Ngaoundéré,Marié(e),0,Élevée,Introverti,Assez Bien,D,0,Régulièrement,Moyen
1117,ETU1117,pnguema1117@yahoo.fr,Nguema,Patricia,F,2000-03-25,Moyen,3,2021,Bertoua,Marié(e),0,Moyenne,Extraverti,Passable,G,0,Parfois,Élevé
1118,ETU1118,catangana1118@gmail.com,Atangana,Christophe,M,2001-09-12,Faible,7,2020,Yaoundé,Célibataire,1,Faible,Extraverti,Assez Bien,D,1,Parfois,Élevé
1119,ETU1119,fsamba1119@yahoo.fr,Samba,Fabrice,M,1998-11-21,Élevé,8,2022,Garoua,Célibataire,0,Élevée,Consciencieux,Assez Bien,A,0,Parfois,Élevé
1120,ETU1120,christellem1120@gmail.com,Medjo,Christelle,F,2004-05-14,Moyen,5,2023,Maroua,Célibataire,0,Moyenne,Ambiverti,Passable,F,0,Régulièrement,Élevé
1121,ETU1121,qgarcia1121@gmail.com,Garcia,Quentin,M,2004-01-19,Moyen,6,2022,Maroua,Célibataire,0,Moyenne,Introverti,Passable,G,0,Régulièrement,Moyen
1122,ETU1122,grace.issa1122@outlook.com,Issa,Grace,F,1999-03-23,Moyen,9,2020,Bafoussam,Célibataire,0,Moyenne,Consciencieux,Très Bien,C,1,Parfois,Élevé
1123,ETU1123,mndzana1123@gmail.com,Ndzana,Marc,M,2002-08-10,Faible,3,2022,Bertoua,Marié(e),0,Moyenne,Ambiverti,Passable,D,0,Régulièrement,Faible
1124,ETU1124,vincent.etoundi1124@orange.cm,Etoundi,Vincent,M,2002-02-13,Moyen,7,2020,Ngaoundéré,Célibataire,3,Moyenne,Anxieux,Assez Bien,D,0,Parfois,Élevé
1125,ETU1125,dsirv1125@gmail.com,Vidal,Désiré,M,2004-11-15,Moyen,10,2023,Bafoussam,En couple,0,Moyenne,Ambiverti,Bien,G,0,Intensivement,Moyen
1126,ETU1126,fatimam1126@ymail.com,Martin,Fatima,F,2004-03-01,Faible,6,2022,Bertoua,Célibataire,0,Moyenne,Consciencieux,Très Bien,C,0,Parfois,Moyen
1127,ETU1127,globe1127@gmail.com,Lobe,Grace,F,2002-08-14,Faible,1,2020,Bamenda,Célibataire,0,Faible,Extraverti,Assez Bien,D,1,Régulièrement,Moyen
1128,ETU1128,jean.lobe1128@ymail.com,Lobe,Jean,M,2002-05-09,Faible,9,2023,Bertoua,Célibataire,1,Faible,Consciencieux,Passable,D,0,Régulièrement,Élevé
1129,ETU1129,gebene1129@hotmail.fr,Ebene,Gérard,M,2005-01-08,Moyen,1,2022,Garoua,En couple,0,Faible,Consciencieux,Assez Bien,A,1,Parfois,Élevé
1130,ETU1130,nfeudjio1130@yahoo.fr,Feudjio,Nathan,M,2002-12-03,Faible,10,2020,Bamenda,Célibataire,0,Moyenne,Consciencieux,Assez Bien,D,0,Régulièrement,Élevé
1131,ETU1131,jacques.samba1131@gmail.com,Samba,Jacques,M,1999-04-12,Moyen,5,2020,Garoua,Divorcé(e),0,Moyenne,Extraverti,Bien,G,0,Parfois,Élevé
1132,ETU1132,jbello1132@gmail.com,Bello,Joséphine,F,2003-10-27,Moyen,9,2020,Bafoussam,En couple,2,Faible,Extraverti,Passable,A,0,Régulièrement,Élevé
1133,ETU1133,jolles1133@gmail.com,Samba,Joëlle,F,1998-08-07,Élevé,3,2020,Ngaoundéré,Marié(e),0,Élevée,Extraverti,Assez Bien,D,0,Régulièrement,Élevé
1134,ETU1134,josphinel1134@outlook.com,Lefebvre,Joséphine,F,2000-04-01,Moyen,3,2022,Ngaoundéré,Célibataire,0,Élevée,Anxieux,Bien,C,0,Régulièrement,Faible
1135,ETU1135,hessama1135@gmail.com,Essama,Hervé,M,2003-12-18,Moyen,10,2022,Garoua,Célibataire,0,Élevée,Consciencieux,Assez Bien,A,0,Parfois,Faible
1136,ETU1136,xfoko1136@hotmail.fr,Foko,Xavier,M,1999-08-18,Moyen,5,2021,Bafoussam,Marié(e),0,Élevée,Ambiverti,Assez Bien,D,0,Régulièrement,Élevé
1137,ETU1137,blaise.richard1137@orange.cm,Richard,Blaise,M,1999-08-20,Moyen,10,2020,Bertoua,Célibataire,1,Moyenne,Anxieux,Assez Bien,A,0,Régulièrement,Élevé
1138,ETU1138,cmoreau1138@yahoo.fr,Moreau,Clément,M,2002-08-15,Moyen,5,2020,Bertoua,Célibataire,0,Moyenne,Introverti,Passable,D,0,Parfois,Élevé
1139,ETU1139,dmichel1139@yahoo.fr,Michel,Didier,M,1999-06-19,Faible,8,2020,Ngaoundéré,Célibataire,0,Moyenne,Ambiverti,Bien,D,0,Intensivement,Élevé
1140,ETU1140,hbello1140@gmail.com,Bello,Henri,M,2000-01-22,Moyen,2,2021,Douala,Célibataire,0,Moyenne,Anxieux,Très Bien,G,0,Rarement,Moyen
1141,ETU1141,laurent.essama1141@hotmail.fr,Essama,Laurent,M,2004-11-26,Moyen,9,2021,Bafoussam,Célibataire,0,Moyenne,Ambiverti,Très Bien,C,0,Parfois,Élevé
1142,ETU1142,ericf1142@gmail.com,Feudjio,Eric,M,2000-10-18,Faible,9,2021,Bamenda,Célibataire,0,Moyenne,Extraverti,Assez Bien,C,0,Intensivement,Élevé
1143,ETU1143,irnem1143@gmail.com,Mbarga,Irène,F,2004-09-26,Moyen,4,2021,Bamenda,Célibataire,1,Moyenne,Introverti,Assez Bien,D,0,Régulièrement,Élevé
1144,ETU1144,christellec1144@yahoo.fr,Camara,Christelle,F,2003-08-22,Élevé,6,2021,Garoua,Célibataire,0,Élevée,Anxieux,Très Bien,C,0,Régulièrement,Élevé
1145,ETU1145,emmanuelu1145@ymail.com,Umba,Emmanuel,M,1999-05-16,Élevé,2,2021,Douala,En couple,1,Élevée,Consciencieux,Passable,D,0,Intensivement,Moyen
1146,ETU1146,mnkeng1146@gmail.com,Nkeng,Michel,M,2005-08-20,Moyen,1,2021,Garoua,Célibataire,0,Élevée,Anxieux,Assez Bien,D,0,Régulièrement,Élevé
1147,ETU1147,dumba1147@yahoo.fr,Umba,Danielle,F,1998-02-14,Faible,3,2022,Bafoussam,Marié(e),0,Moyenne,Consciencieux,Passable,D,0,Rarement,Moyen
1148,ETU1148,ocane.gomis1148@yahoo.fr,Gomis,Océane,F,2004-09-25,Moyen,1,2021,Bamenda,Célibataire,0,Moyenne,Extraverti,Bien,C,0,Parfois,Élevé
1149,ETU1149,jacques.yanga1149@ymail.com,Yanga,Jacques,M,2002-09-08,Moyen,7,2020,Maroua,Célibataire,0,Moyenne,Extraverti,Bien,D,0,Régulièrement,Élevé
1150,ETU1150,armand.simon1150@gmail.com,Simon,Armand,M,2002-12-20,Faible,2,2023,Douala,Célibataire,2,Élevée,Anxieux,Passable,D,0,Régulièrement,Moyen
1151,ETU1151,thomas.onana1151@hotmail.fr,Onana,Thomas,M,2002-11-16,Moyen,1,2022,Garoua,En couple,0,Moyenne,Extraverti,Passable,D,0,Régulièrement,Élevé
1152,ETU1152,bruno.mbouck1152@outlook.com,Mbouck,Bruno,M,2000-07-28,Moyen,1,2023,Yaoundé,Divorcé(e),0,Faible,Anxieux,Assez Bien,D,0,Intensivement,Élevé
1153,ETU1153,ulrich.tchamba1153@outlook.com,Tchamba,Ulrich,M,2004-04-09,Faible,1,2021,Garoua,Divorcé(e),1,Faible,Anxieux,Passable,D,0,Régulièrement,Faible
1154,ETU1154,honoriney1154@gmail.com,Yanga,Honorine,F,1998-02-16,Élevé,10,2020,Ngaoundéré,En couple,0,Moyenne,Ambiverti,Passable,C,0,Intensivement,Moyen
1155,ETU1155,danielle.umba1155@gmail.com,Umba,Danielle,F,2000-07-27,Faible,9,2023,Bafoussam,Marié(e),0,Moyenne,Extraverti,Assez Bien,G,0,Jamais,Moyen
1156,ETU1156,fabrice.biyong1156@yahoo.fr,Biyong,Fabrice,M,2005-07-28,Élevé,2,2022,Garoua,En couple,0,Moyenne,Introverti,Bien,G,0,Intensivement,Élevé
1157,ETU1157,tbiyong1157@yahoo.fr,Biyong,Thérèse,F,2002-09-13,Moyen,3,2021,Maroua,En couple,0,Moyenne,Consciencieux,Passable,C,0,Parfois,Moyen
1158,ETU1158,jyanga1158@yahoo.fr,Yanga,Jean,M,1999-02-09,Moyen,10,2023,Ngaoundéré,Célibataire,0,Moyenne,Ambiverti,Passable,G,1,Parfois,Faible
1159,ETU1159,gracem1159@gmail.com,Michel,Grace,F,2001-01-23,Moyen,6,2020,Ngaoundéré,Marié(e),0,Moyenne,Extraverti,Passable,C,0,Parfois,Moyen
1160,ETU1160,armandg1160@gmail.com,Gomis,Armand,M,1998-08-26,Moyen,9,2023,Yaoundé,Célibataire,0,Moyenne,Consciencieux,Assez Bien,C,0,Régulièrement,Moyen
1161,ETU1161,bertrandn1161@gmail.com,Ndzana,Bertrand,M,2001-04-26,Moyen,6,2022,Bamenda,Marié(e),3,Faible,Consciencieux,Passable,C,0,Parfois,Moyen
1162,ETU1162,dsir.vidal1162@outlook.com,Vidal,Désiré,M,2000-03-10,Moyen,2,2022,Ngaoundéré,Célibataire,0,Moyenne,Anxieux,Passable,A,0,Parfois,Moyen
1163,ETU1163,nmedjo1163@gmail.com,Medjo,Nicolas,M,2000-03-05,Élevé,5,2020,Yaoundé,Célibataire,0,Moyenne,Consciencieux,Passable,D,0,Intensivement,Élevé
1164,ETU1164,hugod1164@gmail.com,Donfack,Hugo,M,2001-05-18,Moyen,4,2020,Ngaoundéré,En couple,0,Faible,Consciencieux,Assez Bien,F,0,Rarement,Faible
1165,ETU1165,wissa1165@yahoo.fr,Issa,Wanda,F,2001-05-06,Moyen,5,2022,Garoua,Célibataire,1,Élevée,Anxieux,Assez Bien,D,0,Rarement,Faible
1166,ETU1166,fnkeng1166@gmail.com,Nkeng,Françoise,F,2005-11-28,Élevé,5,2022,Douala,Divorcé(e),0,Élevée,Consciencieux,Bien,A,0,Régulièrement,Élevé
1167,ETU1167,hdonfack1167@yahoo.fr,Donfack,Honorine,F,2004-03-12,Moyen,9,2020,Bertoua,Célibataire,0,Moyenne,Extraverti,Assez Bien,F,0,Rarement,Moyen
1168,ETU1168,blandinet1168@gmail.com,Thomas,Blandine,F,2003-11-08,Moyen,9,2023,Bafoussam,Marié(e),1,Élevée,Extraverti,Très Bien,D,0,Régulièrement,Moyen
1169,ETU1169,gracew1169@outlook.com,Wamba,Grace,F,2005-02-06,Moyen,7,2021,Ngaoundéré,En couple,0,Élevée,Ambiverti,Passable,D,0,Parfois,Moyen
1170,ETU1170,zmvondo1170@yahoo.fr,Mvondo,Zacharie,M,2000-05-19,Moyen,4,2020,Yaoundé,Célibataire,0,Élevée,Introverti,Assez Bien,A,0,Régulièrement,Moyen
1171,ETU1171,nrichard1171@ymail.com,Richard,Nathalie,F,2000-07-02,Moyen,3,2020,Douala,Célibataire,1,Moyenne,Ambiverti,Assez Bien,D,0,Parfois,Moyen
1172,ETU1172,hugot1172@gmail.com,Toure,Hugo,M,2004-04-19,Moyen,8,2023,Garoua,Célibataire,1,Moyenne,Introverti,Assez Bien,G,0,Rarement,Élevé
1173,ETU1173,didieri1173@yahoo.fr,Issa,Didier,M,2002-01-07,Moyen,10,2022,Yaoundé,Célibataire,0,Faible,Extraverti,Passable,D,0,Régulièrement,Élevé
1174,ETU1174,jmoreau1174@gmail.com,Moreau,Joséphine,F,2001-04-11,Faible,2,2020,Douala,Célibataire,0,Faible,Ambiverti,Bien,A,0,Rarement,Moyen
1175,ETU1175,olivier.okafor1175@outlook.com,Okafor,Olivier,M,2002-05-07,Moyen,7,2023,Douala,Célibataire,0,Élevée,Introverti,Bien,C,0,Parfois,Moyen
1176,ETU1176,honorine.garcia1176@gmail.com,Garcia,Honorine,F,2001-01-03,Élevé,9,2020,Yaoundé,En couple,0,Élevée,Anxieux,Bien,D,0,Régulièrement,Faible
1177,ETU1177,henri.moreau1177@outlook.com,Moreau,Henri,M,2004-07-04,Moyen,9,2020,Maroua,Célibataire,2,Élevée,Anxieux,Passable,A,0,Régulièrement,Élevé
1178,ETU1178,julied1178@yahoo.fr,Diallo,Julie,F,2001-06-07,Faible,1,2023,Douala,Célibataire,1,Faible,Introverti,Très Bien,A,0,Régulièrement,Moyen
1179,ETU1179,hnguema1179@orange.cm,Nguema,Hortense,F,2000-12-04,Moyen,5,2020,Bertoua,Célibataire,0,Élevée,Introverti,Passable,F,0,Régulièrement,Élevé
1180,ETU1180,vissa1180@orange.cm,Issa,Valérie,F,2005-12-03,Moyen,10,2021,Bertoua,Célibataire,2,Élevée,Introverti,Assez Bien,G,0,Parfois,Faible
1181,ETU1181,adle.haidara1181@gmail.com,Haidara,Adèle,F,2004-02-26,Moyen,5,2021,Bafoussam,Célibataire,0,Faible,Consciencieux,Passable,D,0,Parfois,Moyen
1182,ETU1182,lbernard1182@outlook.com,Bernard,Élise,F,2002-06-11,Faible,6,2021,Maroua,Célibataire,1,Moyenne,Ambiverti,Passable,D,0,Régulièrement,Moyen
1183,ETU1183,danielle.martin1183@orange.cm,Martin,Danielle,F,2002-09-19,Élevé,10,2021,Maroua,Célibataire,0,Moyenne,Extraverti,Assez Bien,D,0,Régulièrement,Moyen
1184,ETU1184,louis.petit1184@yahoo.fr,Petit,Louis,M,1999-08-05,Moyen,3,2022,Yaoundé,Célibataire,0,Moyenne,Consciencieux,Assez Bien,D,0,Intensivement,Élevé
1185,ETU1185,irne.essama1185@outlook.com,Essama,Irène,F,2004-03-09,Faible,9,2023,Douala,Célibataire,3,Élevée,Consciencieux,Assez Bien,G,0,Jamais,Moyen
1186,ETU1186,isabellel1186@gmail.com,Leroy,Isabelle,F,2000-01-16,Moyen,4,2020,Garoua,Célibataire,0,Faible,Anxieux,Assez Bien,C,0,Parfois,Moyen
1187,ETU1187,rosalie.dubois1187@yahoo.fr,Dubois,Rosalie,F,2002-01-01,Faible,1,2022,Bamenda,En couple,2,Faible,Extraverti,Passable,A,0,Régulièrement,Moyen
1188,ETU1188,juliek1188@yahoo.fr,Kamga,Julie,F,2000-01-26,Élevé,5,2020,Yaoundé,Célibataire,0,Moyenne,Anxieux,Très Bien,D,0,Régulièrement,Moyen
1189,ETU1189,grace.mbarga1189@hotmail.fr,Mbarga,Grace,F,2002-12-11,Faible,2,2022,Bafoussam,Célibataire,0,Élevée,Consciencieux,Très Bien,F,0,Parfois,Moyen
1190,ETU1190,louisf1190@orange.cm,Foko,Louis,M,2001-01-13,Faible,6,2023,Bertoua,Célibataire,0,Moyenne,Consciencieux,Bien,C,0,Intensivement,Élevé
1191,ETU1191,pndzana1191@orange.cm,Ndzana,Patricia,F,2004-10-19,Faible,6,2022,Ngaoundéré,Célibataire,1,Élevée,Consciencieux,Assez Bien,G,0,Parfois,Faible
1192,ETU1192,tienne.umba1192@gmail.com,Umba,Étienne,M,2003-03-17,Moyen,9,2023,Bafoussam,Célibataire,0,Élevée,Extraverti,Assez Bien,C,0,Parfois,Moyen
1193,ETU1193,ccile.foko1193@gmail.com,Foko,Cécile,F,2001-07-22,Moyen,5,2020,Bertoua,Célibataire,0,Moyenne,Extraverti,Passable,D,0,Régulièrement,Faible
1194,ETU1194,laura.vidal1194@ymail.com,Vidal,Laura,F,1998-09-10,Moyen,4,2021,Ngaoundéré,Célibataire,0,Moyenne,Introverti,Bien,C,0,Régulièrement,Faible
1195,ETU1195,uleroy1195@gmail.com,Leroy,Ulrich,M,2003-06-15,Faible,10,2020,Bamenda,En couple,0,Moyenne,Introverti,Passable,C,0,Parfois,Faible
1196,ETU1196,ylobe1196@gmail.com,Lobe,Yvonne,F,2001-02-11,Moyen,3,2023,Maroua,Célibataire,0,Faible,Introverti,Assez Bien,C,0,Régulièrement,Élevé
1197,ETU1197,nissa1197@ymail.com,Issa,Nathan,M,2000-01-10,Faible,8,2021,Bamenda,En couple,0,Moyenne,Anxieux,Très Bien,C,0,Parfois,Élevé
1198,ETU1198,nicolas.haidara1198@gmail.com,Haidara,Nicolas,M,2001-10-06,Moyen,5,2022,Douala,Célibataire,0,Faible,Ambiverti,Assez Bien,A,0,Rarement,Moyen
1199,ETU1199,alain.diallo1199@gmail.com,Diallo,Alain,M,1998-03-23,Moyen,6,2023,Yaoundé,En couple,0,Faible,Ambiverti,Bien,D,0,Parfois,Faible
1200,ETU1200,pauline.mbarga1200@gmail.com,Mbarga,Pauline,F,2000-04-01,Faible,6,2021,Maroua,Célibataire,0,Faible,Extraverti,Assez Bien,D,0,Parfois,Élevé
1201,ETU1201,christophea1201@outlook.com,Atangana,Christophe,M,1999-10-10,Élevé,6,2021,Bertoua,Célibataire,0,Élevée,Introverti,Bien,F,0,Intensivement,Élevé
1202,ETU1202,lissa1202@yahoo.fr,Issa,Élise,F,1998-10-06,Moyen,6,2023,Bertoua,Célibataire,0,Moyenne,Consciencieux,Assez Bien,C,0,Régulièrement,Élevé
1203,ETU1203,yannn1203@gmail.com,Nkeng,Yann,M,2005-11-14,Faible,4,2021,Ngaoundéré,Célibataire,0,Moyenne,Ambiverti,Assez Bien,A,1,Parfois,Élevé
1204,ETU1204,fabrice.foko1204@gmail.com,Foko,Fabrice,M,1999-05-28,Faible,5,2021,Douala,Célibataire,0,Élevée,Anxieux,Bien,G,0,Rarement,Élevé
1205,ETU1205,jean.rodrigues1205@gmail.com,Rodrigues,Jean,M,2004-06-20,Moyen,9,2023,Douala,Célibataire,0,Faible,Extraverti,Très Bien,D,0,Parfois,Élevé
1206,ETU1206,nlefebvre1206@hotmail.fr,Lefebvre,Nathalie,F,2000-01-04,Faible,5,2020,Bertoua,Marié(e),0,Faible,Consciencieux,Passable,D,0,Parfois,Élevé
1207,ETU1207,rvidal1207@outlook.com,Vidal,Rodrigue,M,2003-04-26,Élevé,8,2022,Maroua,Célibataire,0,Élevée,Extraverti,Assez Bien,D,0,Régulièrement,Élevé
1208,ETU1208,hortenseb1208@yahoo.fr,Bello,Hortense,F,2002-07-21,Faible,1,2023,Ngaoundéré,En couple,1,Moyenne,Consciencieux,Très Bien,G,1,Parfois,Moyen
1209,ETU1209,laura.garcia1209@yahoo.fr,Garcia,Laura,F,2001-12-11,Moyen,10,2023,Bafoussam,En couple,0,Moyenne,Anxieux,Bien,A,0,Intensivement,Moyen
1210,ETU1210,mtoure1210@ymail.com,Toure,Marc,M,2005-08-18,Élevé,1,2022,Bafoussam,Célibataire,0,Élevée,Introverti,Très Bien,C,0,Régulièrement,Moyen
1211,ETU1211,samuelp1211@ymail.com,Petit,Samuel,M,2000-04-07,Moyen,3,2020,Bafoussam,Célibataire,0,Élevée,Ambiverti,Bien,C,0,Parfois,Élevé
1212,ETU1212,marie.atangana1212@hotmail.fr,Atangana,Marie,F,1999-02-05,Élevé,3,2020,Garoua,Célibataire,2,Élevée,Ambiverti,Assez Bien,D,0,Intensivement,Élevé
1213,ETU1213,bertrandm1213@ymail.com,Medjo,Bertrand,M,2005-11-19,Moyen,9,2021,Maroua,En couple,0,Moyenne,Extraverti,Bien,D,0,Parfois,Moyen
1214,ETU1214,rosalie.issa1214@gmail.com,Issa,Rosalie,F,1998-09-12,Élevé,5,2020,Yaoundé,Célibataire,0,Moyenne,Anxieux,Bien,A,0,Régulièrement,Moyen
1215,ETU1215,georges.wamba1215@yahoo.fr,Wamba,Georges,M,2002-07-04,Moyen,9,2020,Maroua,Célibataire,0,Moyenne,Extraverti,Assez Bien,D,0,Régulièrement,Faible
1216,ETU1216,emmanuely1216@gmail.com,Yanga,Emmanuel,M,2004-07-17,Moyen,4,2022,Douala,Célibataire,0,Moyenne,Ambiverti,Assez Bien,D,0,Parfois,Moyen
1217,ETU1217,jollev1217@gmail.com,Vidal,Joëlle,F,2004-05-15,Faible,8,2022,Douala,Célibataire,0,Faible,Introverti,Bien,D,0,Régulièrement,Moyen
1218,ETU1218,fatimag1218@gmail.com,Gomis,Fatima,F,2003-09-13,Moyen,9,2023,Yaoundé,Célibataire,0,Moyenne,Introverti,Assez Bien,C,0,Régulièrement,Moyen
1219,ETU1219,bwamba1219@yahoo.fr,Wamba,Béatrice,F,2001-06-07,Faible,9,2020,Bafoussam,Célibataire,0,Faible,Consciencieux,Assez Bien,C,0,Régulièrement,Élevé
1220,ETU1220,karine.martin1220@yahoo.fr,Martin,Karine,F,2004-11-05,Faible,8,2022,Yaoundé,Célibataire,1,Moyenne,Consciencieux,Passable,D,0,Parfois,Moyen
1221,ETU1221,gabrielw1221@yahoo.fr,Wamba,Gabriel,M,2001-03-27,Moyen,8,2023,Maroua,Célibataire,0,Élevée,Ambiverti,Assez Bien,D,0,Parfois,Élevé
1222,ETU1222,gracep1222@gmail.com,Penda,Grace,F,1998-09-15,Élevé,1,2023,Douala,Marié(e),1,Élevée,Ambiverti,Bien,C,0,Régulièrement,Élevé
1223,ETU1223,gabrielt1223@gmail.com,Toure,Gabriel,M,2000-06-05,Moyen,8,2023,Bertoua,Célibataire,0,Faible,Consciencieux,Passable,A,0,Parfois,Élevé
1224,ETU1224,dsird1224@gmail.com,Diallo,Désiré,M,2003-12-22,Moyen,8,2023,Ngaoundéré,Célibataire,0,Élevée,Consciencieux,Très Bien,F,0,Régulièrement,Moyen
1225,ETU1225,blandine.dupont1225@yahoo.fr,Dupont,Blandine,F,2005-07-10,Faible,10,2023,Ngaoundéré,En couple,0,Faible,Introverti,Passable,D,0,Régulièrement,Faible
1226,ETU1226,marief1226@hotmail.fr,Feudjio,Marie,F,2005-10-07,Élevé,3,2021,Douala,Célibataire,0,Moyenne,Extraverti,Très Bien,D,0,Parfois,Élevé
1227,ETU1227,honorinet1227@gmail.com,Tchio,Honorine,F,1999-02-11,Faible,2,2020,Bertoua,Célibataire,0,Élevée,Extraverti,Passable,D,1,Rarement,Faible
1228,ETU1228,rosalie.robert1228@gmail.com,Robert,Rosalie,F,2001-04-11,Faible,9,2021,Ngaoundéré,Célibataire,2,Moyenne,Ambiverti,Assez Bien,D,1,Rarement,Faible
1229,ETU1229,thrseb1229@outlook.com,Biyong,Thérèse,F,2001-03-01,Élevé,2,2023,Bertoua,En couple,0,Élevée,Introverti,Bien,A,0,Régulièrement,Moyen
1230,ETU1230,samuela1230@yahoo.fr,Atangana,Samuel,M,1998-01-23,Élevé,3,2020,Bafoussam,Célibataire,0,Faible,Introverti,Bien,G,0,Régulièrement,Élevé
1231,ETU1231,hdupont1231@gmail.com,Dupont,Hortense,F,2001-12-02,Élevé,4,2021,Yaoundé,Célibataire,2,Élevée,Introverti,Assez Bien,D,0,Intensivement,Moyen
1232,ETU1232,hndzana1232@hotmail.fr,Ndzana,Henri,M,2001-02-18,Moyen,2,2020,Bafoussam,Célibataire,0,Élevée,Extraverti,Passable,D,0,Régulièrement,Moyen
1233,ETU1233,pascal.tchamba1233@yahoo.fr,Tchamba,Pascal,M,2001-01-09,Moyen,8,2023,Douala,Célibataire,0,Élevée,Ambiverti,Assez Bien,D,0,Parfois,Élevé
1234,ETU1234,nolle.umba1234@ymail.com,Umba,Noëlle,F,2005-12-09,Moyen,1,2022,Ngaoundéré,Célibataire,1,Faible,Introverti,Très Bien,A,0,Régulièrement,Moyen
1235,ETU1235,marie.garcia1235@yahoo.fr,Garcia,Marie,F,2005-10-17,Faible,3,2020,Ngaoundéré,Célibataire,0,Moyenne,Consciencieux,Assez Bien,C,0,Rarement,Moyen
1236,ETU1236,danielle.richard1236@yahoo.fr,Richard,Danielle,F,1999-09-16,Moyen,3,2021,Ngaoundéré,Marié(e),1,Moyenne,Introverti,Bien,C,0,Régulièrement,Élevé
1237,ETU1237,michelk1237@yahoo.fr,Kamga,Michel,M,2000-07-14,Moyen,9,2020,Yaoundé,Célibataire,0,Faible,Consciencieux,Passable,C,0,Régulièrement,Faible
1238,ETU1238,tdubois1238@gmail.com,Dubois,Thérèse,F,2001-06-19,Moyen,3,2022,Yaoundé,Célibataire,0,Moyenne,Ambiverti,Assez Bien,D,0,Rarement,Moyen
1239,ETU1239,batricee1239@yahoo.fr,Ebene,Béatrice,F,2002-02-25,Moyen,7,2022,Bertoua,Célibataire,1,Faible,Ambiverti,Bien,D,0,Rarement,Moyen
1240,ETU1240,blaiseh1240@gmail.com,Haidara,Blaise,M,2002-09-14,Faible,6,2020,Yaoundé,Marié(e),0,Faible,Ambiverti,Bien,C,0,Rarement,Moyen
1241,ETU1241,blaise.bello1241@gmail.com,Bello,Blaise,M,2000-10-07,Faible,2,2021,Bamenda,Marié(e),0,Faible,Ambiverti,Bien,A,0,Parfois,Moyen
1242,ETU1242,louis.kamga1242@gmail.com,Kamga,Louis,M,2001-04-14,Moyen,2,2020,Bafoussam,Célibataire,0,Faible,Consciencieux,Assez Bien,A,0,Intensivement,Moyen
1243,ETU1243,mmbouck1243@outlook.com,Mbouck,Madeleine,F,2005-06-08,Moyen,5,2020,Bertoua,Célibataire,0,Moyenne,Anxieux,Passable,D,0,Régulièrement,Moyen
1244,ETU1244,dmvondo1244@gmail.com,Mvondo,Diane,F,2004-09-16,Moyen,6,2022,Garoua,Célibataire,1,Moyenne,Extraverti,Passable,C,0,Parfois,Moyen
1245,ETU1245,imanga1245@yahoo.fr,Manga,Irène,F,2002-09-24,Élevé,6,2023,Bamenda,Célibataire,0,Élevée,Ambiverti,Très Bien,G,0,Parfois,Moyen
1246,ETU1246,alicem1246@outlook.com,Michel,Alice,F,2002-04-06,Moyen,7,2021,Maroua,Célibataire,0,Moyenne,Consciencieux,Très Bien,D,0,Parfois,Moyen
1247,ETU1247,diane.zobel1247@gmail.com,Zobel,Diane,F,1998-10-06,Moyen,7,2023,Bertoua,Célibataire,0,Faible,Introverti,Passable,F,0,Rarement,Faible
1248,ETU1248,michel.vidal1248@yahoo.fr,Vidal,Michel,M,2002-11-26,Élevé,1,2021,Bamenda,Célibataire,0,Moyenne,Extraverti,Assez Bien,C,0,Parfois,Élevé
1249,ETU1249,clmentl1249@ymail.com,Lobe,Clément,M,1999-05-07,Moyen,2,2021,Douala,En couple,1,Moyenne,Introverti,Bien,C,0,Régulièrement,Moyen
1250,ETU1250,jpenda1250@gmail.com,Penda,Jean,M,2003-10-01,Faible,3,2023,Bertoua,Célibataire,0,Élevée,Ambiverti,Assez Bien,D,0,Rarement,Élevé
1251,ETU1251,hmanga1251@yahoo.fr,Manga,Henri,M,2003-06-10,Moyen,2,2022,Bamenda,Célibataire,0,Élevée,Anxieux,Bien,D,0,Régulièrement,Moyen
1252,ETU1252,valried1252@yahoo.fr,Donfack,Valérie,F,2001-12-15,Moyen,7,2021,Bertoua,Célibataire,0,Élevée,Extraverti,Passable,D,0,Parfois,Élevé
1253,ETU1253,dmvondo1253@gmail.com,Mvondo,Danielle,F,2000-07-09,Élevé,3,2023,Ngaoundéré,Marié(e),0,Élevée,Introverti,Bien,D,0,Régulièrement,Élevé
1254,ETU1254,bruno.tchio1254@outlook.com,Tchio,Bruno,M,2001-10-20,Moyen,2,2023,Ngaoundéré,En couple,2,Moyenne,Consciencieux,Assez Bien,D,0,Jamais,Faible
1255,ETU1255,obiyong1255@gmail.com,Biyong,Océane,F,1999-03-25,Faible,4,2020,Bafoussam,Célibataire,0,Élevée,Introverti,Passable,C,1,Jamais,Moyen
1256,ETU1256,gpenda1256@yahoo.fr,Penda,Gérard,M,1999-04-09,Faible,6,2022,Garoua,Célibataire,0,Faible,Introverti,Passable,C,0,Parfois,Moyen
1257,ETU1257,patriciat1257@outlook.com,Thomas,Patricia,F,2003-04-26,Faible,1,2021,Bafoussam,Célibataire,0,Moyenne,Ambiverti,Assez Bien,C,0,Rarement,Moyen
1258,ETU1258,wanda.mbouck1258@hotmail.fr,Mbouck,Wanda,F,1999-08-07,Élevé,9,2020,Douala,Célibataire,0,Élevée,Introverti,Passable,D,0,Parfois,Élevé
1259,ETU1259,esthern1259@gmail.com,Nguema,Esther,F,2005-07-25,Moyen,1,2022,Yaoundé,En couple,0,Moyenne,Anxieux,Assez Bien,C,0,Parfois,Élevé
1260,ETU1260,svidal1260@outlook.com,Vidal,Sophie,F,1998-01-26,Élevé,1,2021,Bafoussam,Marié(e),0,Élevée,Anxieux,Assez Bien,D,0,Régulièrement,Moyen
1261,ETU1261,irned1261@gmail.com,Dupont,Irène,F,2005-07-02,Faible,1,2022,Ngaoundéré,Célibataire,1,Élevée,Introverti,Bien,D,0,Rarement,Moyen
1262,ETU1262,cebene1262@gmail.com,Ebene,Carlos,M,2001-09-22,Faible,3,2020,Bamenda,Célibataire,0,Faible,Ambiverti,Assez Bien,A,0,Rarement,Faible
1263,ETU1263,louisc1263@outlook.com,Camara,Louis,M,2001-11-24,Faible,7,2020,Ngaoundéré,Célibataire,1,Moyenne,Anxieux,Passable,D,0,Parfois,Moyen
1264,ETU1264,dtchamba1264@gmail.com,Tchamba,Didier,M,2002-11-16,Moyen,3,2020,Bamenda,Célibataire,0,Faible,Extraverti,Bien,G,0,Parfois,Élevé
1265,ETU1265,blaise.etoundi1265@gmail.com,Etoundi,Blaise,M,2003-02-06,Faible,1,2022,Ngaoundéré,Marié(e),0,Élevée,Ambiverti,Passable,C,0,Parfois,Moyen
1266,ETU1266,wmartin1266@gmail.com,Martin,Wanda,F,1999-10-06,Moyen,8,2020,Douala,En couple,0,Élevée,Extraverti,Bien,D,0,Régulièrement,Élevé
1267,ETU1267,herv.dupont1267@gmail.com,Dupont,Hervé,M,2004-08-18,Faible,1,2022,Maroua,Célibataire,1,Moyenne,Introverti,Bien,D,0,Rarement,Élevé
1268,ETU1268,lise.umba1268@outlook.com,Umba,Élise,F,2002-07-13,Faible,7,2021,Maroua,Célibataire,0,Faible,Extraverti,Passable,D,0,Régulièrement,Moyen
1269,ETU1269,hgarcia1269@yahoo.fr,Garcia,Hugo,M,2004-09-24,Moyen,7,2022,Garoua,Célibataire,0,Moyenne,Ambiverti,Très Bien,C,0,Parfois,Moyen
1270,ETU1270,brunos1270@outlook.com,Samba,Bruno,M,2001-08-22,Moyen,4,2023,Bafoussam,Célibataire,2,Élevée,Introverti,Assez Bien,C,0,Régulièrement,Élevé
1271,ETU1271,dianem1271@gmail.com,Martin,Diane,F,2003-10-08,Faible,1,2022,Douala,Célibataire,0,Élevée,Introverti,Passable,D,0,Rarement,Moyen
1272,ETU1272,christophea1272@outlook.com,Abomo,Christophe,M,2004-11-02,Élevé,8,2022,Yaoundé,Célibataire,0,Élevée,Ambiverti,Bien,D,0,Intensivement,Élevé
1273,ETU1273,kissa1273@outlook.com,Issa,Karine,F,1999-08-04,Faible,9,2023,Bamenda,Marié(e),0,Moyenne,Ambiverti,Assez Bien,D,1,Régulièrement,Élevé
1274,ETU1274,pgomis1274@orange.cm,Gomis,Patricia,F,2004-04-27,Faible,10,2023,Douala,Célibataire,0,Élevée,Ambiverti,Passable,G,0,Parfois,Moyen
1275,ETU1275,laurent.onana1275@gmail.com,Onana,Laurent,M,2001-09-28,Moyen,10,2020,Bafoussam,Célibataire,0,Moyenne,Consciencieux,Passable,G,0,Rarement,Moyen
1276,ETU1276,yanno1276@yahoo.fr,Okafor,Yann,M,2001-07-04,Élevé,4,2020,Maroua,Célibataire,0,Moyenne,Ambiverti,Bien,A,0,Régulièrement,Élevé
1277,ETU1277,jollef1277@outlook.com,Feudjio,Joëlle,F,2003-09-08,Moyen,7,2021,Bamenda,Célibataire,0,Moyenne,Extraverti,Passable,G,0,Régulièrement,Moyen
1278,ETU1278,christophe.mbouck1278@yahoo.fr,Mbouck,Christophe,M,2002-02-27,Moyen,3,2022,Bafoussam,Marié(e),2,Moyenne,Introverti,Très Bien,G,0,Régulièrement,Élevé
1279,ETU1279,zacharie.mbouck1279@gmail.com,Mbouck,Zacharie,M,1998-02-23,Moyen,4,2022,Bertoua,En couple,0,Élevée,Introverti,Assez Bien,C,0,Régulièrement,Moyen
1280,ETU1280,jollee1280@gmail.com,Etoundi,Joëlle,F,2003-10-02,Moyen,7,2022,Bertoua,Célibataire,0,Moyenne,Introverti,Passable,D,0,Rarement,Élevé
1281,ETU1281,vincente1281@gmail.com,Essama,Vincent,M,1999-07-13,Moyen,2,2021,Bafoussam,Célibataire,0,Moyenne,Introverti,Assez Bien,D,0,Intensivement,Moyen
1282,ETU1282,isabellee1282@outlook.com,Essama,Isabelle,F,2000-11-06,Moyen,5,2020,Yaoundé,Célibataire,0,Élevée,Extraverti,Passable,G,0,Régulièrement,Élevé
1283,ETU1283,isidoreg1283@gmail.com,Gomis,Isidore,M,2002-05-09,Faible,9,2022,Douala,Célibataire,0,Faible,Consciencieux,Passable,G,0,Régulièrement,Moyen
1284,ETU1284,clmentt1284@gmail.com,Tchamba,Clément,M,2004-11-03,Élevé,7,2022,Bafoussam,Célibataire,0,Moyenne,Extraverti,Assez Bien,D,0,Régulièrement,Moyen
1285,ETU1285,valrie.foko1285@gmail.com,Foko,Valérie,F,1998-09-27,Faible,2,2020,Ngaoundéré,Célibataire,0,Faible,Ambiverti,Passable,D,0,Rarement,Faible
1286,ETU1286,paulinee1286@gmail.com,Etoundi,Pauline,F,2004-10-06,Moyen,10,2022,Garoua,Célibataire,0,Moyenne,Consciencieux,Passable,A,0,Régulièrement,Élevé
1287,ETU1287,isabelle.samba1287@gmail.com,Samba,Isabelle,F,2000-05-01,Moyen,3,2021,Ngaoundéré,Célibataire,0,Moyenne,Anxieux,Assez Bien,D,0,Parfois,Moyen
1288,ETU1288,adle.rodrigues1288@gmail.com,Rodrigues,Adèle,F,1998-09-14,Moyen,6,2022,Yaoundé,Célibataire,0,Élevée,Consciencieux,Très Bien,F,0,Rarement,Moyen
1289,ETU1289,kdonfack1289@gmail.com,Donfack,Karine,F,2003-10-09,Élevé,8,2020,Maroua,En couple,0,Élevée,Extraverti,Très Bien,C,0,Régulièrement,Élevé
1290,ETU1290,hortensem1290@gmail.com,Mbouck,Hortense,F,2001-01-02,Moyen,10,2022,Ngaoundéré,Célibataire,0,Moyenne,Anxieux,Très Bien,F,0,Parfois,Moyen
1291,ETU1291,paulinel1291@outlook.com,Leroy,Pauline,F,2002-08-01,Moyen,2,2023,Garoua,Célibataire,0,Faible,Introverti,Bien,D,0,Intensivement,Moyen
1292,ETU1292,vpetit1292@yahoo.fr,Petit,Viviane,F,1999-06-13,Moyen,6,2023,Bafoussam,Célibataire,0,Faible,Extraverti,Assez Bien,D,0,Parfois,Élevé
1293,ETU1293,sabomo1293@gmail.com,Abomo,Samuel,M,2001-06-20,Élevé,7,2022,Yaoundé,En couple,0,Moyenne,Extraverti,Assez Bien,G,0,Intensivement,Élevé
1294,ETU1294,florentt1294@hotmail.fr,Tchamba,Florent,M,2002-03-26,Moyen,2,2023,Garoua,Célibataire,3,Moyenne,Consciencieux,Bien,A,0,Intensivement,Élevé
1295,ETU1295,viviane.simon1295@yahoo.fr,Simon,Viviane,F,2004-12-06,Moyen,5,2020,Garoua,Célibataire,0,Moyenne,Ambiverti,Passable,D,0,Parfois,Élevé
1296,ETU1296,gonana1296@yahoo.fr,Onana,Gérard,M,1999-01-25,Faible,3,2023,Bertoua,Marié(e),1,Moyenne,Introverti,Bien,D,1,Jamais,Faible
1297,ETU1297,yvonne.lefebvre1297@yahoo.fr,Lefebvre,Yvonne,F,2004-08-02,Élevé,7,2022,Garoua,Célibataire,0,Élevée,Ambiverti,Passable,C,0,Intensivement,Élevé
1298,ETU1298,georges.leroy1298@outlook.com,Leroy,Georges,M,1999-11-05,Faible,6,2023,Bertoua,Célibataire,0,Moyenne,Extraverti,Très Bien,D,0,Régulièrement,Faible
1299,ETU1299,laurab1299@yahoo.fr,Biyong,Laura,F,2004-03-13,Faible,7,2023,Bamenda,Célibataire,0,Faible,Consciencieux,Très Bien,F,0,Parfois,Élevé
1300,ETU1300,josphine.toure1300@yahoo.fr,Toure,Joséphine,F,2001-05-27,Moyen,6,2021,Bertoua,Célibataire,0,Moyenne,Extraverti,Passable,G,1,Parfois,Élevé
1301,ETU1301,batricer1301@gmail.com,Rodrigues,Béatrice,F,2000-01-28,Moyen,8,2022,Yaoundé,En couple,0,Moyenne,Ambiverti,Passable,C,0,Rarement,Moyen
1302,ETU1302,laurentm1302@gmail.com,Medjo,Laurent,M,2002-12-02,Moyen,6,2023,Bamenda,Célibataire,0,Faible,Extraverti,Bien,C,0,Régulièrement,Élevé
1303,ETU1303,marc.biyong1303@gmail.com,Biyong,Marc,M,2000-07-14,Élevé,1,2020,Douala,Divorcé(e),0,Élevée,Consciencieux,Passable,A,0,Régulièrement,Moyen
1304,ETU1304,nathana1304@yahoo.fr,Abomo,Nathan,M,2004-06-03,Faible,2,2022,Ngaoundéré,Célibataire,2,Élevée,Ambiverti,Passable,D,0,Régulièrement,Faible
1305,ETU1305,fatangana1305@outlook.com,Atangana,Flore,F,2002-12-15,Moyen,7,2023,Douala,Célibataire,0,Moyenne,Extraverti,Assez Bien,D,0,Rarement,Moyen
1306,ETU1306,vkamga1306@yahoo.fr,Kamga,Viviane,F,2001-12-08,Faible,3,2021,Douala,Marié(e),0,Élevée,Introverti,Bien,D,0,Rarement,Moyen
1307,ETU1307,franois.leroy1307@hotmail.fr,Leroy,François,M,2004-07-02,Moyen,5,2023,Yaoundé,Célibataire,1,Moyenne,Consciencieux,Passable,D,0,Régulièrement,Faible
1308,ETU1308,ugarcia1308@outlook.com,Garcia,Ulrich,M,2002-05-04,Faible,3,2021,Bertoua,En couple,0,Moyenne,Anxieux,Très Bien,D,0,Régulièrement,Moyen
1309,ETU1309,ugomis1309@gmail.com,Gomis,Ursula,F,2001-02-07,Élevé,2,2021,Bamenda,Célibataire,0,Élevée,Ambiverti,Très Bien,F,0,Parfois,Élevé
1310,ETU1310,tienneh1310@hotmail.fr,Haidara,Étienne,M,2005-09-20,Moyen,10,2020,Douala,Divorcé(e),0,Moyenne,Consciencieux,Bien,A,0,Intensivement,Élevé
1311,ETU1311,franoisey1311@gmail.com,Yanga,Françoise,F,2000-04-18,Faible,2,2021,Maroua,Célibataire,0,Faible,Extraverti,Bien,D,0,Régulièrement,Élevé
1312,ETU1312,florentg1312@yahoo.fr,Garcia,Florent,M,2000-05-06,Faible,10,2022,Garoua,Célibataire,0,Élevée,Ambiverti,Bien,G,0,Intensivement,Faible
1313,ETU1313,fatimaf1313@gmail.com,Foko,Fatima,F,2002-12-13,Faible,4,2020,Douala,En couple,0,Moyenne,Extraverti,Passable,A,0,Rarement,Faible
1314,ETU1314,davidm1314@yahoo.fr,Mbarga,David,M,2004-06-20,Moyen,6,2022,Douala,En couple,1,Élevée,Introverti,Bien,C,0,Parfois,Moyen
1315,ETU1315,andrm1315@ymail.com,Mbarga,André,M,2002-06-05,Faible,5,2020,Bafoussam,Célibataire,0,Élevée,Introverti,Très Bien,F,0,Jamais,Élevé
1316,ETU1316,clment.rodrigues1316@hotmail.fr,Rodrigues,Clément,M,2000-12-04,Moyen,3,2023,Ngaoundéré,En couple,1,Faible,Ambiverti,Bien,C,0,Rarement,Faible
1317,ETU1317,brunol1317@gmail.com,Lefebvre,Bruno,M,2001-11-09,Moyen,2,2020,Yaoundé,Célibataire,0,Moyenne,Ambiverti,Assez Bien,F,0,Régulièrement,Moyen
1318,ETU1318,kevinj1318@yahoo.fr,Jourdain,Kevin,M,1998-01-21,Moyen,5,2022,Yaoundé,Célibataire,0,Faible,Consciencieux,Assez Bien,F,0,Régulièrement,Moyen
1319,ETU1319,jmichel1319@gmail.com,Michel,Joséphine,F,1998-12-05,Élevé,9,2023,Maroua,En couple,1,Faible,Anxieux,Passable,F,0,Régulièrement,Faible
1320,ETU1320,blandinea1320@yahoo.fr,Abomo,Blandine,F,2003-01-23,Moyen,5,2020,Bafoussam,Célibataire,0,Moyenne,Extraverti,Assez Bien,D,0,Parfois,Faible
1321,ETU1321,gabrielm1321@gmail.com,Moreau,Gabriel,M,2005-09-17,Élevé,8,2023,Bafoussam,Célibataire,0,Élevée,Anxieux,Assez Bien,C,0,Intensivement,Élevé
1322,ETU1322,fgomis1322@hotmail.fr,Gomis,François,M,2001-09-13,Faible,5,2023,Maroua,Célibataire,0,Moyenne,Consciencieux,Très Bien,G,0,Parfois,Faible
1323,ETU1323,patriciam1323@gmail.com,Moreau,Patricia,F,2000-12-19,Faible,2,2020,Garoua,Marié(e),2,Moyenne,Extraverti,Passable,D,0,Intensivement,Moyen
1324,ETU1324,lwamba1324@hotmail.fr,Wamba,Laurent,M,2001-03-22,Moyen,8,2020,Bafoussam,En couple,0,Élevée,Consciencieux,Assez Bien,D,0,Régulièrement,Moyen
1325,ETU1325,flore.etoundi1325@outlook.com,Etoundi,Flore,F,2000-03-17,Élevé,9,2020,Ngaoundéré,Célibataire,1,Élevée,Consciencieux,Assez Bien,A,0,Parfois,Élevé
1326,ETU1326,ccilen1326@gmail.com,Nkeng,Cécile,F,2005-09-01,Moyen,7,2022,Douala,Célibataire,0,Moyenne,Ambiverti,Bien,D,0,Intensivement,Moyen
1327,ETU1327,valriey1327@gmail.com,Yanga,Valérie,F,2003-10-21,Faible,9,2023,Ngaoundéré,Célibataire,2,Moyenne,Anxieux,Très Bien,A,0,Rarement,Élevé
1328,ETU1328,vdonfack1328@yahoo.fr,Donfack,Valérie,F,1999-12-21,Faible,10,2023,Bertoua,Célibataire,2,Faible,Ambiverti,Assez Bien,C,0,Parfois,Élevé
1329,ETU1329,patricia.mvondo1329@gmail.com,Mvondo,Patricia,F,1998-01-19,Élevé,6,2021,Bafoussam,Célibataire,0,Moyenne,Extraverti,Passable,G,0,Parfois,Élevé
1330,ETU1330,lauret1330@gmail.com,Tchio,Laure,F,2001-05-25,Moyen,3,2023,Maroua,En couple,1,Faible,Anxieux,Bien,D,0,Régulièrement,Élevé
1331,ETU1331,nicolas.manga1331@yahoo.fr,Manga,Nicolas,M,2002-09-01,Faible,6,2021,Bamenda,Célibataire,0,Moyenne,Anxieux,Assez Bien,F,0,Régulièrement,Élevé
1332,ETU1332,mjourdain1332@ymail.com,Jourdain,Michel,M,2004-01-20,Élevé,8,2022,Douala,Célibataire,1,Élevée,Ambiverti,Passable,D,0,Parfois,Élevé
1333,ETU1333,nathana1333@yahoo.fr,Abomo,Nathan,M,2000-12-17,Élevé,6,2023,Garoua,Marié(e),0,Élevée,Extraverti,Assez Bien,D,0,Parfois,Moyen
1334,ETU1334,bruno.biyong1334@gmail.com,Biyong,Bruno,M,2005-08-11,Élevé,9,2021,Yaoundé,Célibataire,1,Moyenne,Introverti,Passable,D,0,Régulièrement,Élevé
1335,ETU1335,wanda.foko1335@gmail.com,Foko,Wanda,F,1999-10-17,Faible,8,2022,Bafoussam,Célibataire,0,Moyenne,Anxieux,Passable,G,0,Régulièrement,Faible
1336,ETU1336,hfeudjio1336@yahoo.fr,Feudjio,Henri,M,2003-11-19,Moyen,8,2023,Maroua,Célibataire,1,Élevée,Introverti,Passable,A,0,Régulièrement,Élevé
1337,ETU1337,bertrandl1337@orange.cm,Leroy,Bertrand,M,2005-11-16,Faible,7,2021,Bamenda,Marié(e),0,Faible,Anxieux,Bien,G,1,Parfois,Moyen
1338,ETU1338,xdubois1338@gmail.com,Dubois,Xavier,M,2005-08-04,Élevé,1,2020,Bertoua,Célibataire,1,Élevée,Consciencieux,Bien,G,0,Régulièrement,Moyen
1339,ETU1339,lyanga1339@gmail.com,Yanga,Louis,M,2003-08-17,Moyen,5,2020,Bafoussam,Célibataire,0,Moyenne,Consciencieux,Assez Bien,A,0,Régulièrement,Élevé
1340,ETU1340,jeanl1340@yahoo.fr,Leroy,Jean,M,2003-06-12,Moyen,10,2022,Maroua,En couple,2,Moyenne,Consciencieux,Très Bien,A,0,Parfois,Faible
1341,ETU1341,marc.bernard1341@gmail.com,Bernard,Marc,M,2000-04-07,Moyen,5,2023,Bertoua,Célibataire,3,Moyenne,Consciencieux,Bien,F,0,Parfois,Élevé
1342,ETU1342,shaidara1342@yahoo.fr,Haidara,Samuel,M,2003-12-11,Moyen,1,2021,Yaoundé,Célibataire,0,Moyenne,Extraverti,Passable,D,0,Régulièrement,Élevé
1343,ETU1343,gpetit1343@yahoo.fr,Petit,Georges,M,1998-07-15,Moyen,5,2020,Garoua,Célibataire,1,Élevée,Extraverti,Assez Bien,C,0,Rarement,Élevé
1344,ETU1344,estherd1344@gmail.com,Dupont,Esther,F,2001-06-07,Moyen,8,2021,Garoua,Célibataire,0,Élevée,Consciencieux,Assez Bien,A,1,Régulièrement,Faible
1345,ETU1345,wndzana1345@gmail.com,Ndzana,William,M,1999-04-20,Faible,5,2021,Ngaoundéré,En couple,2,Élevée,Extraverti,Assez Bien,C,0,Rarement,Moyen
1346,ETU1346,lisea1346@ymail.com,Abomo,Élise,F,2002-09-01,Faible,1,2020,Bamenda,Célibataire,0,Moyenne,Introverti,Bien,D,0,Régulièrement,Élevé
1347,ETU1347,clmentb1347@gmail.com,Bernard,Clément,M,2001-12-16,Élevé,5,2020,Douala,Célibataire,0,Élevée,Consciencieux,Assez Bien,D,0,Régulièrement,Moyen
1348,ETU1348,christellee1348@ymail.com,Etoundi,Christelle,F,2000-06-28,Faible,7,2020,Bamenda,En couple,0,Moyenne,Consciencieux,Assez Bien,F,0,Parfois,Élevé
1349,ETU1349,rnkeng1349@outlook.com,Nkeng,Reine,F,2002-07-12,Moyen,3,2022,Garoua,En couple,2,Moyenne,Extraverti,Passable,A,0,Intensivement,Moyen
1350,ETU1350,esther.manga1350@outlook.com,Manga,Esther,F,1998-11-11,Faible,4,2020,Ngaoundéré,Célibataire,0,Moyenne,Introverti,Assez Bien,C,1,Intensivement,Élevé
1351,ETU1351,kevin.bello1351@gmail.com,Bello,Kevin,M,1999-05-22,Moyen,4,2021,Maroua,Célibataire,0,Élevée,Consciencieux,Assez Bien,D,0,Rarement,Faible
1352,ETU1352,gisle.camara1352@orange.cm,Camara,Gisèle,F,1998-07-22,Moyen,7,2020,Douala,Célibataire,0,Élevée,Extraverti,Bien,C,0,Parfois,Élevé
1353,ETU1353,julie.camara1353@outlook.com,Camara,Julie,F,2002-09-17,Élevé,7,2020,Maroua,En couple,0,Élevée,Consciencieux,Passable,C,0,Intensivement,Moyen
1354,ETU1354,franoiseu1354@outlook.com,Umba,Françoise,F,1999-10-20,Faible,1,2022,Bertoua,Célibataire,0,Élevée,Consciencieux,Passable,G,0,Parfois,Élevé
1355,ETU1355,olivier.umba1355@outlook.com,Umba,Olivier,M,2000-06-27,Moyen,2,2023,Bertoua,Célibataire,0,Moyenne,Anxieux,Assez Bien,D,0,Régulièrement,Élevé
1356,ETU1356,lhaidara1356@outlook.com,Haidara,Laura,F,2003-04-03,Moyen,7,2021,Bamenda,En couple,0,Élevée,Ambiverti,Passable,C,0,Parfois,Élevé
1357,ETU1357,iatangana1357@outlook.com,Atangana,Irène,F,2000-10-08,Faible,6,2021,Bamenda,En couple,1,Faible,Ambiverti,Assez Bien,A,0,Régulièrement,Faible
1358,ETU1358,abouchard1358@outlook.com,Bouchard,Amina,F,2001-12-23,Moyen,1,2021,Bertoua,Célibataire,0,Faible,Ambiverti,Passable,F,0,Régulièrement,Faible
1359,ETU1359,olivier.wamba1359@outlook.com,Wamba,Olivier,M,2005-02-16,Élevé,2,2023,Bamenda,Célibataire,2,Faible,Extraverti,Assez Bien,A,0,Régulièrement,Moyen
1360,ETU1360,zrodrigues1360@gmail.com,Rodrigues,Zacharie,M,2001-11-21,Moyen,6,2021,Maroua,Célibataire,1,Moyenne,Introverti,Assez Bien,G,0,Rarement,Moyen
1361,ETU1361,tvidal1361@yahoo.fr,Vidal,Thomas,M,2005-11-21,Moyen,4,2020,Bertoua,En couple,0,Élevée,Anxieux,Passable,C,0,Jamais,Élevé
1362,ETU1362,wandah1362@yahoo.fr,Haidara,Wanda,F,1998-05-18,Faible,9,2020,Bafoussam,Célibataire,1,Élevée,Consciencieux,Bien,G,0,Parfois,Élevé
1363,ETU1363,diane.robert1363@hotmail.fr,Robert,Diane,F,2003-10-23,Élevé,8,2023,Bertoua,Célibataire,1,Moyenne,Extraverti,Très Bien,D,0,Régulièrement,Élevé
1364,ETU1364,gbouchard1364@gmail.com,Bouchard,Gabriel,M,2005-03-06,Moyen,10,2021,Ngaoundéré,Marié(e),0,Moyenne,Anxieux,Passable,C,1,Intensivement,Moyen
1365,ETU1365,bmartin1365@yahoo.fr,Martin,Bertrand,M,2000-11-23,Élevé,2,2021,Garoua,Célibataire,0,Élevée,Introverti,Assez Bien,G,0,Régulièrement,Élevé
1366,ETU1366,julie.martin1366@outlook.com,Martin,Julie,F,2001-08-15,Moyen,8,2020,Bafoussam,Célibataire,0,Faible,Introverti,Passable,C,0,Parfois,Moyen
1367,ETU1367,marie.kamga1367@outlook.com,Kamga,Marie,F,2001-04-22,Élevé,4,2020,Ngaoundéré,Marié(e),1,Élevée,Anxieux,Passable,C,0,Intensivement,Élevé
1368,ETU1368,vivianeo1368@gmail.com,Okafor,Viviane,F,1998-07-20,Moyen,3,2021,Ngaoundéré,Célibataire,1,Élevée,Introverti,Passable,C,0,Parfois,Moyen
1369,ETU1369,reinel1369@gmail.com,Lefebvre,Reine,F,2003-05-18,Moyen,6,2021,Bamenda,Célibataire,0,Moyenne,Consciencieux,Assez Bien,A,0,Régulièrement,Moyen
1370,ETU1370,cbernard1370@yahoo.fr,Bernard,Christophe,M,2002-03-12,Moyen,1,2023,Garoua,En couple,2,Moyenne,Introverti,Assez Bien,C,0,Régulièrement,Faible
1371,ETU1371,eric.camara1371@orange.cm,Camara,Eric,M,1999-10-23,Élevé,9,2023,Garoua,Célibataire,2,Élevée,Ambiverti,Bien,D,0,Intensivement,Élevé
1372,ETU1372,quentin.mbouck1372@yahoo.fr,Mbouck,Quentin,M,2000-05-19,Moyen,7,2021,Bertoua,En couple,0,Moyenne,Ambiverti,Assez Bien,C,0,Régulièrement,Moyen
1373,ETU1373,bruno.vidal1373@gmail.com,Vidal,Bruno,M,1999-12-02,Faible,8,2022,Maroua,En couple,0,Faible,Extraverti,Bien,D,0,Jamais,Faible
1374,ETU1374,zsamba1374@hotmail.fr,Samba,Zacharie,M,2005-10-05,Moyen,2,2020,Maroua,Célibataire,0,Moyenne,Ambiverti,Assez Bien,D,1,Rarement,Faible
1375,ETU1375,kndzana1375@yahoo.fr,Ndzana,Karine,F,1998-04-28,Moyen,1,2023,Garoua,Célibataire,0,Moyenne,Anxieux,Très Bien,C,1,Régulièrement,Élevé
1376,ETU1376,lauren1376@yahoo.fr,Nyobe,Laure,F,1998-07-02,Moyen,5,2022,Douala,Célibataire,0,Faible,Ambiverti,Assez Bien,C,0,Rarement,Moyen
1377,ETU1377,carole.mvondo1377@gmail.com,Mvondo,Carole,F,1999-10-14,Moyen,8,2021,Bertoua,Célibataire,0,Moyenne,Consciencieux,Passable,G,0,Régulièrement,Élevé
1378,ETU1378,rodrigueb1378@gmail.com,Bouchard,Rodrigue,M,2001-08-19,Moyen,3,2020,Yaoundé,Célibataire,0,Élevée,Ambiverti,Bien,A,0,Intensivement,Élevé
1379,ETU1379,wonana1379@gmail.com,Onana,Wanda,F,2005-05-23,Élevé,5,2021,Bertoua,Célibataire,0,Élevée,Introverti,Passable,A,0,Régulièrement,Élevé
1380,ETU1380,patriciad1380@gmail.com,Donfack,Patricia,F,2004-12-26,Moyen,3,2022,Bertoua,Célibataire,3,Moyenne,Extraverti,Assez Bien,C,0,Régulièrement,Moyen
1381,ETU1381,vincentd1381@yahoo.fr,Dupont,Vincent,M,2002-04-17,Élevé,1,2021,Yaoundé,Célibataire,0,Faible,Extraverti,Passable,D,1,Intensivement,Moyen
1382,ETU1382,gdiallo1382@gmail.com,Diallo,Gérard,M,2002-01-20,Faible,6,2023,Yaoundé,Célibataire,0,Faible,Introverti,Assez Bien,D,0,Régulièrement,Élevé
1383,ETU1383,andrt1383@ymail.com,Tchio,André,M,2001-01-20,Moyen,5,2020,Bertoua,Célibataire,0,Moyenne,Introverti,Passable,D,0,Parfois,Faible
1384,ETU1384,ccile.bouchard1384@ymail.com,Bouchard,Cécile,F,1998-01-21,Faible,5,2021,Bamenda,Célibataire,0,Faible,Introverti,Assez Bien,D,0,Rarement,Faible
1385,ETU1385,josphine.bernard1385@hotmail.fr,Bernard,Joséphine,F,2005-08-26,Élevé,6,2021,Garoua,Célibataire,0,Élevée,Introverti,Bien,C,0,Parfois,Élevé
1386,ETU1386,nbouchard1386@gmail.com,Bouchard,Nathan,M,1998-10-02,Moyen,1,2023,Yaoundé,En couple,1,Moyenne,Extraverti,Assez Bien,C,0,Intensivement,Moyen
1387,ETU1387,laurae1387@outlook.com,Essama,Laura,F,2001-02-13,Moyen,10,2021,Ngaoundéré,Célibataire,0,Faible,Introverti,Très Bien,G,0,Parfois,Moyen
1388,ETU1388,rvidal1388@gmail.com,Vidal,Rodrigue,M,2001-12-25,Moyen,3,2022,Garoua,Marié(e),0,Moyenne,Anxieux,Assez Bien,C,0,Parfois,Moyen
1389,ETU1389,wanda.penda1389@gmail.com,Penda,Wanda,F,2001-01-06,Élevé,7,2022,Garoua,Célibataire,0,Moyenne,Introverti,Très Bien,A,0,Intensivement,Élevé
1390,ETU1390,carole.vidal1390@gmail.com,Vidal,Carole,F,1999-07-02,Faible,3,2022,Yaoundé,Célibataire,2,Moyenne,Ambiverti,Très Bien,C,0,Jamais,Faible
1391,ETU1391,jjourdain1391@gmail.com,Jourdain,Julie,F,2002-06-13,Moyen,2,2021,Bamenda,Célibataire,0,Élevée,Consciencieux,Passable,G,1,Rarement,Moyen
1392,ETU1392,wnyobe1392@yahoo.fr,Nyobe,William,M,2001-12-23,Moyen,5,2020,Bafoussam,Marié(e),0,Faible,Introverti,Bien,C,0,Régulièrement,Faible
1393,ETU1393,ccilep1393@outlook.com,Penda,Cécile,F,1998-07-04,Moyen,3,2020,Yaoundé,Célibataire,0,Moyenne,Introverti,Bien,C,0,Intensivement,Élevé
1394,ETU1394,jdiallo1394@outlook.com,Diallo,Julie,F,2003-10-18,Moyen,9,2022,Yaoundé,Célibataire,2,Moyenne,Introverti,Passable,C,0,Parfois,Élevé
1395,ETU1395,cfoko1395@yahoo.fr,Foko,Carlos,M,2002-07-24,Faible,1,2021,Garoua,Divorcé(e),0,Élevée,Introverti,Assez Bien,D,0,Parfois,Faible
1396,ETU1396,andrm1396@ymail.com,Michel,André,M,2005-12-18,Moyen,2,2022,Bafoussam,Célibataire,1,Faible,Extraverti,Passable,D,0,Parfois,Moyen
1397,ETU1397,arichard1397@outlook.com,Richard,Alain,M,2000-12-16,Faible,1,2020,Garoua,Célibataire,1,Moyenne,Consciencieux,Assez Bien,C,0,Parfois,Moyen
1398,ETU1398,zgarcia1398@gmail.com,Garcia,Zacharie,M,2005-09-25,Moyen,10,2022,Ngaoundéré,Célibataire,0,Moyenne,Anxieux,Assez Bien,D,0,Parfois,Moyen
1399,ETU1399,ezobel1399@yahoo.fr,Zobel,Esther,F,1999-09-11,Moyen,2,2020,Bertoua,Célibataire,1,Moyenne,Ambiverti,Assez Bien,C,0,Parfois,Élevé
1400,ETU1400,michel.jourdain1400@yahoo.fr,Jourdain,Michel,M,1998-12-02,Faible,9,2022,Bafoussam,Célibataire,0,Faible,Ambiverti,Assez Bien,G,1,Parfois,Faible
1401,ETU1401,gracez1401@gmail.com,Zobel,Grace,F,2002-09-16,Moyen,1,2020,Yaoundé,Divorcé(e),0,Faible,Anxieux,Très Bien,C,0,Intensivement,Élevé
1402,ETU1402,lmedjo1402@gmail.com,Medjo,Laurent,M,2005-07-21,Moyen,9,2023,Douala,En couple,0,Faible,Introverti,Passable,G,0,Parfois,Moyen
1403,ETU1403,ocanev1403@yahoo.fr,Vidal,Océane,F,2000-10-10,Moyen,4,2020,Bertoua,Célibataire,0,Moyenne,Ambiverti,Assez Bien,F,0,Parfois,Élevé
1404,ETU1404,william.gomis1404@yahoo.fr,Gomis,William,M,2004-03-05,Moyen,8,2022,Douala,Célibataire,0,Faible,Anxieux,Passable,C,0,Rarement,Faible
1405,ETU1405,xavierf1405@ymail.com,Foko,Xavier,M,2003-09-19,Moyen,5,2020,Bafoussam,Célibataire,0,Faible,Introverti,Très Bien,A,1,Intensivement,Moyen
1406,ETU1406,michel.issa1406@yahoo.fr,Issa,Michel,M,2005-09-18,Faible,5,2023,Maroua,Célibataire,0,Moyenne,Consciencieux,Passable,A,1,Parfois,Moyen
1407,ETU1407,ursulaj1407@gmail.com,Jourdain,Ursula,F,1998-03-06,Moyen,5,2021,Douala,Célibataire,0,Élevée,Introverti,Passable,G,0,Rarement,Faible
1408,ETU1408,tiennej1408@outlook.com,Jourdain,Étienne,M,2004-11-13,Moyen,2,2022,Douala,En couple,0,Élevée,Ambiverti,Assez Bien,C,1,Régulièrement,Moyen
1409,ETU1409,michelm1409@hotmail.fr,Mbouck,Michel,M,2000-12-11,Élevé,7,2021,Douala,Célibataire,0,Élevée,Introverti,Bien,C,0,Régulièrement,Faible
1410,ETU1410,hugo.medjo1410@outlook.com,Medjo,Hugo,M,1999-05-01,Élevé,6,2020,Maroua,Célibataire,0,Moyenne,Introverti,Assez Bien,D,1,Régulièrement,Moyen
1411,ETU1411,yann.robert1411@gmail.com,Robert,Yann,M,1999-05-22,Élevé,8,2021,Bertoua,Marié(e),0,Moyenne,Extraverti,Assez Bien,F,0,Intensivement,Élevé
1412,ETU1412,dianer1412@gmail.com,Robert,Diane,F,2002-01-08,Faible,8,2022,Maroua,Célibataire,0,Moyenne,Consciencieux,Assez Bien,A,0,Intensivement,Faible
1413,ETU1413,lndzana1413@gmail.com,Ndzana,Louis,M,2004-05-03,Faible,7,2020,Yaoundé,Célibataire,2,Élevée,Introverti,Passable,A,0,Parfois,Faible
1414,ETU1414,bleroy1414@gmail.com,Leroy,Bruno,M,2004-11-11,Faible,2,2021,Maroua,Célibataire,0,Faible,Ambiverti,Passable,C,0,Intensivement,Moyen
1415,ETU1415,jebene1415@orange.cm,Ebene,Joëlle,F,2005-01-21,Faible,2,2020,Garoua,Célibataire,0,Élevée,Anxieux,Passable,D,0,Jamais,Élevé
1416,ETU1416,carlos.petit1416@hotmail.fr,Petit,Carlos,M,1999-02-03,Moyen,10,2023,Bertoua,En couple,0,Moyenne,Ambiverti,Très Bien,C,0,Jamais,Élevé
1417,ETU1417,ookafor1417@orange.cm,Okafor,Océane,F,2001-11-22,Moyen,10,2023,Yaoundé,Célibataire,0,Moyenne,Introverti,Assez Bien,A,0,Rarement,Faible
1418,ETU1418,thomasm1418@outlook.com,Mbarga,Thomas,M,2000-07-21,Moyen,6,2021,Ngaoundéré,Célibataire,0,Faible,Extraverti,Assez Bien,G,0,Régulièrement,Élevé
1419,ETU1419,rmichel1419@hotmail.fr,Michel,Rodrigue,M,2005-12-24,Faible,4,2022,Douala,Célibataire,0,Élevée,Introverti,Passable,D,0,Intensivement,Moyen
1420,ETU1420,rodrigue.bouchard1420@yahoo.fr,Bouchard,Rodrigue,M,2001-02-25,Moyen,10,2023,Douala,Célibataire,0,Moyenne,Anxieux,Assez Bien,A,0,Parfois,Élevé
1421,ETU1421,iwamba1421@ymail.com,Wamba,Isabelle,F,1998-07-23,Élevé,9,2021,Bamenda,Célibataire,2,Élevée,Consciencieux,Assez Bien,G,0,Régulièrement,Élevé
1422,ETU1422,honorine.atangana1422@outlook.com,Atangana,Honorine,F,2001-10-23,Faible,3,2023,Bamenda,Célibataire,1,Moyenne,Ambiverti,Assez Bien,D,0,Intensivement,Moyen
1423,ETU1423,pascall1423@outlook.com,Lobe,Pascal,M,2004-01-01,Faible,2,2020,Douala,Célibataire,1,Faible,Anxieux,Assez Bien,D,0,Régulièrement,Moyen
1424,ETU1424,franois.medjo1424@outlook.com,Medjo,François,M,2001-01-02,Moyen,9,2021,Ngaoundéré,Célibataire,2,Moyenne,Consciencieux,Très Bien,G,0,Parfois,Élevé
1425,ETU1425,imanga1425@yahoo.fr,Manga,Isabelle,F,2001-02-02,Faible,5,2020,Douala,En couple,0,Élevée,Introverti,Très Bien,G,0,Rarement,Élevé
1426,ETU1426,ibello1426@gmail.com,Bello,Ibrahim,M,2004-04-25,Faible,7,2022,Garoua,Célibataire,0,Faible,Ambiverti,Très Bien,C,1,Parfois,Faible
1427,ETU1427,irne.manga1427@yahoo.fr,Manga,Irène,F,2003-11-20,Moyen,7,2023,Bafoussam,Célibataire,3,Élevée,Introverti,Bien,D,0,Rarement,Élevé
1428,ETU1428,franoiseg1428@yahoo.fr,Gomis,Françoise,F,2000-07-20,Faible,10,2022,Maroua,En couple,0,Moyenne,Consciencieux,Passable,C,0,Régulièrement,Moyen
1429,ETU1429,herv.nkeng1429@hotmail.fr,Nkeng,Hervé,M,2004-12-24,Moyen,9,2020,Douala,Célibataire,0,Faible,Ambiverti,Passable,A,0,Régulièrement,Moyen
1430,ETU1430,valrie.abomo1430@outlook.com,Abomo,Valérie,F,2003-10-22,Moyen,1,2023,Ngaoundéré,Célibataire,0,Élevée,Consciencieux,Très Bien,A,0,Régulièrement,Moyen
1431,ETU1431,didier.kamga1431@outlook.com,Kamga,Didier,M,1999-07-06,Élevé,7,2023,Bertoua,Célibataire,0,Moyenne,Ambiverti,Passable,D,1,Régulièrement,Élevé
1432,ETU1432,omvondo1432@hotmail.fr,Mvondo,Océane,F,2005-10-07,Moyen,6,2023,Garoua,Célibataire,0,Élevée,Ambiverti,Très Bien,G,0,Rarement,Moyen
1433,ETU1433,fatangana1433@orange.cm,Atangana,Françoise,F,2001-12-17,Moyen,6,2023,Yaoundé,Célibataire,0,Élevée,Introverti,Passable,F,0,Rarement,Élevé
1434,ETU1434,blandinep1434@yahoo.fr,Penda,Blandine,F,1998-12-17,Moyen,10,2021,Garoua,Célibataire,0,Moyenne,Consciencieux,Passable,F,0,Régulièrement,Élevé
1435,ETU1435,kevin.nkeng1435@yahoo.fr,Nkeng,Kevin,M,2005-04-23,Moyen,6,2022,Douala,Célibataire,0,Faible,Consciencieux,Passable,D,0,Parfois,Moyen
1436,ETU1436,josphine.nyobe1436@gmail.com,Nyobe,Joséphine,F,2000-08-20,Moyen,4,2023,Maroua,Célibataire,0,Moyenne,Ambiverti,Assez Bien,A,0,Régulièrement,Faible
1437,ETU1437,viviane.issa1437@gmail.com,Issa,Viviane,F,2000-07-06,Faible,1,2020,Bafoussam,Célibataire,2,Élevée,Consciencieux,Passable,A,0,Rarement,Moyen
1438,ETU1438,marier1438@hotmail.fr,Robert,Marie,F,2003-04-19,Faible,7,2021,Bertoua,Marié(e),0,Faible,Extraverti,Très Bien,D,0,Parfois,Moyen
1439,ETU1439,apenda1439@ymail.com,Penda,Alice,F,2001-01-09,Moyen,5,2020,Bamenda,En couple,0,Faible,Introverti,Assez Bien,A,0,Parfois,Moyen
1440,ETU1440,fbernard1440@yahoo.fr,Bernard,Fabrice,M,2002-03-19,Élevé,3,2020,Garoua,Célibataire,3,Moyenne,Extraverti,Assez Bien,A,0,Régulièrement,Élevé
1441,ETU1441,vincento1441@gmail.com,Onana,Vincent,M,2000-12-11,Moyen,4,2021,Yaoundé,Célibataire,0,Élevée,Extraverti,Bien,C,0,Parfois,Moyen
1442,ETU1442,honorine.dupont1442@gmail.com,Dupont,Honorine,F,2000-06-24,Élevé,4,2022,Bafoussam,En couple,0,Moyenne,Consciencieux,Bien,G,0,Intensivement,Élevé
1443,ETU1443,cokafor1443@gmail.com,Okafor,Carole,F,1999-08-09,Moyen,1,2021,Maroua,En couple,0,Élevée,Consciencieux,Bien,A,0,Régulièrement,Moyen
1444,ETU1444,louis.garcia1444@yahoo.fr,Garcia,Louis,M,2001-06-23,Moyen,5,2022,Garoua,Célibataire,1,Faible,Introverti,Assez Bien,D,0,Régulièrement,Moyen
1445,ETU1445,pauline.mbouck1445@yahoo.fr,Mbouck,Pauline,F,2001-01-23,Moyen,6,2023,Bertoua,Célibataire,3,Moyenne,Consciencieux,Bien,D,0,Parfois,Moyen
1446,ETU1446,georgesy1446@outlook.com,Yanga,Georges,M,2000-03-04,Moyen,4,2023,Garoua,Célibataire,0,Élevée,Ambiverti,Très Bien,C,0,Rarement,Élevé
1447,ETU1447,dsirs1447@yahoo.fr,Simon,Désiré,M,2002-07-04,Moyen,4,2023,Bertoua,En couple,1,Faible,Introverti,Très Bien,C,0,Rarement,Faible
1448,ETU1448,julie.michel1448@yahoo.fr,Michel,Julie,F,2003-12-21,Élevé,9,2023,Yaoundé,Célibataire,2,Élevée,Ambiverti,Bien,F,0,Intensivement,Élevé
1449,ETU1449,patricias1449@gmail.com,Simon,Patricia,F,2002-10-19,Élevé,5,2022,Ngaoundéré,Célibataire,0,Élevée,Consciencieux,Bien,C,0,Régulièrement,Élevé
1450,ETU1450,yann.nkeng1450@orange.cm,Nkeng,Yann,M,2003-05-21,Faible,8,2022,Yaoundé,Célibataire,2,Moyenne,Ambiverti,Bien,C,0,Jamais,Moyen
1451,ETU1451,rnyobe1451@ymail.com,Nyobe,Rosalie,F,2004-06-17,Élevé,8,2021,Bertoua,En couple,3,Moyenne,Consciencieux,Bien,A,0,Régulièrement,Moyen
1452,ETU1452,davidp1452@hotmail.fr,Petit,David,M,1999-11-27,Moyen,7,2020,Garoua,Célibataire,0,Moyenne,Introverti,Bien,D,1,Rarement,Moyen
1453,ETU1453,thrsea1453@gmail.com,Atangana,Thérèse,F,2001-04-14,Moyen,10,2022,Garoua,Marié(e),0,Moyenne,Extraverti,Bien,C,0,Régulièrement,Élevé
1454,ETU1454,didier.penda1454@yahoo.fr,Penda,Didier,M,2003-12-22,Moyen,2,2022,Yaoundé,Célibataire,0,Moyenne,Ambiverti,Passable,F,0,Régulièrement,Moyen
1455,ETU1455,fyanga1455@gmail.com,Yanga,Florent,M,2003-06-12,Moyen,1,2021,Ngaoundéré,Célibataire,0,Faible,Ambiverti,Passable,F,0,Parfois,Élevé
1456,ETU1456,kevin.gomis1456@outlook.com,Gomis,Kevin,M,2001-11-20,Faible,3,2023,Yaoundé,Célibataire,3,Élevée,Ambiverti,Assez Bien,D,0,Rarement,Faible
1457,ETU1457,atoure1457@ymail.com,Toure,Amina,F,2002-07-18,Moyen,4,2020,Bertoua,Célibataire,0,Moyenne,Ambiverti,Assez Bien,C,0,Régulièrement,Moyen
1458,ETU1458,nokafor1458@gmail.com,Okafor,Nathalie,F,2000-08-14,Élevé,4,2020,Ngaoundéré,Célibataire,1,Faible,Introverti,Bien,G,0,Régulièrement,Élevé
1459,ETU1459,lbiyong1459@outlook.com,Biyong,Louis,M,2000-03-02,Moyen,6,2022,Bafoussam,En couple,2,Faible,Consciencieux,Passable,D,0,Régulièrement,Faible
1460,ETU1460,david.nguema1460@yahoo.fr,Nguema,David,M,2001-05-10,Moyen,8,2023,Douala,Célibataire,0,Élevée,Consciencieux,Bien,D,0,Parfois,Moyen
1461,ETU1461,laurent.martin1461@yahoo.fr,Martin,Laurent,M,2000-02-01,Élevé,4,2020,Bafoussam,Célibataire,0,Moyenne,Consciencieux,Bien,G,0,Régulièrement,Moyen
1462,ETU1462,dianev1462@outlook.com,Vidal,Diane,F,2002-10-18,Moyen,9,2023,Bafoussam,En couple,0,Élevée,Introverti,Passable,C,0,Rarement,Élevé
1463,ETU1463,nmoreau1463@yahoo.fr,Moreau,Noëlle,F,1998-05-09,Moyen,7,2022,Maroua,En couple,0,Faible,Anxieux,Assez Bien,A,0,Intensivement,Élevé
1464,ETU1464,juliea1464@yahoo.fr,Abomo,Julie,F,2002-06-06,Moyen,4,2023,Bertoua,Célibataire,0,Moyenne,Extraverti,Très Bien,C,0,Parfois,Élevé
1465,ETU1465,diane.thomas1465@orange.cm,Thomas,Diane,F,1999-03-20,Moyen,10,2023,Ngaoundéré,Célibataire,0,Moyenne,Consciencieux,Assez Bien,G,0,Rarement,Élevé
1466,ETU1466,hpetit1466@yahoo.fr,Petit,Hortense,F,1998-01-11,Faible,8,2020,Maroua,Célibataire,2,Faible,Extraverti,Bien,D,1,Parfois,Faible
1467,ETU1467,nolle.onana1467@hotmail.fr,Onana,Noëlle,F,2003-11-03,Faible,10,2021,Yaoundé,Célibataire,0,Élevée,Extraverti,Passable,D,0,Intensivement,Moyen
1468,ETU1468,laurent.garcia1468@yahoo.fr,Garcia,Laurent,M,1999-10-18,Moyen,9,2020,Bertoua,Marié(e),0,Élevée,Introverti,Passable,D,0,Rarement,Moyen
1469,ETU1469,emmanuellag1469@gmail.com,Gomis,Emmanuella,F,1998-08-27,Faible,5,2021,Douala,Célibataire,0,Moyenne,Extraverti,Assez Bien,D,0,Régulièrement,Élevé
1470,ETU1470,conana1470@yahoo.fr,Onana,Carlos,M,1998-01-22,Moyen,2,2023,Bafoussam,Célibataire,1,Faible,Ambiverti,Assez Bien,A,0,Rarement,Moyen
1471,ETU1471,fatangana1471@gmail.com,Atangana,François,M,2000-10-16,Moyen,10,2023,Maroua,Célibataire,1,Moyenne,Anxieux,Bien,C,0,Régulièrement,Moyen
1472,ETU1472,karine.yanga1472@outlook.com,Yanga,Karine,F,2000-07-22,Moyen,10,2022,Bamenda,Célibataire,1,Faible,Consciencieux,Passable,C,0,Rarement,Moyen
1473,ETU1473,mpenda1473@outlook.com,Penda,Marc,M,2005-10-25,Faible,8,2023,Bamenda,Marié(e),1,Moyenne,Introverti,Bien,D,0,Régulièrement,Moyen
1474,ETU1474,honorinef1474@yahoo.fr,Feudjio,Honorine,F,1999-08-10,Moyen,1,2022,Ngaoundéré,Célibataire,1,Élevée,Extraverti,Passable,C,0,Régulièrement,Moyen
1475,ETU1475,samuelt1475@gmail.com,Tchamba,Samuel,M,1998-11-12,Moyen,5,2022,Douala,Célibataire,0,Moyenne,Introverti,Passable,C,0,Parfois,Faible
1476,ETU1476,tdiallo1476@yahoo.fr,Diallo,Étienne,M,2003-12-28,Faible,9,2022,Douala,Célibataire,0,Élevée,Ambiverti,Bien,D,0,Parfois,Élevé
1477,ETU1477,david.ndzana1477@hotmail.fr,Ndzana,David,M,2005-12-23,Faible,5,2020,Bamenda,Célibataire,2,Élevée,Introverti,Bien,C,0,Rarement,Élevé
1478,ETU1478,laure.ndzana1478@outlook.com,Ndzana,Laure,F,2000-10-17,Élevé,8,2020,Maroua,Célibataire,0,Élevée,Extraverti,Bien,D,0,Intensivement,Élevé
1479,ETU1479,michel.penda1479@orange.cm,Penda,Michel,M,2005-02-16,Moyen,5,2023,Bafoussam,Célibataire,0,Faible,Consciencieux,Assez Bien,D,0,Parfois,Élevé
1480,ETU1480,esthero1480@yahoo.fr,Onana,Esther,F,2004-10-17,Moyen,10,2023,Yaoundé,En couple,2,Moyenne,Introverti,Assez Bien,C,0,Intensivement,Élevé
1481,ETU1481,pissa1481@gmail.com,Issa,Pascal,M,2001-07-01,Moyen,10,2023,Maroua,Célibataire,0,Moyenne,Introverti,Très Bien,D,0,Intensivement,Élevé
1482,ETU1482,thrse.richard1482@gmail.com,Richard,Thérèse,F,2001-07-24,Moyen,6,2023,Bertoua,En couple,0,Élevée,Anxieux,Bien,A,0,Parfois,Élevé
1483,ETU1483,clment.bernard1483@gmail.com,Bernard,Clément,M,2003-10-09,Moyen,6,2021,Bertoua,Célibataire,0,Faible,Consciencieux,Assez Bien,C,0,Rarement,Moyen
1484,ETU1484,isidore.bernard1484@gmail.com,Bernard,Isidore,M,2000-05-10,Moyen,6,2023,Yaoundé,En couple,0,Élevée,Ambiverti,Assez Bien,C,0,Rarement,Moyen
1485,ETU1485,cebene1485@yahoo.fr,Ebene,Cécile,F,2003-12-10,Moyen,9,2022,Bamenda,Célibataire,0,Moyenne,Ambiverti,Bien,C,0,Parfois,Faible
1486,ETU1486,emmanuelk1486@gmail.com,Kamga,Emmanuel,M,2004-07-19,Faible,6,2022,Bamenda,Célibataire,0,Moyenne,Anxieux,Passable,D,0,Régulièrement,Moyen
1487,ETU1487,carlosp1487@gmail.com,Penda,Carlos,M,1999-11-08,Élevé,3,2023,Bertoua,Célibataire,0,Élevée,Extraverti,Bien,F,0,Parfois,Élevé
1488,ETU1488,laurem1488@yahoo.fr,Martin,Laure,F,2000-07-18,Moyen,6,2021,Bertoua,Célibataire,0,Moyenne,Consciencieux,Passable,C,1,Parfois,Élevé
1489,ETU1489,hatangana1489@yahoo.fr,Atangana,Hervé,M,2004-03-22,Moyen,4,2022,Bafoussam,Marié(e),0,Élevée,Anxieux,Très Bien,D,0,Régulièrement,Moyen
1490,ETU1490,hessama1490@outlook.com,Essama,Honorine,F,1998-01-09,Moyen,6,2022,Bertoua,Célibataire,0,Moyenne,Anxieux,Bien,C,0,Intensivement,Élevé
1491,ETU1491,tnyobe1491@gmail.com,Nyobe,Thomas,M,2000-05-02,Moyen,3,2022,Yaoundé,Célibataire,2,Élevée,Ambiverti,Bien,D,0,Régulièrement,Moyen
1492,ETU1492,ggomis1492@outlook.com,Gomis,Grace,F,2004-08-18,Moyen,2,2022,Yaoundé,En couple,1,Moyenne,Extraverti,Assez Bien,D,0,Intensivement,Moyen
1493,ETU1493,sophie.michel1493@gmail.com,Michel,Sophie,F,2002-12-22,Moyen,4,2021,Ngaoundéré,Célibataire,0,Moyenne,Introverti,Bien,C,0,Rarement,Moyen
1494,ETU1494,patrick.biyong1494@yahoo.fr,Biyong,Patrick,M,2002-06-19,Élevé,5,2021,Yaoundé,Célibataire,0,Élevée,Anxieux,Assez Bien,C,0,Rarement,Moyen
1495,ETU1495,pmvondo1495@gmail.com,Mvondo,Patrick,M,2005-02-28,Moyen,3,2021,Garoua,Célibataire,2,Moyenne,Extraverti,Très Bien,D,0,Rarement,Faible
1496,ETU1496,didiers1496@yahoo.fr,Samba,Didier,M,2001-06-13,Moyen,3,2023,Maroua,Célibataire,0,Élevée,Ambiverti,Assez Bien,C,0,Rarement,Élevé
1497,ETU1497,hwamba1497@hotmail.fr,Wamba,Honorine,F,2003-10-19,Moyen,6,2020,Maroua,Célibataire,0,Élevée,Anxieux,Assez Bien,A,0,Parfois,Faible
1498,ETU1498,jacques.okafor1498@hotmail.fr,Okafor,Jacques,M,2003-03-23,Moyen,6,2021,Douala,Célibataire,0,Élevée,Introverti,Bien,D,0,Intensivement,Élevé
1499,ETU1499,franois.umba1499@gmail.com,Umba,François,M,2003-08-10,Moyen,6,2021,Bafoussam,Célibataire,0,Faible,Consciencieux,Passable,D,0,Régulièrement,Élevé
1500,ETU1500,dmanga1500@outlook.com,Manga,Diane,F,2003-11-28,Faible,2,2021,Yaoundé,Célibataire,0,Élevée,Consciencieux,Bien,C,0,Rarement,Élevé
1501,ETU1501,flobe1501@yahoo.fr,Lobe,Fatima,F,1999-09-02,Moyen,3,2022,Bafoussam,Célibataire,1,Moyenne,Consciencieux,Passable,F,0,Rarement,Élevé
1502,ETU1502,ubernard1502@gmail.com,Bernard,Ursula,F,1998-02-18,Élevé,2,2020,Ngaoundéré,Célibataire,0,Élevée,Consciencieux,Passable,G,0,Intensivement,Élevé
1503,ETU1503,didier.thomas1503@gmail.com,Thomas,Didier,M,2004-02-06,Moyen,5,2021,Maroua,Divorcé(e),0,Faible,Extraverti,Assez Bien,G,0,Régulièrement,Moyen
1504,ETU1504,kmbarga1504@outlook.com,Mbarga,Kevin,M,1998-09-18,Moyen,2,2023,Garoua,Célibataire,0,Élevée,Consciencieux,Passable,D,0,Rarement,Élevé
1505,ETU1505,blandinem1505@hotmail.fr,Moreau,Blandine,F,2001-02-15,Élevé,4,2023,Garoua,Marié(e),0,Moyenne,Anxieux,Assez Bien,F,0,Rarement,Élevé
1506,ETU1506,pascal.haidara1506@gmail.com,Haidara,Pascal,M,2005-05-02,Moyen,1,2020,Maroua,Célibataire,0,Élevée,Ambiverti,Très Bien,C,0,Jamais,Moyen
1507,ETU1507,blandiney1507@outlook.com,Yanga,Blandine,F,1998-12-16,Moyen,3,2022,Douala,En couple,0,Moyenne,Anxieux,Bien,G,0,Parfois,Moyen
1508,ETU1508,blaisem1508@orange.cm,Medjo,Blaise,M,1998-06-25,Élevé,8,2020,Ngaoundéré,Célibataire,0,Élevée,Extraverti,Passable,D,0,Intensivement,Faible
1509,ETU1509,josphine.garcia1509@outlook.com,Garcia,Joséphine,F,2001-12-05,Élevé,4,2021,Yaoundé,Célibataire,2,Faible,Extraverti,Bien,D,1,Parfois,Faible
1510,ETU1510,mariep1510@gmail.com,Penda,Marie,F,2000-04-10,Faible,1,2023,Yaoundé,Marié(e),0,Élevée,Ambiverti,Très Bien,D,0,Rarement,Faible
1511,ETU1511,ljourdain1511@outlook.com,Jourdain,Laura,F,2003-09-27,Moyen,6,2022,Bafoussam,En couple,2,Moyenne,Anxieux,Passable,G,0,Intensivement,Élevé
1512,ETU1512,bertrand.simon1512@gmail.com,Simon,Bertrand,M,2001-09-23,Moyen,7,2021,Ngaoundéré,Célibataire,2,Moyenne,Extraverti,Bien,D,0,Jamais,Moyen
1513,ETU1513,viviane.samba1513@gmail.com,Samba,Viviane,F,1999-07-08,Moyen,2,2021,Douala,Célibataire,0,Faible,Introverti,Très Bien,D,0,Parfois,Faible
1514,ETU1514,hervf1514@yahoo.fr,Feudjio,Hervé,M,2002-05-26,Faible,8,2021,Garoua,Célibataire,0,Faible,Introverti,Assez Bien,A,0,Rarement,Moyen
1515,ETU1515,lisef1515@gmail.com,Foko,Élise,F,2000-07-24,Moyen,6,2022,Garoua,Célibataire,1,Moyenne,Anxieux,Très Bien,C,0,Intensivement,Élevé
1516,ETU1516,efoko1516@gmail.com,Foko,Esther,F,2002-01-07,Faible,5,2022,Bafoussam,En couple,0,Élevée,Anxieux,Assez Bien,D,1,Parfois,Élevé
1517,ETU1517,fabricef1517@ymail.com,Feudjio,Fabrice,M,2000-04-17,Moyen,10,2023,Bamenda,Célibataire,1,Faible,Introverti,Bien,F,0,Rarement,Élevé
1518,ETU1518,michelv1518@outlook.com,Vidal,Michel,M,2005-01-26,Moyen,5,2020,Yaoundé,Célibataire,0,Moyenne,Extraverti,Très Bien,C,0,Parfois,Faible
1519,ETU1519,rodriguen1519@gmail.com,Ndzana,Rodrigue,M,2002-09-09,Faible,8,2023,Bamenda,Célibataire,0,Moyenne,Introverti,Très Bien,C,0,Régulièrement,Faible
1520,ETU1520,thrsem1520@orange.cm,Mbarga,Thérèse,F,2004-07-19,Moyen,3,2020,Douala,Célibataire,2,Moyenne,Introverti,Très Bien,G,0,Régulièrement,Moyen
1521,ETU1521,nathalie.samba1521@yahoo.fr,Samba,Nathalie,F,2002-08-19,Moyen,5,2022,Douala,Célibataire,1,Moyenne,Ambiverti,Assez Bien,C,0,Rarement,Faible
1522,ETU1522,davidf1522@outlook.com,Foko,David,M,2005-01-15,Moyen,2,2021,Maroua,En couple,1,Moyenne,Consciencieux,Assez Bien,F,0,Régulièrement,Moyen
1523,ETU1523,fatima.abomo1523@outlook.com,Abomo,Fatima,F,2002-03-21,Moyen,4,2022,Ngaoundéré,Célibataire,0,Élevée,Extraverti,Très Bien,C,0,Intensivement,Faible
1524,ETU1524,nmoreau1524@hotmail.fr,Moreau,Noëlle,F,1999-11-07,Faible,3,2023,Bertoua,Célibataire,1,Faible,Anxieux,Bien,A,1,Parfois,Moyen
1525,ETU1525,dlefebvre1525@gmail.com,Lefebvre,Désiré,M,2002-02-24,Élevé,8,2020,Yaoundé,Célibataire,0,Moyenne,Ambiverti,Assez Bien,C,0,Régulièrement,Moyen
1526,ETU1526,zahram1526@orange.cm,Mbouck,Zahra,F,2002-03-24,Moyen,8,2021,Bertoua,Divorcé(e),0,Moyenne,Anxieux,Bien,C,0,Régulièrement,Moyen
1527,ETU1527,adiallo1527@gmail.com,Diallo,Alice,F,2005-09-18,Élevé,3,2022,Yaoundé,Marié(e),1,Élevée,Extraverti,Bien,D,0,Parfois,Faible
1528,ETU1528,flore.dupont1528@ymail.com,Dupont,Flore,F,2004-12-01,Faible,7,2022,Douala,Célibataire,1,Moyenne,Ambiverti,Assez Bien,F,0,Rarement,Moyen
1529,ETU1529,alain.manga1529@yahoo.fr,Manga,Alain,M,2005-01-27,Moyen,10,2020,Garoua,Célibataire,0,Moyenne,Consciencieux,Assez Bien,D,0,Régulièrement,Élevé
1530,ETU1530,carloss1530@yahoo.fr,Simon,Carlos,M,1998-10-17,Faible,9,2022,Bertoua,Célibataire,0,Moyenne,Introverti,Bien,D,0,Parfois,Élevé
1531,ETU1531,josphines1531@gmail.com,Samba,Joséphine,F,2003-07-11,Moyen,7,2023,Yaoundé,Célibataire,0,Moyenne,Introverti,Assez Bien,D,0,Régulièrement,Moyen
1532,ETU1532,thomas.wamba1532@yahoo.fr,Wamba,Thomas,M,2000-03-02,Faible,3,2023,Garoua,Marié(e),0,Faible,Extraverti,Bien,D,0,Rarement,Faible
1533,ETU1533,pascal.nyobe1533@outlook.com,Nyobe,Pascal,M,1998-08-25,Moyen,5,2020,Garoua,Célibataire,0,Moyenne,Extraverti,Assez Bien,D,0,Parfois,Moyen
1534,ETU1534,cbouchard1534@outlook.com,Bouchard,Christelle,F,1998-01-24,Moyen,4,2023,Bafoussam,Célibataire,2,Moyenne,Consciencieux,Passable,D,0,Parfois,Moyen
1535,ETU1535,didier.issa1535@gmail.com,Issa,Didier,M,2001-08-22,Faible,6,2021,Garoua,Célibataire,0,Élevée,Introverti,Bien,D,0,Régulièrement,Faible
1536,ETU1536,carolen1536@outlook.com,Nguema,Carole,F,2005-01-09,Faible,4,2021,Yaoundé,Marié(e),0,Moyenne,Ambiverti,Assez Bien,D,0,Régulièrement,Moyen
1537,ETU1537,fokafor1537@yahoo.fr,Okafor,Françoise,F,2005-02-19,Moyen,6,2020,Bafoussam,En couple,0,Moyenne,Extraverti,Passable,F,0,Parfois,Moyen
1538,ETU1538,xavier.simon1538@gmail.com,Simon,Xavier,M,2001-08-20,Moyen,7,2022,Bafoussam,Célibataire,0,Élevée,Introverti,Assez Bien,D,0,Régulièrement,Moyen
1539,ETU1539,armandm1539@ymail.com,Mbouck,Armand,M,1998-04-20,Moyen,10,2023,Ngaoundéré,Célibataire,0,Moyenne,Consciencieux,Bien,A,0,Intensivement,Moyen
1540,ETU1540,zfeudjio1540@gmail.com,Feudjio,Zahra,F,1999-11-22,Moyen,3,2022,Ngaoundéré,Célibataire,0,Moyenne,Extraverti,Assez Bien,D,0,Intensivement,Faible
1541,ETU1541,fatima.umba1541@hotmail.fr,Umba,Fatima,F,2004-04-05,Moyen,6,2020,Bertoua,Célibataire,0,Moyenne,Extraverti,Assez Bien,G,0,Parfois,Faible
1542,ETU1542,nbouchard1542@ymail.com,Bouchard,Nathalie,F,2004-04-20,Moyen,10,2022,Bertoua,En couple,0,Faible,Introverti,Assez Bien,G,0,Régulièrement,Moyen
1543,ETU1543,gabriels1543@outlook.com,Simon,Gabriel,M,2001-01-02,Faible,2,2020,Bertoua,Célibataire,1,Élevée,Consciencieux,Passable,D,0,Parfois,Moyen
1544,ETU1544,grard.nyobe1544@gmail.com,Nyobe,Gérard,M,2000-03-24,Faible,9,2023,Ngaoundéré,Célibataire,0,Moyenne,Ambiverti,Bien,A,1,Jamais,Faible
1545,ETU1545,hervp1545@outlook.com,Petit,Hervé,M,2001-12-05,Moyen,5,2023,Yaoundé,Marié(e),0,Élevée,Anxieux,Passable,D,0,Régulièrement,Moyen
1546,ETU1546,nmanga1546@gmail.com,Manga,Nathan,M,2005-02-14,Faible,6,2020,Garoua,Célibataire,0,Élevée,Introverti,Bien,D,0,Régulièrement,Élevé
1547,ETU1547,mdiallo1547@gmail.com,Diallo,Marguerite,F,2003-03-17,Élevé,1,2022,Garoua,Célibataire,0,Élevée,Anxieux,Passable,D,0,Parfois,Élevé
1548,ETU1548,sophiep1548@yahoo.fr,Penda,Sophie,F,2002-06-02,Moyen,7,2022,Ngaoundéré,Célibataire,1,Faible,Extraverti,Assez Bien,A,1,Rarement,Élevé
1549,ETU1549,quentin.okafor1549@gmail.com,Okafor,Quentin,M,2002-04-12,Faible,7,2022,Maroua,Célibataire,0,Faible,Introverti,Assez Bien,A,0,Rarement,Moyen
1550,ETU1550,atoure1550@gmail.com,Toure,Adèle,F,2004-07-01,Élevé,10,2020,Bamenda,Célibataire,0,Moyenne,Introverti,Assez Bien,F,0,Régulièrement,Élevé
1551,ETU1551,patrickm1551@outlook.com,Mvondo,Patrick,M,2004-12-11,Élevé,9,2023,Garoua,Célibataire,0,Élevée,Introverti,Assez Bien,D,0,Parfois,Élevé
1552,ETU1552,isabellem1552@hotmail.fr,Medjo,Isabelle,F,2004-12-23,Moyen,1,2020,Yaoundé,Célibataire,1,Moyenne,Introverti,Bien,A,0,Régulièrement,Élevé
1553,ETU1553,louism1553@ymail.com,Medjo,Louis,M,2002-06-28,Moyen,9,2020,Bamenda,Célibataire,0,Faible,Extraverti,Bien,A,0,Régulièrement,Moyen
1554,ETU1554,williamw1554@hotmail.fr,Wamba,William,M,1999-10-04,Moyen,10,2021,Bafoussam,Célibataire,0,Moyenne,Ambiverti,Assez Bien,G,0,Parfois,Moyen
1555,ETU1555,florentk1555@gmail.com,Kamga,Florent,M,2003-01-16,Élevé,2,2023,Maroua,Célibataire,0,Moyenne,Anxieux,Passable,C,0,Intensivement,Moyen
1556,ETU1556,clmentd1556@gmail.com,Diallo,Clément,M,2001-08-28,Moyen,8,2023,Ngaoundéré,Célibataire,2,Moyenne,Anxieux,Assez Bien,D,0,Rarement,Faible
1557,ETU1557,gcamara1557@yahoo.fr,Camara,Gérard,M,2001-01-13,Moyen,6,2020,Garoua,Célibataire,0,Moyenne,Consciencieux,Passable,D,0,Rarement,Faible
1558,ETU1558,marc.diallo1558@yahoo.fr,Diallo,Marc,M,2000-06-12,Moyen,9,2023,Douala,Célibataire,0,Faible,Ambiverti,Passable,G,0,Régulièrement,Moyen
1559,ETU1559,mnyobe1559@orange.cm,Nyobe,Michel,M,2004-11-04,Moyen,7,2020,Douala,Célibataire,0,Faible,Consciencieux,Passable,G,0,Rarement,Élevé
1560,ETU1560,qrodrigues1560@ymail.com,Rodrigues,Quentin,M,2004-01-18,Moyen,10,2023,Yaoundé,Célibataire,0,Faible,Consciencieux,Bien,C,0,Régulièrement,Moyen
1561,ETU1561,irnec1561@gmail.com,Camara,Irène,F,2004-03-23,Élevé,5,2022,Douala,Célibataire,0,Élevée,Anxieux,Assez Bien,F,0,Régulièrement,Élevé
1562,ETU1562,julie.etoundi1562@gmail.com,Etoundi,Julie,F,1998-05-20,Moyen,8,2023,Ngaoundéré,Célibataire,0,Moyenne,Introverti,Passable,D,0,Régulièrement,Faible
1563,ETU1563,honorine.issa1563@yahoo.fr,Issa,Honorine,F,2004-02-16,Élevé,7,2022,Ngaoundéré,Célibataire,1,Moyenne,Extraverti,Bien,A,0,Intensivement,Élevé
1564,ETU1564,alicef1564@hotmail.fr,Feudjio,Alice,F,2001-05-20,Moyen,5,2023,Maroua,Célibataire,1,Élevée,Consciencieux,Bien,D,1,Intensivement,Moyen
1565,ETU1565,kevin.ebene1565@gmail.com,Ebene,Kevin,M,2003-08-05,Faible,3,2022,Maroua,Célibataire,1,Élevée,Consciencieux,Assez Bien,D,0,Rarement,Faible
1566,ETU1566,lise.petit1566@outlook.com,Petit,Élise,F,2000-02-12,Élevé,1,2022,Yaoundé,Célibataire,0,Élevée,Anxieux,Très Bien,C,0,Intensivement,Moyen
1567,ETU1567,adleo1567@outlook.com,Onana,Adèle,F,2001-05-22,Faible,3,2021,Maroua,Marié(e),0,Faible,Introverti,Très Bien,F,0,Parfois,Élevé
1568,ETU1568,rbello1568@hotmail.fr,Bello,Rodrigue,M,2005-09-08,Faible,4,2023,Douala,Célibataire,2,Moyenne,Introverti,Bien,C,0,Parfois,Faible
1569,ETU1569,fmbarga1569@gmail.com,Mbarga,Fabrice,M,1999-09-04,Moyen,1,2023,Bertoua,En couple,0,Faible,Extraverti,Très Bien,D,0,Parfois,Élevé
1570,ETU1570,tfeudjio1570@gmail.com,Feudjio,Thérèse,F,2003-03-14,Faible,5,2021,Bafoussam,Célibataire,0,Élevée,Ambiverti,Assez Bien,D,1,Rarement,Faible
1571,ETU1571,vcamara1571@yahoo.fr,Camara,Vincent,M,2001-05-11,Moyen,9,2021,Bertoua,Célibataire,0,Faible,Ambiverti,Assez Bien,D,0,Intensivement,Moyen
1572,ETU1572,valrie.nyobe1572@gmail.com,Nyobe,Valérie,F,2005-02-24,Moyen,1,2023,Bafoussam,Célibataire,1,Moyenne,Introverti,Bien,C,0,Régulièrement,Faible
1573,ETU1573,cessama1573@outlook.com,Essama,Clément,M,1998-08-27,Faible,2,2022,Ngaoundéré,Célibataire,0,Faible,Anxieux,Passable,G,1,Parfois,Élevé
1574,ETU1574,yvonnen1574@yahoo.fr,Nyobe,Yvonne,F,2005-05-09,Élevé,4,2020,Bafoussam,Marié(e),1,Élevée,Anxieux,Passable,G,0,Parfois,Élevé
1575,ETU1575,arobert1575@gmail.com,Robert,Adèle,F,1998-02-01,Moyen,4,2022,Douala,Célibataire,0,Moyenne,Ambiverti,Bien,D,0,Parfois,Moyen
1576,ETU1576,irne.dupont1576@yahoo.fr,Dupont,Irène,F,1998-12-26,Élevé,2,2022,Garoua,Marié(e),0,Élevée,Introverti,Assez Bien,F,0,Parfois,Moyen
1577,ETU1577,hkamga1577@yahoo.fr,Kamga,Hugo,M,2000-03-08,Élevé,6,2022,Bertoua,Marié(e),0,Faible,Consciencieux,Bien,F,0,Régulièrement,Élevé
1578,ETU1578,frichard1578@gmail.com,Richard,Françoise,F,2005-05-01,Moyen,4,2023,Bafoussam,Divorcé(e),1,Moyenne,Introverti,Très Bien,C,0,Jamais,Faible
1579,ETU1579,hdubois1579@yahoo.fr,Dubois,Hugo,M,2001-09-14,Élevé,9,2021,Ngaoundéré,Célibataire,0,Élevée,Consciencieux,Passable,G,0,Parfois,Moyen
1580,ETU1580,clmentd1580@hotmail.fr,Donfack,Clément,M,1998-07-13,Moyen,7,2020,Douala,Célibataire,1,Moyenne,Extraverti,Passable,C,0,Parfois,Moyen
1581,ETU1581,hetoundi1581@gmail.com,Etoundi,Henri,M,2002-07-12,Faible,5,2021,Maroua,Célibataire,2,Moyenne,Consciencieux,Bien,D,0,Parfois,Faible
1582,ETU1582,fabomo1582@yahoo.fr,Abomo,François,M,2004-12-11,Moyen,6,2022,Bamenda,En couple,0,Faible,Consciencieux,Assez Bien,G,0,Régulièrement,Moyen
1583,ETU1583,laura.simon1583@gmail.com,Simon,Laura,F,2004-08-14,Moyen,8,2023,Yaoundé,Divorcé(e),0,Moyenne,Extraverti,Passable,G,0,Régulièrement,Moyen
1584,ETU1584,lthomas1584@outlook.com,Thomas,Laura,F,2005-03-07,Faible,10,2020,Maroua,Célibataire,0,Élevée,Anxieux,Bien,A,1,Rarement,Faible
1585,ETU1585,laurat1585@gmail.com,Tchamba,Laura,F,2001-07-09,Moyen,3,2020,Bertoua,Célibataire,1,Moyenne,Consciencieux,Bien,D,0,Rarement,Élevé
1586,ETU1586,thomaso1586@yahoo.fr,Onana,Thomas,M,1999-06-16,Faible,1,2023,Bertoua,Célibataire,1,Moyenne,Consciencieux,Assez Bien,C,1,Régulièrement,Moyen
1587,ETU1587,bumba1587@yahoo.fr,Umba,Bertrand,M,2001-11-06,Faible,9,2023,Bertoua,En couple,0,Élevée,Anxieux,Très Bien,D,0,Régulièrement,Moyen
1588,ETU1588,kevin.feudjio1588@outlook.com,Feudjio,Kevin,M,2005-08-01,Faible,6,2022,Bamenda,Célibataire,1,Élevée,Ambiverti,Assez Bien,D,0,Parfois,Élevé
1589,ETU1589,imoreau1589@outlook.com,Moreau,Irène,F,2004-02-02,Élevé,9,2022,Garoua,En couple,0,Moyenne,Introverti,Assez Bien,F,0,Régulièrement,Élevé
1590,ETU1590,ssamba1590@gmail.com,Samba,Sophie,F,2005-01-06,Moyen,3,2023,Ngaoundéré,Célibataire,0,Moyenne,Extraverti,Bien,C,0,Intensivement,Élevé
1591,ETU1591,arodrigues1591@gmail.com,Rodrigues,Adèle,F,2002-08-24,Faible,6,2021,Yaoundé,Célibataire,0,Élevée,Introverti,Assez Bien,D,1,Régulièrement,Faible
1592,ETU1592,josphine.onana1592@hotmail.fr,Onana,Joséphine,F,2004-06-08,Moyen,5,2022,Garoua,Célibataire,0,Moyenne,Ambiverti,Passable,G,1,Régulièrement,Élevé
1593,ETU1593,bdubois1593@yahoo.fr,Dubois,Blandine,F,2001-03-24,Moyen,4,2023,Maroua,Célibataire,0,Élevée,Consciencieux,Bien,C,0,Régulièrement,Moyen
1594,ETU1594,william.atangana1594@gmail.com,Atangana,William,M,2004-04-06,Élevé,5,2020,Ngaoundéré,Célibataire,0,Élevée,Anxieux,Assez Bien,D,0,Intensivement,Élevé
1595,ETU1595,sophie.essama1595@outlook.com,Essama,Sophie,F,2004-05-23,Élevé,7,2023,Yaoundé,Célibataire,0,Moyenne,Ambiverti,Passable,D,0,Intensivement,Élevé
1596,ETU1596,lised1596@yahoo.fr,Diallo,Élise,F,1999-01-06,Moyen,7,2020,Garoua,Marié(e),0,Faible,Ambiverti,Assez Bien,C,0,Intensivement,Moyen
1597,ETU1597,patricko1597@yahoo.fr,Onana,Patrick,M,1998-07-03,Faible,4,2022,Bafoussam,En couple,0,Moyenne,Consciencieux,Assez Bien,D,0,Régulièrement,Faible
1598,ETU1598,clobe1598@gmail.com,Lobe,Carole,F,2005-01-24,Moyen,9,2023,Ngaoundéré,Célibataire,0,Faible,Anxieux,Bien,D,0,Rarement,Faible
1599,ETU1599,nicolasb1599@yahoo.fr,Bouchard,Nicolas,M,1999-03-07,Moyen,5,2022,Yaoundé,Célibataire,0,Moyenne,Ambiverti,Bien,D,0,Parfois,Élevé
1600,ETU1600,mmichel1600@hotmail.fr,Michel,Madeleine,F,1998-08-19,Faible,1,2023,Bertoua,Célibataire,0,Faible,Ambiverti,Assez Bien,A,1,Jamais,Moyen
1601,ETU1601,imanga1601@gmail.com,Manga,Irène,F,1998-04-09,Moyen,6,2023,Douala,Célibataire,0,Moyenne,Introverti,Passable,C,0,Régulièrement,Faible
1602,ETU1602,marguerite.ndzana1602@outlook.com,Ndzana,Marguerite,F,2001-11-26,Moyen,5,2021,Bamenda,Divorcé(e),2,Moyenne,Ambiverti,Assez Bien,D,0,Régulièrement,Élevé
1603,ETU1603,brunom1603@gmail.com,Manga,Bruno,M,2000-11-02,Moyen,6,2023,Bafoussam,Célibataire,2,Élevée,Introverti,Assez Bien,G,0,Rarement,Moyen
1604,ETU1604,amanga1604@gmail.com,Manga,Amina,F,2001-01-20,Élevé,3,2021,Yaoundé,En couple,0,Moyenne,Consciencieux,Très Bien,A,0,Intensivement,Élevé
1605,ETU1605,dsirr1605@gmail.com,Robert,Désiré,M,2001-03-01,Faible,10,2022,Ngaoundéré,Célibataire,0,Élevée,Anxieux,Passable,A,1,Rarement,Élevé
1606,ETU1606,dumba1606@gmail.com,Umba,David,M,1999-12-02,Moyen,1,2022,Bafoussam,Marié(e),0,Élevée,Ambiverti,Assez Bien,D,0,Parfois,Moyen
1607,ETU1607,vwamba1607@yahoo.fr,Wamba,Viviane,F,2003-04-17,Élevé,6,2020,Bamenda,Célibataire,0,Moyenne,Anxieux,Bien,G,0,Régulièrement,Moyen
1608,ETU1608,xzobel1608@gmail.com,Zobel,Xavier,M,2005-11-14,Moyen,9,2020,Bertoua,En couple,0,Moyenne,Extraverti,Très Bien,A,0,Parfois,Élevé
1609,ETU1609,grace.biyong1609@yahoo.fr,Biyong,Grace,F,2003-01-27,Moyen,5,2022,Bamenda,Célibataire,0,Élevée,Introverti,Bien,D,0,Régulièrement,Moyen
1610,ETU1610,cmedjo1610@gmail.com,Medjo,Christophe,M,2004-10-12,Moyen,6,2021,Bertoua,Célibataire,0,Moyenne,Extraverti,Passable,G,0,Rarement,Faible
1611,ETU1611,honorines1611@gmail.com,Samba,Honorine,F,2003-10-28,Faible,5,2020,Maroua,Célibataire,0,Moyenne,Introverti,Bien,G,0,Régulièrement,Moyen
1612,ETU1612,zahrag1612@hotmail.fr,Garcia,Zahra,F,2002-09-27,Moyen,7,2023,Bamenda,Célibataire,0,Élevée,Introverti,Assez Bien,C,0,Rarement,Élevé
1613,ETU1613,vincent.bello1613@gmail.com,Bello,Vincent,M,2000-08-14,Moyen,10,2020,Bamenda,Célibataire,0,Élevée,Extraverti,Très Bien,D,0,Intensivement,Moyen
1614,ETU1614,tnkeng1614@gmail.com,Nkeng,Étienne,M,2001-05-04,Moyen,1,2020,Douala,Célibataire,0,Moyenne,Introverti,Passable,C,0,Parfois,Élevé
1615,ETU1615,marguerite.etoundi1615@yahoo.fr,Etoundi,Marguerite,F,2001-04-12,Moyen,8,2023,Yaoundé,Célibataire,0,Moyenne,Consciencieux,Assez Bien,A,0,Régulièrement,Élevé
1616,ETU1616,marie.foko1616@outlook.com,Foko,Marie,F,2005-02-12,Élevé,8,2022,Douala,En couple,0,Élevée,Anxieux,Assez Bien,C,0,Régulièrement,Élevé
1617,ETU1617,carolel1617@gmail.com,Lefebvre,Carole,F,2003-11-22,Faible,2,2020,Garoua,Célibataire,0,Faible,Consciencieux,Passable,G,0,Jamais,Faible
1618,ETU1618,laurentt1618@yahoo.fr,Thomas,Laurent,M,2001-08-19,Faible,1,2021,Douala,Célibataire,0,Moyenne,Anxieux,Bien,F,0,Rarement,Moyen
1619,ETU1619,ethomas1619@yahoo.fr,Thomas,Esther,F,2004-04-24,Élevé,3,2020,Maroua,Célibataire,1,Élevée,Extraverti,Passable,D,0,Parfois,Moyen
1620,ETU1620,qrobert1620@yahoo.fr,Robert,Quentin,M,2001-11-25,Faible,8,2023,Maroua,En couple,0,Moyenne,Ambiverti,Assez Bien,D,0,Régulièrement,Moyen
1621,ETU1621,jollep1621@orange.cm,Petit,Joëlle,F,1999-05-09,Moyen,10,2021,Bafoussam,Célibataire,0,Moyenne,Extraverti,Passable,C,0,Parfois,Moyen
1622,ETU1622,paulined1622@gmail.com,Donfack,Pauline,F,1998-09-19,Élevé,5,2023,Bafoussam,Célibataire,1,Élevée,Introverti,Très Bien,A,0,Régulièrement,Moyen
1623,ETU1623,amoreau1623@gmail.com,Moreau,Amina,F,2005-03-06,Élevé,4,2023,Bamenda,Célibataire,2,Élevée,Consciencieux,Passable,C,0,Intensivement,Moyen
1624,ETU1624,ipenda1624@outlook.com,Penda,Irène,F,1998-05-26,Moyen,10,2023,Yaoundé,En couple,0,Moyenne,Extraverti,Assez Bien,G,0,Parfois,Élevé
1625,ETU1625,wwamba1625@gmail.com,Wamba,William,M,1999-12-05,Élevé,8,2023,Garoua,Célibataire,0,Élevée,Extraverti,Très Bien,F,0,Régulièrement,Faible
1626,ETU1626,rlobe1626@yahoo.fr,Lobe,Reine,F,1998-01-10,Faible,9,2023,Yaoundé,Célibataire,0,Moyenne,Consciencieux,Passable,C,1,Régulièrement,Moyen
1627,ETU1627,ccile.zobel1627@gmail.com,Zobel,Cécile,F,1999-04-08,Moyen,9,2022,Garoua,Marié(e),2,Moyenne,Extraverti,Très Bien,G,0,Intensivement,Moyen
1628,ETU1628,fabrice.etoundi1628@gmail.com,Etoundi,Fabrice,M,1998-05-05,Faible,9,2020,Maroua,Célibataire,0,Élevée,Ambiverti,Assez Bien,F,0,Régulièrement,Moyen
1629,ETU1629,franoise.onana1629@gmail.com,Onana,Françoise,F,2002-10-27,Moyen,6,2020,Garoua,Célibataire,0,Moyenne,Anxieux,Assez Bien,D,0,Régulièrement,Faible
1630,ETU1630,tatangana1630@gmail.com,Atangana,Thomas,M,2005-08-24,Élevé,6,2020,Garoua,Célibataire,0,Moyenne,Consciencieux,Passable,G,0,Régulièrement,Élevé
1631,ETU1631,hortense.toure1631@gmail.com,Toure,Hortense,F,2005-04-27,Faible,5,2021,Ngaoundéré,Célibataire,0,Moyenne,Extraverti,Passable,D,0,Rarement,Moyen
1632,ETU1632,wanda.michel1632@gmail.com,Michel,Wanda,F,1998-07-25,Faible,8,2022,Douala,En couple,0,Moyenne,Consciencieux,Très Bien,D,0,Intensivement,Élevé
1633,ETU1633,alain.yanga1633@gmail.com,Yanga,Alain,M,2004-09-16,Faible,10,2020,Garoua,Célibataire,0,Élevée,Introverti,Passable,D,0,Intensivement,Moyen
1634,ETU1634,marieb1634@yahoo.fr,Bouchard,Marie,F,2001-12-08,Faible,6,2022,Douala,Marié(e),0,Moyenne,Introverti,Passable,G,0,Rarement,Élevé
1635,ETU1635,carlosj1635@yahoo.fr,Jourdain,Carlos,M,2002-03-13,Moyen,7,2022,Yaoundé,Célibataire,0,Moyenne,Consciencieux,Passable,D,0,Rarement,Élevé
1636,ETU1636,gdiallo1636@gmail.com,Diallo,Grace,F,2001-04-10,Moyen,6,2021,Maroua,Célibataire,1,Moyenne,Introverti,Assez Bien,D,0,Parfois,Moyen
1637,ETU1637,zfeudjio1637@gmail.com,Feudjio,Zacharie,M,2002-04-15,Élevé,1,2021,Garoua,Célibataire,0,Faible,Ambiverti,Passable,A,0,Intensivement,Moyen
1638,ETU1638,armand.ndzana1638@gmail.com,Ndzana,Armand,M,2005-02-15,Moyen,9,2022,Yaoundé,Célibataire,0,Moyenne,Ambiverti,Assez Bien,C,0,Régulièrement,Élevé
1639,ETU1639,davidb1639@outlook.com,Biyong,David,M,2003-12-12,Élevé,10,2020,Maroua,Célibataire,0,Élevée,Introverti,Bien,A,0,Parfois,Élevé
1640,ETU1640,carolem1640@hotmail.fr,Martin,Carole,F,2003-12-23,Élevé,5,2022,Maroua,Divorcé(e),1,Moyenne,Introverti,Bien,D,0,Parfois,Élevé
1641,ETU1641,lauraa1641@yahoo.fr,Atangana,Laura,F,2005-09-21,Moyen,3,2021,Douala,Célibataire,1,Moyenne,Anxieux,Passable,A,0,Rarement,Moyen
1642,ETU1642,irneb1642@hotmail.fr,Bello,Irène,F,1999-01-20,Élevé,4,2023,Bertoua,Célibataire,1,Élevée,Anxieux,Bien,A,0,Régulièrement,Élevé
1643,ETU1643,fkamga1643@yahoo.fr,Kamga,Flore,F,1998-06-28,Élevé,9,2023,Bamenda,Célibataire,2,Élevée,Introverti,Passable,D,0,Intensivement,Élevé
1644,ETU1644,eessama1644@gmail.com,Essama,Emmanuella,F,2004-05-14,Faible,8,2023,Douala,Célibataire,0,Élevée,Anxieux,Bien,D,1,Parfois,Moyen
1645,ETU1645,xavierd1645@outlook.com,Dupont,Xavier,M,2001-12-27,Moyen,8,2022,Bertoua,Marié(e),1,Moyenne,Extraverti,Passable,C,0,Parfois,Élevé
1646,ETU1646,xleroy1646@gmail.com,Leroy,Xavier,M,1999-09-05,Moyen,8,2023,Maroua,Célibataire,0,Élevée,Extraverti,Assez Bien,C,0,Parfois,Moyen
1647,ETU1647,isidore.penda1647@gmail.com,Penda,Isidore,M,2003-07-20,Moyen,8,2020,Bertoua,Célibataire,0,Élevée,Extraverti,Assez Bien,A,0,Régulièrement,Moyen
1648,ETU1648,laurent.foko1648@outlook.com,Foko,Laurent,M,2004-10-19,Faible,6,2021,Bertoua,Célibataire,0,Moyenne,Consciencieux,Assez Bien,D,1,Rarement,Moyen
1649,ETU1649,ocanep1649@gmail.com,Penda,Océane,F,2003-06-06,Moyen,3,2020,Garoua,Célibataire,0,Moyenne,Consciencieux,Assez Bien,D,0,Régulièrement,Faible
1650,ETU1650,zahra.haidara1650@yahoo.fr,Haidara,Zahra,F,2005-04-19,Élevé,3,2021,Bertoua,Célibataire,0,Élevée,Consciencieux,Assez Bien,F,1,Régulièrement,Moyen
1651,ETU1651,emmanuellae1651@outlook.com,Essama,Emmanuella,F,1998-06-11,Élevé,8,2023,Douala,Célibataire,0,Moyenne,Ambiverti,Passable,A,0,Régulièrement,Moyen
1652,ETU1652,tiennew1652@gmail.com,Wamba,Étienne,M,2005-06-02,Élevé,3,2023,Maroua,Célibataire,3,Moyenne,Introverti,Bien,C,0,Rarement,Élevé
1653,ETU1653,marcb1653@hotmail.fr,Bouchard,Marc,M,1999-07-18,Moyen,8,2020,Douala,Marié(e),0,Moyenne,Introverti,Assez Bien,C,0,Jamais,Moyen
1654,ETU1654,thomasj1654@gmail.com,Jourdain,Thomas,M,2005-12-19,Moyen,10,2021,Douala,Marié(e),0,Faible,Ambiverti,Passable,G,0,Intensivement,Moyen
1655,ETU1655,jeand1655@yahoo.fr,Donfack,Jean,M,2001-06-15,Élevé,6,2021,Ngaoundéré,Célibataire,0,Élevée,Ambiverti,Passable,D,0,Parfois,Moyen
1656,ETU1656,josphine.kamga1656@gmail.com,Kamga,Joséphine,F,2004-03-10,Élevé,6,2022,Garoua,Célibataire,0,Faible,Introverti,Passable,C,0,Parfois,Élevé
1657,ETU1657,alice.simon1657@gmail.com,Simon,Alice,F,1999-08-08,Moyen,4,2022,Garoua,En couple,0,Élevée,Introverti,Très Bien,G,0,Régulièrement,Élevé
1658,ETU1658,davidp1658@gmail.com,Petit,David,M,2003-02-13,Faible,3,2020,Bamenda,Célibataire,0,Faible,Introverti,Très Bien,C,0,Rarement,Moyen
1659,ETU1659,reine.etoundi1659@gmail.com,Etoundi,Reine,F,1999-09-24,Élevé,6,2022,Ngaoundéré,Marié(e),1,Élevée,Introverti,Assez Bien,G,0,Régulièrement,Moyen
1660,ETU1660,margueriteh1660@yahoo.fr,Haidara,Marguerite,F,2005-11-20,Faible,6,2023,Maroua,Célibataire,0,Faible,Consciencieux,Bien,C,0,Rarement,Faible
1661,ETU1661,laurent.dubois1661@outlook.com,Dubois,Laurent,M,2002-09-04,Faible,5,2020,Bafoussam,Célibataire,1,Élevée,Extraverti,Bien,C,0,Intensivement,Faible
1662,ETU1662,hugoo1662@gmail.com,Onana,Hugo,M,2000-12-01,Faible,5,2020,Douala,Célibataire,0,Élevée,Ambiverti,Bien,D,0,Parfois,Moyen
1663,ETU1663,dlobe1663@ymail.com,Lobe,Didier,M,1999-04-22,Moyen,6,2020,Douala,Célibataire,0,Élevée,Consciencieux,Assez Bien,F,0,Régulièrement,Faible
1664,ETU1664,marc.diallo1664@hotmail.fr,Diallo,Marc,M,2003-03-07,Faible,7,2021,Bafoussam,En couple,1,Faible,Extraverti,Très Bien,F,0,Parfois,Faible
1665,ETU1665,gonana1665@orange.cm,Onana,Gisèle,F,1999-11-08,Élevé,3,2020,Yaoundé,En couple,1,Moyenne,Ambiverti,Bien,C,0,Intensivement,Élevé
1666,ETU1666,imbarga1666@yahoo.fr,Mbarga,Isabelle,F,2001-11-21,Élevé,10,2023,Bertoua,Célibataire,1,Élevée,Introverti,Assez Bien,F,0,Intensivement,Élevé
1667,ETU1667,ltchio1667@hotmail.fr,Tchio,Laura,F,2002-12-02,Faible,4,2020,Bafoussam,Marié(e),0,Élevée,Consciencieux,Bien,G,0,Jamais,Élevé
1668,ETU1668,slobe1668@yahoo.fr,Lobe,Sophie,F,2004-06-10,Élevé,7,2021,Douala,Célibataire,0,Élevée,Ambiverti,Bien,G,0,Régulièrement,Élevé
1669,ETU1669,gbouchard1669@yahoo.fr,Bouchard,Gabriel,M,2001-07-21,Faible,3,2023,Garoua,Célibataire,2,Moyenne,Ambiverti,Très Bien,F,0,Parfois,Moyen
1670,ETU1670,henrim1670@outlook.com,Mbarga,Henri,M,2003-10-08,Faible,2,2023,Yaoundé,Célibataire,1,Faible,Anxieux,Passable,C,0,Jamais,Moyen
1671,ETU1671,gislez1671@outlook.com,Zobel,Gisèle,F,1998-12-18,Moyen,5,2022,Yaoundé,Marié(e),0,Moyenne,Introverti,Passable,C,0,Intensivement,Moyen
1672,ETU1672,pyanga1672@outlook.com,Yanga,Pauline,F,1999-10-25,Élevé,9,2022,Douala,En couple,1,Élevée,Consciencieux,Assez Bien,C,0,Parfois,Élevé
1673,ETU1673,tgomis1673@gmail.com,Gomis,Thérèse,F,2004-04-22,Moyen,2,2020,Bamenda,Célibataire,0,Moyenne,Ambiverti,Bien,F,0,Parfois,Moyen
1674,ETU1674,quentin.ebene1674@gmail.com,Ebene,Quentin,M,2005-04-16,Élevé,3,2021,Bafoussam,Célibataire,1,Élevée,Anxieux,Bien,G,0,Intensivement,Élevé
1675,ETU1675,andzana1675@gmail.com,Ndzana,Armand,M,1999-03-17,Faible,2,2021,Ngaoundéré,Célibataire,0,Moyenne,Consciencieux,Bien,C,1,Régulièrement,Élevé
1676,ETU1676,fabrice.ndzana1676@orange.cm,Ndzana,Fabrice,M,2001-02-03,Moyen,4,2021,Maroua,En couple,0,Élevée,Anxieux,Assez Bien,C,0,Intensivement,Élevé
1677,ETU1677,bpenda1677@yahoo.fr,Penda,Bruno,M,1999-09-26,Faible,7,2022,Yaoundé,Célibataire,0,Moyenne,Introverti,Très Bien,A,0,Régulièrement,Faible
1678,ETU1678,henrir1678@yahoo.fr,Rodrigues,Henri,M,2004-02-14,Moyen,8,2023,Maroua,Célibataire,0,Faible,Anxieux,Passable,D,0,Régulièrement,Élevé
1679,ETU1679,blaise.umba1679@gmail.com,Umba,Blaise,M,2005-05-07,Moyen,5,2022,Garoua,Célibataire,0,Moyenne,Introverti,Passable,A,0,Rarement,Faible
1680,ETU1680,zahra.wamba1680@outlook.com,Wamba,Zahra,F,2005-10-10,Faible,8,2021,Douala,Célibataire,0,Moyenne,Consciencieux,Assez Bien,G,0,Parfois,Moyen
1681,ETU1681,viviane.moreau1681@hotmail.fr,Moreau,Viviane,F,2005-08-14,Moyen,8,2022,Bafoussam,Divorcé(e),0,Moyenne,Ambiverti,Passable,G,0,Parfois,Faible
1682,ETU1682,rodriguem1682@gmail.com,Michel,Rodrigue,M,2005-04-02,Faible,2,2022,Yaoundé,En couple,0,Moyenne,Ambiverti,Bien,A,0,Intensivement,Moyen
1683,ETU1683,petoundi1683@gmail.com,Etoundi,Pauline,F,2004-05-24,Moyen,4,2020,Bafoussam,Célibataire,0,Élevée,Extraverti,Assez Bien,F,0,Régulièrement,Élevé
1684,ETU1684,xaviers1684@yahoo.fr,Samba,Xavier,M,2002-10-07,Moyen,10,2021,Bertoua,Célibataire,0,Moyenne,Introverti,Très Bien,C,0,Parfois,Moyen
1685,ETU1685,williamm1685@gmail.com,Manga,William,M,2005-09-22,Faible,1,2022,Ngaoundéré,Célibataire,1,Faible,Anxieux,Passable,C,0,Rarement,Élevé
1686,ETU1686,franoise.abomo1686@outlook.com,Abomo,Françoise,F,2000-11-23,Élevé,3,2020,Douala,En couple,0,Élevée,Consciencieux,Passable,D,0,Régulièrement,Faible
1687,ETU1687,ltoure1687@hotmail.fr,Toure,Louis,M,2004-02-23,Moyen,8,2020,Bafoussam,Célibataire,0,Faible,Anxieux,Très Bien,F,0,Intensivement,Moyen
1688,ETU1688,isabellef1688@outlook.com,Feudjio,Isabelle,F,2002-05-27,Élevé,8,2020,Bertoua,En couple,0,Élevée,Introverti,Passable,A,0,Régulièrement,Élevé
1689,ETU1689,ttoure1689@gmail.com,Toure,Étienne,M,2002-04-26,Moyen,8,2021,Garoua,Célibataire,1,Moyenne,Introverti,Assez Bien,D,0,Régulièrement,Élevé
1690,ETU1690,quentinm1690@gmail.com,Mbouck,Quentin,M,2001-09-04,Élevé,8,2021,Maroua,Célibataire,0,Moyenne,Extraverti,Passable,D,0,Régulièrement,Élevé
1691,ETU1691,ibrahim.penda1691@yahoo.fr,Penda,Ibrahim,M,1999-05-12,Moyen,6,2020,Bafoussam,Célibataire,1,Faible,Extraverti,Passable,G,1,Parfois,Moyen
1692,ETU1692,ambouck1692@gmail.com,Mbouck,Amina,F,2005-05-01,Élevé,6,2021,Yaoundé,Célibataire,0,Moyenne,Consciencieux,Passable,A,0,Régulièrement,Moyen
1693,ETU1693,bruno.martin1693@gmail.com,Martin,Bruno,M,1998-08-04,Faible,7,2021,Garoua,Célibataire,2,Moyenne,Consciencieux,Passable,D,0,Rarement,Moyen
1694,ETU1694,mmoreau1694@gmail.com,Moreau,Marie,F,2002-11-05,Moyen,7,2020,Maroua,En couple,0,Faible,Consciencieux,Bien,D,0,Régulièrement,Moyen
1695,ETU1695,valrien1695@outlook.com,Nguema,Valérie,F,2005-06-18,Élevé,7,2021,Garoua,Marié(e),0,Moyenne,Introverti,Passable,D,0,Régulièrement,Élevé
1696,ETU1696,marguerite.zobel1696@hotmail.fr,Zobel,Marguerite,F,2001-06-17,Faible,4,2022,Bertoua,Célibataire,0,Moyenne,Ambiverti,Passable,G,0,Jamais,Élevé
1697,ETU1697,xrodrigues1697@yahoo.fr,Rodrigues,Xavier,M,2002-03-12,Faible,8,2023,Yaoundé,Célibataire,1,Faible,Introverti,Assez Bien,C,0,Intensivement,Faible
1698,ETU1698,nleroy1698@gmail.com,Leroy,Noëlle,F,2000-07-10,Moyen,3,2023,Ngaoundéré,Marié(e),1,Élevée,Consciencieux,Assez Bien,G,0,Parfois,Moyen
1699,ETU1699,mgomis1699@yahoo.fr,Gomis,Michel,M,2000-02-01,Élevé,5,2020,Garoua,Célibataire,1,Moyenne,Ambiverti,Bien,D,0,Intensivement,Élevé
1700,ETU1700,atchamba1700@orange.cm,Tchamba,Armand,M,2002-08-01,Moyen,3,2023,Garoua,En couple,0,Moyenne,Extraverti,Passable,D,0,Intensivement,Élevé
1701,ETU1701,patricia.biyong1701@gmail.com,Biyong,Patricia,F,2002-05-05,Moyen,10,2022,Bamenda,Célibataire,1,Moyenne,Ambiverti,Assez Bien,F,0,Régulièrement,Élevé
1702,ETU1702,fmvondo1702@outlook.com,Mvondo,Françoise,F,1999-03-15,Moyen,2,2023,Yaoundé,En couple,2,Moyenne,Extraverti,Bien,D,0,Intensivement,Moyen
1703,ETU1703,ngarcia1703@gmail.com,Garcia,Nicolas,M,2001-07-28,Moyen,3,2023,Douala,En couple,0,Moyenne,Consciencieux,Bien,G,0,Régulièrement,Faible
1704,ETU1704,kevin.moreau1704@gmail.com,Moreau,Kevin,M,2004-04-17,Faible,2,2020,Bafoussam,Célibataire,0,Moyenne,Ambiverti,Assez Bien,D,1,Régulièrement,Élevé
1705,ETU1705,cfeudjio1705@yahoo.fr,Feudjio,Christophe,M,2004-08-16,Moyen,3,2021,Garoua,En couple,0,Moyenne,Extraverti,Bien,G,0,Parfois,Moyen
1706,ETU1706,plobe1706@gmail.com,Lobe,Pauline,F,1999-06-04,Faible,3,2023,Ngaoundéré,Célibataire,2,Élevée,Ambiverti,Passable,D,0,Jamais,Élevé
1707,ETU1707,nathalie.simon1707@gmail.com,Simon,Nathalie,F,1999-06-12,Moyen,2,2020,Garoua,Divorcé(e),0,Moyenne,Ambiverti,Passable,D,1,Régulièrement,Élevé
1708,ETU1708,estherm1708@ymail.com,Medjo,Esther,F,2001-02-05,Moyen,4,2022,Yaoundé,Marié(e),0,Moyenne,Ambiverti,Très Bien,G,0,Parfois,Moyen
1709,ETU1709,andrl1709@gmail.com,Leroy,André,M,1998-01-20,Faible,3,2021,Bamenda,Divorcé(e),0,Moyenne,Introverti,Passable,G,0,Jamais,Élevé
1710,ETU1710,carole.issa1710@ymail.com,Issa,Carole,F,2001-04-03,Élevé,10,2023,Yaoundé,Célibataire,0,Élevée,Consciencieux,Assez Bien,C,0,Régulièrement,Élevé
1711,ETU1711,lise.robert1711@ymail.com,Robert,Élise,F,2003-01-06,Élevé,5,2020,Yaoundé,Célibataire,0,Faible,Ambiverti,Assez Bien,D,0,Régulièrement,Élevé
1712,ETU1712,nolle.donfack1712@gmail.com,Donfack,Noëlle,F,1999-05-11,Faible,10,2023,Bafoussam,Célibataire,0,Moyenne,Introverti,Bien,A,0,Parfois,Moyen
1713,ETU1713,thomast1713@outlook.com,Tchio,Thomas,M,2001-11-18,Faible,6,2020,Maroua,Célibataire,1,Faible,Anxieux,Passable,G,0,Parfois,Faible
1714,ETU1714,bertrandt1714@yahoo.fr,Tchio,Bertrand,M,2004-08-09,Élevé,8,2023,Ngaoundéré,Célibataire,2,Élevée,Introverti,Très Bien,F,0,Intensivement,Élevé
1715,ETU1715,franoisee1715@yahoo.fr,Essama,Françoise,F,2000-07-10,Élevé,9,2023,Douala,Célibataire,0,Élevée,Anxieux,Très Bien,C,0,Régulièrement,Moyen
1716,ETU1716,sophie.yanga1716@gmail.com,Yanga,Sophie,F,2000-05-08,Élevé,8,2020,Ngaoundéré,Célibataire,0,Moyenne,Ambiverti,Assez Bien,C,0,Régulièrement,Élevé
1717,ETU1717,david.onana1717@outlook.com,Onana,David,M,2001-11-24,Faible,4,2022,Bamenda,Célibataire,0,Faible,Extraverti,Assez Bien,C,1,Parfois,Élevé
1718,ETU1718,xaviero1718@gmail.com,Okafor,Xavier,M,2000-12-10,Faible,7,2023,Garoua,Célibataire,0,Moyenne,Introverti,Passable,G,0,Régulièrement,Élevé
1719,ETU1719,marcs1719@gmail.com,Samba,Marc,M,1999-04-27,Moyen,6,2021,Yaoundé,Célibataire,1,Moyenne,Extraverti,Assez Bien,D,0,Régulièrement,Élevé
1720,ETU1720,carole.thomas1720@hotmail.fr,Thomas,Carole,F,1998-01-16,Faible,7,2020,Maroua,En couple,0,Faible,Extraverti,Très Bien,G,0,Parfois,Faible
1721,ETU1721,yannm1721@yahoo.fr,Moreau,Yann,M,2005-02-22,Moyen,7,2021,Bamenda,Célibataire,0,Moyenne,Extraverti,Passable,C,0,Rarement,Moyen
1722,ETU1722,danielle.haidara1722@gmail.com,Haidara,Danielle,F,2000-05-25,Moyen,8,2022,Maroua,Célibataire,0,Moyenne,Extraverti,Passable,A,0,Parfois,Élevé
1723,ETU1723,franoisn1723@gmail.com,Nkeng,François,M,2000-03-07,Moyen,10,2021,Maroua,Célibataire,0,Élevée,Extraverti,Bien,A,0,Jamais,Faible
1724,ETU1724,crobert1724@outlook.com,Robert,Cécile,F,2005-02-12,Élevé,5,2020,Maroua,Célibataire,2,Élevée,Extraverti,Passable,C,0,Régulièrement,Élevé
1725,ETU1725,eessama1725@ymail.com,Essama,Esther,F,2004-08-26,Élevé,8,2023,Bamenda,Célibataire,0,Élevée,Consciencieux,Bien,D,0,Régulièrement,Élevé
1726,ETU1726,mthomas1726@gmail.com,Thomas,Michel,M,2002-06-11,Élevé,2,2023,Bafoussam,Célibataire,0,Élevée,Consciencieux,Assez Bien,A,0,Régulièrement,Élevé
1727,ETU1727,alain.thomas1727@hotmail.fr,Thomas,Alain,M,1999-11-23,Moyen,1,2023,Bafoussam,Célibataire,0,Moyenne,Consciencieux,Bien,C,0,Régulièrement,Élevé
1728,ETU1728,ccile.thomas1728@gmail.com,Thomas,Cécile,F,2001-10-02,Faible,2,2022,Maroua,Marié(e),0,Faible,Introverti,Très Bien,G,0,Régulièrement,Élevé
1729,ETU1729,zacharie.yanga1729@gmail.com,Yanga,Zacharie,M,2002-09-18,Moyen,9,2023,Garoua,Célibataire,2,Moyenne,Extraverti,Assez Bien,A,1,Parfois,Faible
1730,ETU1730,lpetit1730@gmail.com,Petit,Élise,F,2001-11-17,Moyen,2,2021,Ngaoundéré,En couple,1,Élevée,Ambiverti,Assez Bien,G,0,Intensivement,Moyen
1731,ETU1731,liser1731@yahoo.fr,Robert,Élise,F,2000-06-22,Moyen,1,2020,Bafoussam,Marié(e),0,Moyenne,Ambiverti,Bien,D,0,Rarement,Élevé
1732,ETU1732,zachariem1732@yahoo.fr,Mbouck,Zacharie,M,2002-03-14,Moyen,6,2020,Bertoua,En couple,0,Moyenne,Consciencieux,Assez Bien,G,0,Parfois,Faible
1733,ETU1733,nathan.donfack1733@hotmail.fr,Donfack,Nathan,M,1998-11-26,Élevé,6,2021,Maroua,Célibataire,0,Élevée,Introverti,Passable,F,0,Régulièrement,Élevé
1734,ETU1734,akamga1734@gmail.com,Kamga,Amina,F,2002-12-09,Moyen,3,2021,Bafoussam,Célibataire,0,Moyenne,Introverti,Assez Bien,C,0,Parfois,Élevé
1735,ETU1735,isabellev1735@gmail.com,Vidal,Isabelle,F,2001-11-18,Faible,5,2020,Maroua,Célibataire,0,Moyenne,Introverti,Bien,G,0,Rarement,Faible
1736,ETU1736,marie.donfack1736@outlook.com,Donfack,Marie,F,2003-01-16,Faible,1,2021,Maroua,Célibataire,0,Élevée,Extraverti,Bien,D,0,Parfois,Moyen
1737,ETU1737,fbello1737@gmail.com,Bello,François,M,1998-08-16,Faible,9,2021,Bertoua,Célibataire,0,Moyenne,Extraverti,Très Bien,G,0,Rarement,Moyen
1738,ETU1738,lisep1738@gmail.com,Petit,Élise,F,2000-08-12,Moyen,4,2022,Bafoussam,Célibataire,0,Élevée,Ambiverti,Très Bien,C,0,Parfois,Moyen
1739,ETU1739,laura.robert1739@hotmail.fr,Robert,Laura,F,1998-03-03,Moyen,2,2021,Maroua,Célibataire,2,Moyenne,Ambiverti,Assez Bien,D,0,Régulièrement,Moyen
1740,ETU1740,gisle.manga1740@gmail.com,Manga,Gisèle,F,2001-12-27,Moyen,3,2020,Maroua,Célibataire,0,Moyenne,Anxieux,Très Bien,C,0,Rarement,Élevé
1741,ETU1741,franoist1741@hotmail.fr,Tchio,François,M,1999-07-22,Faible,3,2020,Garoua,En couple,0,Moyenne,Extraverti,Bien,D,1,Régulièrement,Moyen
1742,ETU1742,stoure1742@yahoo.fr,Toure,Sophie,F,2002-04-27,Faible,10,2023,Ngaoundéré,Célibataire,2,Faible,Anxieux,Très Bien,D,0,Régulièrement,Moyen
1743,ETU1743,ukamga1743@ymail.com,Kamga,Ulrich,M,2005-09-02,Élevé,9,2023,Yaoundé,Célibataire,0,Élevée,Introverti,Assez Bien,C,0,Parfois,Élevé
1744,ETU1744,nnkeng1744@ymail.com,Nkeng,Nathalie,F,2000-06-17,Moyen,7,2023,Ngaoundéré,Célibataire,0,Moyenne,Extraverti,Assez Bien,D,0,Parfois,Moyen
1745,ETU1745,olivier.lobe1745@ymail.com,Lobe,Olivier,M,2002-07-12,Moyen,7,2022,Bamenda,Célibataire,3,Moyenne,Introverti,Bien,C,0,Régulièrement,Moyen
1746,ETU1746,gonana1746@ymail.com,Onana,Gérard,M,2005-07-19,Moyen,6,2022,Bafoussam,Célibataire,0,Moyenne,Consciencieux,Passable,F,0,Parfois,Élevé
1747,ETU1747,laurent.onana1747@gmail.com,Onana,Laurent,M,2004-12-09,Moyen,3,2020,Bertoua,Célibataire,0,Faible,Consciencieux,Assez Bien,D,0,Intensivement,Moyen
1748,ETU1748,osimon1748@ymail.com,Simon,Olivier,M,2004-07-02,Faible,5,2021,Yaoundé,Célibataire,0,Faible,Introverti,Bien,A,1,Rarement,Élevé
1749,ETU1749,xnkeng1749@yahoo.fr,Nkeng,Xavier,M,2000-05-22,Faible,3,2021,Ngaoundéré,Célibataire,0,Faible,Ambiverti,Bien,F,0,Régulièrement,Moyen
1750,ETU1750,mgarcia1750@outlook.com,Garcia,Marie,F,1998-09-15,Moyen,4,2022,Maroua,Célibataire,3,Moyenne,Extraverti,Passable,F,0,Régulièrement,Moyen
1751,ETU1751,bertrandb1751@yahoo.fr,Biyong,Bertrand,M,1998-11-19,Moyen,4,2023,Bafoussam,Célibataire,0,Élevée,Ambiverti,Passable,C,0,Intensivement,Moyen
1752,ETU1752,amina.bouchard1752@yahoo.fr,Bouchard,Amina,F,2000-04-26,Élevé,3,2022,Yaoundé,Célibataire,1,Élevée,Ambiverti,Assez Bien,G,0,Régulièrement,Élevé
1753,ETU1753,franoise.lobe1753@yahoo.fr,Lobe,Françoise,F,2001-11-22,Faible,5,2023,Bafoussam,Célibataire,0,Faible,Ambiverti,Très Bien,D,0,Rarement,Faible
1754,ETU1754,jolle.abomo1754@hotmail.fr,Abomo,Joëlle,F,2005-10-06,Faible,5,2022,Douala,Célibataire,1,Moyenne,Extraverti,Bien,F,0,Régulièrement,Moyen
1755,ETU1755,clment.umba1755@outlook.com,Umba,Clément,M,2002-01-28,Moyen,9,2021,Garoua,Célibataire,0,Élevée,Consciencieux,Assez Bien,A,0,Régulièrement,Faible
1756,ETU1756,honorine.garcia1756@outlook.com,Garcia,Honorine,F,2001-11-20,Moyen,1,2020,Douala,Célibataire,0,Faible,Introverti,Passable,C,0,Régulièrement,Moyen
1757,ETU1757,jnguema1757@outlook.com,Nguema,Julie,F,1999-04-08,Élevé,7,2021,Yaoundé,Célibataire,2,Élevée,Ambiverti,Passable,C,0,Régulièrement,Moyen
1758,ETU1758,lmbarga1758@outlook.com,Mbarga,Louis,M,2003-10-01,Élevé,4,2020,Douala,Célibataire,0,Élevée,Ambiverti,Très Bien,D,1,Régulièrement,Élevé
1759,ETU1759,amina.wamba1759@gmail.com,Wamba,Amina,F,2001-03-10,Élevé,9,2021,Douala,Célibataire,0,Élevée,Ambiverti,Bien,A,0,Régulièrement,Moyen
1760,ETU1760,cdiallo1760@ymail.com,Diallo,Christelle,F,2005-01-05,Moyen,9,2021,Douala,Célibataire,1,Faible,Extraverti,Bien,D,0,Régulièrement,Élevé
1761,ETU1761,nicolask1761@hotmail.fr,Kamga,Nicolas,M,1999-07-22,Moyen,1,2022,Bafoussam,Célibataire,0,Moyenne,Introverti,Passable,C,0,Parfois,Élevé
1762,ETU1762,kevin.foko1762@outlook.com,Foko,Kevin,M,2001-02-04,Moyen,10,2022,Douala,En couple,0,Moyenne,Extraverti,Passable,G,0,Intensivement,Faible
1763,ETU1763,brobert1763@gmail.com,Robert,Bertrand,M,2004-12-05,Élevé,1,2021,Douala,Célibataire,0,Moyenne,Ambiverti,Passable,C,0,Régulièrement,Élevé
1764,ETU1764,josphine.mbouck1764@gmail.com,Mbouck,Joséphine,F,2003-04-21,Élevé,5,2020,Bamenda,En couple,0,Moyenne,Extraverti,Bien,A,0,Régulièrement,Élevé
1765,ETU1765,jacquest1765@yahoo.fr,Toure,Jacques,M,2004-08-15,Faible,8,2022,Bamenda,Célibataire,0,Moyenne,Consciencieux,Assez Bien,D,0,Régulièrement,Moyen
1766,ETU1766,ulrichv1766@yahoo.fr,Vidal,Ulrich,M,1998-02-16,Élevé,8,2021,Bamenda,Célibataire,2,Élevée,Introverti,Bien,D,0,Parfois,Moyen
1767,ETU1767,fdonfack1767@hotmail.fr,Donfack,François,M,2000-02-27,Faible,1,2023,Maroua,Célibataire,0,Moyenne,Consciencieux,Assez Bien,A,1,Jamais,Faible
1768,ETU1768,lmvondo1768@ymail.com,Mvondo,Élise,F,1999-08-02,Moyen,5,2022,Yaoundé,Marié(e),1,Moyenne,Extraverti,Assez Bien,F,0,Intensivement,Faible
1769,ETU1769,floreg1769@yahoo.fr,Garcia,Flore,F,1998-05-21,Faible,2,2021,Ngaoundéré,En couple,0,Moyenne,Extraverti,Très Bien,A,0,Parfois,Élevé
1770,ETU1770,esther.bernard1770@outlook.com,Bernard,Esther,F,1999-10-28,Moyen,5,2023,Yaoundé,Marié(e),1,Moyenne,Ambiverti,Bien,D,0,Régulièrement,Faible
1771,ETU1771,jeane1771@gmail.com,Etoundi,Jean,M,2001-09-01,Faible,6,2021,Bafoussam,Célibataire,0,Élevée,Ambiverti,Bien,C,0,Parfois,Faible
1772,ETU1772,jolle.bouchard1772@orange.cm,Bouchard,Joëlle,F,2005-04-12,Moyen,8,2021,Maroua,Célibataire,0,Moyenne,Consciencieux,Passable,D,0,Intensivement,Moyen
1773,ETU1773,ppenda1773@outlook.com,Penda,Pascal,M,2004-11-14,Faible,10,2022,Garoua,En couple,1,Moyenne,Extraverti,Bien,C,0,Rarement,Faible
1774,ETU1774,jacques.mvondo1774@gmail.com,Mvondo,Jacques,M,2004-11-15,Moyen,3,2023,Yaoundé,Célibataire,0,Élevée,Introverti,Très Bien,F,0,Intensivement,Faible
1775,ETU1775,qabomo1775@hotmail.fr,Abomo,Quentin,M,2000-02-12,Moyen,4,2022,Yaoundé,Célibataire,0,Faible,Extraverti,Passable,C,0,Intensivement,Moyen
1776,ETU1776,ssamba1776@gmail.com,Samba,Sophie,F,2003-06-26,Moyen,5,2021,Bafoussam,Divorcé(e),0,Élevée,Ambiverti,Passable,C,0,Rarement,Moyen
1777,ETU1777,armand.moreau1777@gmail.com,Moreau,Armand,M,2002-03-28,Moyen,5,2023,Ngaoundéré,Célibataire,0,Élevée,Anxieux,Assez Bien,A,0,Rarement,Moyen
1778,ETU1778,laurad1778@gmail.com,Dubois,Laura,F,2005-03-09,Moyen,4,2022,Douala,En couple,0,Moyenne,Extraverti,Assez Bien,D,0,Intensivement,Moyen
1779,ETU1779,zahra.essama1779@ymail.com,Essama,Zahra,F,1999-09-08,Élevé,8,2021,Bafoussam,Divorcé(e),0,Faible,Ambiverti,Bien,D,0,Intensivement,Élevé
1780,ETU1780,blandineu1780@gmail.com,Umba,Blandine,F,2001-12-16,Moyen,7,2021,Yaoundé,En couple,0,Faible,Introverti,Passable,C,0,Régulièrement,Moyen
1781,ETU1781,rosalie.nkeng1781@hotmail.fr,Nkeng,Rosalie,F,2004-04-24,Moyen,5,2020,Maroua,Célibataire,0,Élevée,Introverti,Assez Bien,D,0,Régulièrement,Moyen
1782,ETU1782,fatima.yanga1782@gmail.com,Yanga,Fatima,F,1998-02-04,Élevé,6,2020,Ngaoundéré,Célibataire,2,Moyenne,Ambiverti,Très Bien,G,0,Rarement,Élevé
1783,ETU1783,armandi1783@outlook.com,Issa,Armand,M,1999-03-02,Moyen,2,2022,Maroua,Célibataire,0,Moyenne,Anxieux,Passable,D,0,Rarement,Moyen
1784,ETU1784,carlos.diallo1784@gmail.com,Diallo,Carlos,M,1999-05-03,Faible,5,2021,Bafoussam,Célibataire,3,Moyenne,Ambiverti,Assez Bien,C,0,Rarement,Élevé
1785,ETU1785,rnyobe1785@hotmail.fr,Nyobe,Rosalie,F,2002-08-11,Moyen,7,2021,Garoua,Célibataire,0,Élevée,Ambiverti,Passable,C,0,Régulièrement,Moyen
1786,ETU1786,esther.thomas1786@gmail.com,Thomas,Esther,F,1998-08-10,Moyen,2,2020,Ngaoundéré,Célibataire,0,Moyenne,Introverti,Assez Bien,C,0,Régulièrement,Élevé
1787,ETU1787,ibrahiml1787@outlook.com,Lefebvre,Ibrahim,M,2003-09-21,Moyen,7,2023,Yaoundé,Célibataire,0,Moyenne,Introverti,Bien,F,0,Parfois,Élevé
1788,ETU1788,gtoure1788@hotmail.fr,Toure,Gabriel,M,2000-07-06,Moyen,7,2022,Garoua,Célibataire,0,Élevée,Consciencieux,Très Bien,A,0,Régulièrement,Moyen
1789,ETU1789,blandinez1789@outlook.com,Zobel,Blandine,F,2001-06-06,Élevé,4,2023,Garoua,Célibataire,1,Élevée,Ambiverti,Bien,D,0,Régulièrement,Élevé
1790,ETU1790,rmoreau1790@gmail.com,Moreau,Reine,F,2003-12-24,Faible,2,2021,Bafoussam,Célibataire,0,Élevée,Consciencieux,Bien,D,0,Régulièrement,Élevé
1791,ETU1791,eric.dubois1791@hotmail.fr,Dubois,Eric,M,2000-10-09,Moyen,7,2022,Bamenda,Célibataire,0,Élevée,Introverti,Passable,G,0,Parfois,Moyen
1792,ETU1792,carole.petit1792@yahoo.fr,Petit,Carole,F,1998-01-18,Faible,2,2022,Garoua,En couple,0,Élevée,Introverti,Assez Bien,D,0,Rarement,Faible
1793,ETU1793,aminan1793@gmail.com,Nyobe,Amina,F,2001-06-06,Moyen,7,2020,Douala,Célibataire,0,Moyenne,Extraverti,Passable,D,0,Rarement,Moyen
1794,ETU1794,jolle.simon1794@orange.cm,Simon,Joëlle,F,2001-08-05,Moyen,7,2022,Garoua,Célibataire,2,Moyenne,Extraverti,Passable,A,0,Régulièrement,Faible
1795,ETU1795,hervm1795@gmail.com,Mbouck,Hervé,M,2001-01-17,Élevé,5,2022,Bertoua,Célibataire,2,Moyenne,Introverti,Bien,D,0,Régulièrement,Élevé
1796,ETU1796,grardk1796@outlook.com,Kamga,Gérard,M,1999-01-19,Faible,7,2023,Bamenda,En couple,0,Élevée,Extraverti,Assez Bien,D,0,Parfois,Moyen
1797,ETU1797,wandam1797@yahoo.fr,Mbarga,Wanda,F,1998-04-09,Élevé,9,2020,Garoua,Célibataire,0,Moyenne,Extraverti,Bien,A,0,Régulièrement,Moyen
1798,ETU1798,isidorem1798@gmail.com,Mbarga,Isidore,M,2000-04-23,Faible,2,2021,Bafoussam,Célibataire,0,Élevée,Introverti,Bien,C,0,Rarement,Faible
1799,ETU1799,alicem1799@gmail.com,Martin,Alice,F,2005-05-23,Faible,2,2022,Bafoussam,Divorcé(e),1,Moyenne,Extraverti,Très Bien,F,0,Rarement,Faible
1800,ETU1800,monana1800@yahoo.fr,Onana,Madeleine,F,2005-04-02,Faible,5,2020,Bertoua,En couple,0,Élevée,Ambiverti,Assez Bien,D,0,Intensivement,Moyen
1801,ETU1801,hortensek1801@yahoo.fr,Kamga,Hortense,F,2003-09-06,Moyen,9,2020,Maroua,Célibataire,0,Moyenne,Consciencieux,Bien,C,0,Intensivement,Élevé
1802,ETU1802,blandinee1802@gmail.com,Etoundi,Blandine,F,2002-05-14,Faible,6,2021,Bamenda,Marié(e),1,Faible,Extraverti,Très Bien,C,0,Rarement,Élevé
1803,ETU1803,reine.simon1803@outlook.com,Simon,Reine,F,1998-02-17,Moyen,8,2022,Bamenda,Célibataire,0,Élevée,Consciencieux,Assez Bien,A,0,Parfois,Élevé
1804,ETU1804,hervi1804@yahoo.fr,Issa,Hervé,M,1998-01-26,Moyen,2,2023,Yaoundé,Célibataire,0,Faible,Consciencieux,Passable,D,0,Régulièrement,Élevé
1805,ETU1805,pauline.mbarga1805@yahoo.fr,Mbarga,Pauline,F,2000-11-24,Faible,5,2022,Bertoua,En couple,1,Moyenne,Consciencieux,Passable,D,0,Rarement,Élevé
1806,ETU1806,fatimay1806@gmail.com,Yanga,Fatima,F,1998-07-13,Moyen,9,2020,Yaoundé,Célibataire,3,Moyenne,Anxieux,Assez Bien,D,0,Régulièrement,Élevé
1807,ETU1807,atchamba1807@yahoo.fr,Tchamba,André,M,2001-07-09,Moyen,1,2022,Bamenda,Célibataire,0,Moyenne,Introverti,Passable,F,0,Régulièrement,Moyen
1808,ETU1808,gabriel.jourdain1808@gmail.com,Jourdain,Gabriel,M,2003-07-20,Moyen,10,2021,Maroua,En couple,1,Moyenne,Ambiverti,Assez Bien,G,0,Parfois,Moyen
1809,ETU1809,nolle.donfack1809@gmail.com,Donfack,Noëlle,F,2004-12-07,Faible,7,2021,Douala,Célibataire,0,Moyenne,Ambiverti,Bien,C,0,Jamais,Élevé
1810,ETU1810,reinei1810@yahoo.fr,Issa,Reine,F,2001-01-04,Faible,5,2023,Yaoundé,En couple,1,Élevée,Introverti,Assez Bien,F,0,Rarement,Faible
1811,ETU1811,fyanga1811@gmail.com,Yanga,Flore,F,2001-07-01,Moyen,3,2021,Maroua,Célibataire,0,Faible,Consciencieux,Passable,D,0,Parfois,Moyen
1812,ETU1812,alain.mbouck1812@hotmail.fr,Mbouck,Alain,M,2002-01-27,Élevé,1,2021,Bamenda,Célibataire,0,Élevée,Extraverti,Bien,C,0,Rarement,Élevé
1813,ETU1813,dsir.mvondo1813@gmail.com,Mvondo,Désiré,M,2001-06-27,Moyen,2,2021,Bafoussam,Célibataire,0,Élevée,Anxieux,Bien,D,0,Régulièrement,Élevé
1814,ETU1814,jacques.wamba1814@outlook.com,Wamba,Jacques,M,2001-11-22,Élevé,2,2020,Maroua,Célibataire,0,Élevée,Introverti,Assez Bien,D,0,Parfois,Moyen
1815,ETU1815,laura.michel1815@gmail.com,Michel,Laura,F,1999-11-08,Faible,6,2022,Bamenda,Divorcé(e),0,Faible,Introverti,Assez Bien,D,0,Régulièrement,Moyen
1816,ETU1816,williamn1816@outlook.com,Nkeng,William,M,2001-11-24,Faible,4,2021,Garoua,Célibataire,0,Faible,Consciencieux,Assez Bien,D,0,Régulièrement,Élevé
1817,ETU1817,xdupont1817@outlook.com,Dupont,Xavier,M,2005-09-02,Moyen,2,2021,Garoua,Célibataire,1,Moyenne,Ambiverti,Bien,C,0,Parfois,Faible
1818,ETU1818,anyobe1818@yahoo.fr,Nyobe,Alain,M,1999-06-04,Faible,8,2023,Bafoussam,Célibataire,0,Moyenne,Anxieux,Bien,D,0,Rarement,Moyen
1819,ETU1819,grace.onana1819@hotmail.fr,Onana,Grace,F,2003-11-09,Moyen,10,2020,Bertoua,En couple,1,Moyenne,Extraverti,Passable,G,0,Régulièrement,Élevé
1820,ETU1820,blandinee1820@gmail.com,Ebene,Blandine,F,2001-09-18,Élevé,6,2022,Garoua,Célibataire,0,Élevée,Extraverti,Bien,D,0,Intensivement,Élevé
1821,ETU1821,nbouchard1821@yahoo.fr,Bouchard,Nicolas,M,2003-10-25,Faible,1,2020,Yaoundé,Célibataire,0,Faible,Ambiverti,Passable,C,0,Parfois,Faible
1822,ETU1822,isabelle.atangana1822@ymail.com,Atangana,Isabelle,F,2000-01-28,Élevé,4,2020,Bertoua,Célibataire,2,Faible,Introverti,Assez Bien,C,0,Intensivement,Élevé
1823,ETU1823,samuel.feudjio1823@yahoo.fr,Feudjio,Samuel,M,2002-09-08,Élevé,7,2022,Garoua,Célibataire,0,Élevée,Anxieux,Assez Bien,A,0,Parfois,Élevé
1824,ETU1824,honorine.richard1824@yahoo.fr,Richard,Honorine,F,1998-06-09,Moyen,8,2021,Garoua,Célibataire,0,Moyenne,Ambiverti,Passable,F,0,Régulièrement,Moyen
1825,ETU1825,william.lefebvre1825@gmail.com,Lefebvre,William,M,2004-09-04,Faible,3,2022,Yaoundé,Divorcé(e),1,Faible,Anxieux,Passable,G,0,Parfois,Faible
1826,ETU1826,jdiallo1826@gmail.com,Diallo,Joëlle,F,2002-01-28,Faible,5,2023,Garoua,Célibataire,2,Moyenne,Introverti,Bien,A,1,Parfois,Moyen
1827,ETU1827,rdupont1827@gmail.com,Dupont,Reine,F,2005-12-08,Moyen,8,2022,Ngaoundéré,Célibataire,0,Élevée,Extraverti,Assez Bien,F,0,Parfois,Moyen
1828,ETU1828,lisel1828@gmail.com,Lefebvre,Élise,F,2001-03-04,Faible,1,2022,Bamenda,Marié(e),0,Moyenne,Introverti,Bien,C,0,Rarement,Faible
1829,ETU1829,abouchard1829@gmail.com,Bouchard,Alice,F,2002-03-22,Moyen,2,2021,Ngaoundéré,Célibataire,0,Moyenne,Extraverti,Assez Bien,D,0,Régulièrement,Élevé
1830,ETU1830,amina.medjo1830@hotmail.fr,Medjo,Amina,F,2004-01-21,Moyen,3,2022,Maroua,Divorcé(e),0,Élevée,Ambiverti,Bien,A,0,Régulièrement,Moyen
1831,ETU1831,florea1831@gmail.com,Abomo,Flore,F,2001-01-17,Faible,4,2023,Bafoussam,Célibataire,1,Élevée,Introverti,Assez Bien,G,0,Régulièrement,Moyen
1832,ETU1832,eric.haidara1832@gmail.com,Haidara,Eric,M,2003-05-18,Faible,6,2020,Bafoussam,Célibataire,0,Faible,Introverti,Assez Bien,C,0,Parfois,Moyen
1833,ETU1833,olivierd1833@gmail.com,Diallo,Olivier,M,2000-09-15,Moyen,8,2022,Bafoussam,Célibataire,0,Moyenne,Introverti,Passable,G,0,Intensivement,Faible
1834,ETU1834,rrichard1834@gmail.com,Richard,Rosalie,F,2000-07-11,Moyen,8,2020,Bafoussam,Célibataire,0,Moyenne,Extraverti,Assez Bien,C,0,Régulièrement,Élevé
1835,ETU1835,emvondo1835@orange.cm,Mvondo,Esther,F,2002-05-22,Élevé,9,2021,Douala,En couple,0,Moyenne,Introverti,Bien,D,0,Régulièrement,Élevé
1836,ETU1836,utchamba1836@gmail.com,Tchamba,Ulrich,M,2004-08-08,Moyen,9,2022,Garoua,En couple,1,Moyenne,Ambiverti,Assez Bien,A,0,Régulièrement,Élevé
1837,ETU1837,edubois1837@outlook.com,Dubois,Emmanuel,M,2001-05-14,Moyen,1,2021,Bafoussam,Célibataire,0,Moyenne,Anxieux,Passable,D,0,Parfois,Élevé
1838,ETU1838,tmbarga1838@gmail.com,Mbarga,Thomas,M,2003-03-09,Moyen,8,2020,Garoua,Célibataire,0,Élevée,Introverti,Bien,G,0,Intensivement,Moyen
1839,ETU1839,rodrigueb1839@outlook.com,Biyong,Rodrigue,M,2000-08-03,Moyen,9,2023,Garoua,Célibataire,1,Élevée,Introverti,Assez Bien,D,0,Régulièrement,Élevé
1840,ETU1840,batrice.nguema1840@yahoo.fr,Nguema,Béatrice,F,2003-11-09,Moyen,8,2021,Bafoussam,Marié(e),0,Moyenne,Consciencieux,Très Bien,G,0,Intensivement,Élevé
1841,ETU1841,ibrahim.michel1841@hotmail.fr,Michel,Ibrahim,M,1998-07-06,Moyen,10,2022,Garoua,Célibataire,2,Élevée,Anxieux,Assez Bien,C,0,Parfois,Moyen
1842,ETU1842,quentin.feudjio1842@gmail.com,Feudjio,Quentin,M,1998-01-08,Moyen,4,2020,Ngaoundéré,Divorcé(e),0,Moyenne,Consciencieux,Passable,D,0,Parfois,Faible
1843,ETU1843,estherg1843@gmail.com,Gomis,Esther,F,2004-09-19,Moyen,3,2020,Bertoua,Célibataire,2,Élevée,Introverti,Assez Bien,G,0,Rarement,Moyen
1844,ETU1844,dianeb1844@gmail.com,Biyong,Diane,F,2000-04-01,Moyen,6,2023,Maroua,Célibataire,0,Élevée,Introverti,Assez Bien,F,0,Régulièrement,Moyen
1845,ETU1845,carole.gomis1845@gmail.com,Gomis,Carole,F,2005-03-24,Moyen,3,2020,Douala,Célibataire,0,Élevée,Introverti,Assez Bien,D,0,Parfois,Élevé
1846,ETU1846,patriciar1846@outlook.com,Rodrigues,Patricia,F,2001-11-02,Faible,2,2020,Douala,Célibataire,0,Faible,Extraverti,Bien,D,0,Parfois,Élevé
1847,ETU1847,alicel1847@gmail.com,Leroy,Alice,F,2003-08-20,Élevé,7,2021,Yaoundé,Célibataire,1,Moyenne,Consciencieux,Passable,A,0,Intensivement,Élevé
1848,ETU1848,louism1848@gmail.com,Martin,Louis,M,1998-05-14,Moyen,2,2023,Yaoundé,En couple,2,Moyenne,Extraverti,Assez Bien,A,0,Régulièrement,Moyen
1849,ETU1849,amina.nkeng1849@hotmail.fr,Nkeng,Amina,F,2005-09-18,Faible,8,2021,Maroua,Célibataire,0,Élevée,Introverti,Passable,C,0,Parfois,Faible
1850,ETU1850,arobert1850@yahoo.fr,Robert,Alice,F,1999-02-21,Élevé,8,2021,Bamenda,En couple,0,Faible,Introverti,Bien,F,0,Parfois,Élevé
1851,ETU1851,oetoundi1851@yahoo.fr,Etoundi,Olivier,M,2001-02-16,Moyen,5,2023,Bafoussam,Célibataire,1,Moyenne,Ambiverti,Passable,D,0,Régulièrement,Moyen
1852,ETU1852,lmichel1852@gmail.com,Michel,Louis,M,1999-06-26,Moyen,1,2022,Yaoundé,Célibataire,0,Élevée,Extraverti,Passable,G,0,Régulièrement,Moyen
1853,ETU1853,onyobe1853@hotmail.fr,Nyobe,Océane,F,2000-05-24,Élevé,2,2021,Bafoussam,Célibataire,0,Moyenne,Extraverti,Très Bien,G,0,Parfois,Élevé
1854,ETU1854,jokafor1854@yahoo.fr,Okafor,Jacques,M,2002-05-02,Moyen,4,2023,Yaoundé,En couple,0,Moyenne,Introverti,Assez Bien,C,0,Régulièrement,Élevé
1855,ETU1855,christelle.rodrigues1855@yahoo.fr,Rodrigues,Christelle,F,1999-05-18,Moyen,4,2021,Yaoundé,Célibataire,0,Moyenne,Introverti,Assez Bien,A,0,Régulièrement,Élevé
1856,ETU1856,hmoreau1856@yahoo.fr,Moreau,Hortense,F,2000-04-15,Moyen,2,2020,Yaoundé,Célibataire,2,Moyenne,Anxieux,Assez Bien,C,0,Parfois,Faible
1857,ETU1857,marcn1857@ymail.com,Nyobe,Marc,M,2002-06-13,Moyen,9,2022,Bafoussam,Célibataire,0,Moyenne,Introverti,Assez Bien,C,0,Régulièrement,Moyen
1858,ETU1858,zacharie.martin1858@gmail.com,Martin,Zacharie,M,1998-05-28,Élevé,8,2022,Maroua,Célibataire,1,Élevée,Consciencieux,Passable,D,0,Régulièrement,Élevé
1859,ETU1859,thomasn1859@yahoo.fr,Nguema,Thomas,M,2001-06-04,Moyen,3,2023,Douala,Marié(e),2,Moyenne,Introverti,Assez Bien,D,0,Intensivement,Moyen
1860,ETU1860,maried1860@hotmail.fr,Dupont,Marie,F,2005-09-03,Moyen,3,2022,Yaoundé,Marié(e),0,Faible,Ambiverti,Assez Bien,G,0,Parfois,Élevé
1861,ETU1861,pascald1861@yahoo.fr,Donfack,Pascal,M,2003-04-20,Moyen,7,2020,Bertoua,Célibataire,0,Élevée,Introverti,Assez Bien,D,0,Rarement,Moyen
1862,ETU1862,franoisew1862@gmail.com,Wamba,Françoise,F,2002-12-16,Faible,8,2023,Bertoua,En couple,0,Élevée,Anxieux,Très Bien,D,1,Jamais,Faible
1863,ETU1863,ombarga1863@gmail.com,Mbarga,Océane,F,2004-02-25,Élevé,4,2022,Douala,Célibataire,1,Moyenne,Extraverti,Assez Bien,G,0,Intensivement,Élevé
1864,ETU1864,valriet1864@hotmail.fr,Thomas,Valérie,F,2002-04-02,Moyen,3,2020,Bertoua,Marié(e),0,Moyenne,Extraverti,Bien,G,0,Régulièrement,Moyen
1865,ETU1865,obernard1865@yahoo.fr,Bernard,Olivier,M,2001-05-25,Faible,1,2022,Douala,Célibataire,1,Moyenne,Consciencieux,Bien,D,0,Parfois,Élevé
1866,ETU1866,michel.onana1866@ymail.com,Onana,Michel,M,1999-03-28,Moyen,9,2022,Bamenda,Célibataire,1,Moyenne,Extraverti,Assez Bien,D,0,Intensivement,Moyen
1867,ETU1867,marie.robert1867@hotmail.fr,Robert,Marie,F,2001-01-23,Moyen,4,2023,Douala,Célibataire,0,Faible,Extraverti,Assez Bien,F,1,Parfois,Élevé
1868,ETU1868,ursula.atangana1868@gmail.com,Atangana,Ursula,F,1998-01-24,Moyen,1,2023,Bafoussam,Célibataire,1,Faible,Ambiverti,Très Bien,A,0,Régulièrement,Élevé
1869,ETU1869,jolle.tchamba1869@gmail.com,Tchamba,Joëlle,F,2000-03-24,Moyen,6,2022,Bertoua,Marié(e),0,Élevée,Consciencieux,Assez Bien,D,0,Parfois,Moyen
1870,ETU1870,andrb1870@hotmail.fr,Bernard,André,M,2003-05-15,Moyen,6,2023,Bafoussam,Célibataire,1,Élevée,Introverti,Bien,F,0,Régulièrement,Faible
1871,ETU1871,emmanuella.nyobe1871@yahoo.fr,Nyobe,Emmanuella,F,1998-07-23,Élevé,8,2020,Ngaoundéré,Célibataire,2,Élevée,Introverti,Assez Bien,D,0,Jamais,Élevé
1872,ETU1872,carlos.toure1872@yahoo.fr,Toure,Carlos,M,1999-04-04,Moyen,7,2023,Ngaoundéré,Célibataire,0,Moyenne,Introverti,Assez Bien,F,0,Intensivement,Moyen
1873,ETU1873,hvidal1873@orange.cm,Vidal,Hervé,M,1998-07-28,Moyen,5,2021,Ngaoundéré,Célibataire,2,Faible,Extraverti,Très Bien,D,0,Régulièrement,Moyen
1874,ETU1874,kmedjo1874@orange.cm,Medjo,Kevin,M,2005-01-05,Moyen,5,2021,Maroua,Marié(e),0,Moyenne,Extraverti,Assez Bien,C,0,Intensivement,Moyen
1875,ETU1875,franoise.michel1875@gmail.com,Michel,Françoise,F,2000-11-02,Moyen,7,2020,Bertoua,Célibataire,0,Moyenne,Ambiverti,Assez Bien,D,0,Régulièrement,Élevé
1876,ETU1876,fissa1876@yahoo.fr,Issa,François,M,2000-11-02,Élevé,7,2023,Ngaoundéré,Célibataire,0,Élevée,Consciencieux,Passable,C,0,Régulièrement,Moyen
1877,ETU1877,owamba1877@ymail.com,Wamba,Océane,F,2001-12-06,Élevé,9,2023,Garoua,Marié(e),0,Élevée,Introverti,Assez Bien,A,0,Rarement,Élevé
1878,ETU1878,emedjo1878@yahoo.fr,Medjo,Esther,F,2004-05-12,Moyen,6,2021,Bamenda,Célibataire,2,Faible,Ambiverti,Très Bien,C,0,Parfois,Moyen
1879,ETU1879,jacquesd1879@ymail.com,Dupont,Jacques,M,2005-05-10,Faible,4,2022,Ngaoundéré,Célibataire,0,Moyenne,Introverti,Bien,D,0,Régulièrement,Élevé
1880,ETU1880,ulrich.thomas1880@gmail.com,Thomas,Ulrich,M,1998-01-13,Moyen,6,2022,Maroua,En couple,0,Moyenne,Anxieux,Assez Bien,G,0,Régulièrement,Moyen
1881,ETU1881,nathalie.ebene1881@yahoo.fr,Ebene,Nathalie,F,2000-08-26,Faible,5,2022,Ngaoundéré,Célibataire,0,Moyenne,Extraverti,Assez Bien,D,1,Parfois,Élevé
1882,ETU1882,ujourdain1882@hotmail.fr,Jourdain,Ulrich,M,2004-06-08,Faible,3,2021,Bertoua,Célibataire,0,Élevée,Introverti,Passable,D,1,Régulièrement,Élevé
1883,ETU1883,pmoreau1883@gmail.com,Moreau,Pascal,M,2002-01-25,Élevé,10,2022,Garoua,Célibataire,0,Élevée,Introverti,Bien,D,0,Intensivement,Moyen
1884,ETU1884,grarda1884@gmail.com,Atangana,Gérard,M,1998-06-17,Moyen,10,2020,Douala,En couple,0,Élevée,Introverti,Assez Bien,C,0,Régulièrement,Moyen
1885,ETU1885,vincent.martin1885@yahoo.fr,Martin,Vincent,M,2001-06-21,Moyen,7,2020,Maroua,Marié(e),2,Élevée,Introverti,Passable,D,0,Intensivement,Moyen
1886,ETU1886,esther.onana1886@yahoo.fr,Onana,Esther,F,2004-05-05,Moyen,3,2022,Bamenda,En couple,0,Moyenne,Anxieux,Assez Bien,G,0,Rarement,Élevé
1887,ETU1887,lmartin1887@outlook.com,Martin,Louis,M,1998-10-05,Faible,4,2020,Douala,En couple,0,Moyenne,Ambiverti,Très Bien,C,0,Parfois,Élevé
1888,ETU1888,bruno.toure1888@gmail.com,Toure,Bruno,M,2003-01-10,Faible,9,2023,Bafoussam,Marié(e),0,Moyenne,Anxieux,Assez Bien,A,0,Parfois,Élevé
1889,ETU1889,bruno.richard1889@gmail.com,Richard,Bruno,M,2000-05-24,Élevé,9,2023,Ngaoundéré,Marié(e),0,Élevée,Extraverti,Très Bien,D,0,Régulièrement,Élevé
1890,ETU1890,gabriel.tchamba1890@gmail.com,Tchamba,Gabriel,M,1998-12-11,Élevé,4,2021,Douala,Célibataire,0,Élevée,Ambiverti,Assez Bien,F,0,Régulièrement,Élevé
1891,ETU1891,alaint1891@outlook.com,Thomas,Alain,M,2004-06-13,Moyen,3,2022,Garoua,Célibataire,1,Moyenne,Ambiverti,Assez Bien,D,0,Rarement,Moyen
1892,ETU1892,hleroy1892@yahoo.fr,Leroy,Hortense,F,2001-10-24,Moyen,6,2022,Yaoundé,En couple,1,Élevée,Anxieux,Bien,A,0,Régulièrement,Élevé
1893,ETU1893,didier.simon1893@gmail.com,Simon,Didier,M,1999-11-01,Moyen,10,2022,Maroua,Célibataire,0,Faible,Anxieux,Bien,C,0,Parfois,Élevé
1894,ETU1894,pebene1894@hotmail.fr,Ebene,Pascal,M,1998-12-07,Faible,4,2020,Bertoua,Célibataire,0,Élevée,Consciencieux,Très Bien,G,0,Régulièrement,Élevé
1895,ETU1895,emmanuellan1895@gmail.com,Nkeng,Emmanuella,F,2000-01-23,Élevé,2,2020,Bertoua,Célibataire,0,Moyenne,Ambiverti,Bien,G,0,Parfois,Faible
1896,ETU1896,emmanuellao1896@yahoo.fr,Okafor,Emmanuella,F,2001-12-10,Faible,6,2021,Bamenda,Célibataire,0,Faible,Extraverti,Assez Bien,G,0,Rarement,Élevé
1897,ETU1897,kevin.gomis1897@yahoo.fr,Gomis,Kevin,M,2003-03-03,Faible,5,2022,Bafoussam,Célibataire,1,Faible,Anxieux,Assez Bien,D,0,Parfois,Élevé
1898,ETU1898,hervt1898@gmail.com,Tchio,Hervé,M,2002-08-11,Élevé,10,2021,Bamenda,En couple,0,Élevée,Ambiverti,Bien,A,0,Régulièrement,Élevé
1899,ETU1899,ibrahime1899@outlook.com,Essama,Ibrahim,M,1998-03-11,Moyen,2,2023,Ngaoundéré,Célibataire,0,Moyenne,Anxieux,Passable,D,0,Régulièrement,Moyen
1900,ETU1900,fbernard1900@outlook.com,Bernard,Florent,M,1999-04-28,Moyen,10,2022,Yaoundé,Célibataire,0,Élevée,Ambiverti,Bien,A,0,Régulièrement,Moyen
1901,ETU1901,pascal.samba1901@yahoo.fr,Samba,Pascal,M,2005-04-16,Moyen,7,2021,Douala,Marié(e),1,Moyenne,Consciencieux,Assez Bien,G,0,Régulièrement,Élevé
1902,ETU1902,marguerite.nkeng1902@outlook.com,Nkeng,Marguerite,F,2000-03-01,Faible,2,2020,Bamenda,Célibataire,0,Moyenne,Extraverti,Bien,D,0,Rarement,Moyen
1903,ETU1903,quentin.dubois1903@outlook.com,Dubois,Quentin,M,1998-10-23,Moyen,2,2020,Maroua,Célibataire,0,Faible,Anxieux,Très Bien,D,0,Parfois,Faible
1904,ETU1904,dyanga1904@ymail.com,Yanga,Danielle,F,2000-10-10,Élevé,4,2020,Garoua,En couple,0,Moyenne,Consciencieux,Assez Bien,D,0,Parfois,Élevé
1905,ETU1905,othomas1905@yahoo.fr,Thomas,Océane,F,2005-06-22,Moyen,8,2023,Yaoundé,Célibataire,0,Élevée,Consciencieux,Passable,G,0,Régulièrement,Moyen
1906,ETU1906,vivianee1906@gmail.com,Essama,Viviane,F,2005-10-03,Faible,8,2023,Ngaoundéré,Célibataire,0,Moyenne,Consciencieux,Passable,G,1,Régulièrement,Moyen
1907,ETU1907,viviane.bernard1907@gmail.com,Bernard,Viviane,F,2005-11-09,Moyen,2,2023,Garoua,En couple,0,Moyenne,Extraverti,Assez Bien,D,0,Parfois,Élevé
1908,ETU1908,nollez1908@gmail.com,Zobel,Noëlle,F,2000-06-11,Moyen,7,2023,Bertoua,Célibataire,0,Faible,Extraverti,Bien,D,0,Intensivement,Faible
1909,ETU1909,sophie.mvondo1909@outlook.com,Mvondo,Sophie,F,2004-12-22,Élevé,2,2021,Bertoua,Célibataire,0,Moyenne,Introverti,Bien,C,0,Régulièrement,Élevé
1910,ETU1910,blandinea1910@gmail.com,Abomo,Blandine,F,2002-05-08,Moyen,1,2022,Yaoundé,Célibataire,0,Élevée,Anxieux,Très Bien,C,1,Parfois,Élevé
1911,ETU1911,josphinee1911@hotmail.fr,Ebene,Joséphine,F,2004-05-02,Moyen,8,2020,Garoua,Marié(e),1,Faible,Consciencieux,Bien,G,0,Parfois,Faible
1912,ETU1912,zahrak1912@yahoo.fr,Kamga,Zahra,F,2005-11-06,Moyen,10,2022,Bafoussam,Célibataire,0,Moyenne,Introverti,Bien,C,0,Parfois,Moyen
1913,ETU1913,rosalied1913@gmail.com,Donfack,Rosalie,F,1999-06-10,Moyen,3,2023,Ngaoundéré,Célibataire,0,Faible,Consciencieux,Bien,G,0,Parfois,Faible
1914,ETU1914,kebene1914@gmail.com,Ebene,Kevin,M,2001-07-25,Moyen,9,2022,Bamenda,Célibataire,0,Moyenne,Consciencieux,Bien,F,0,Régulièrement,Faible
1915,ETU1915,fatimar1915@gmail.com,Richard,Fatima,F,2004-11-12,Moyen,10,2021,Bafoussam,Divorcé(e),0,Moyenne,Introverti,Bien,C,0,Intensivement,Faible
1916,ETU1916,jfeudjio1916@yahoo.fr,Feudjio,Jacques,M,2000-10-08,Moyen,6,2021,Ngaoundéré,Célibataire,0,Moyenne,Anxieux,Assez Bien,G,0,Parfois,Élevé
1917,ETU1917,honorines1917@outlook.com,Samba,Honorine,F,2004-05-22,Moyen,1,2023,Bertoua,Célibataire,0,Moyenne,Introverti,Très Bien,A,0,Régulièrement,Moyen
1918,ETU1918,btchamba1918@outlook.com,Tchamba,Blandine,F,2002-06-25,Faible,6,2020,Maroua,Célibataire,0,Moyenne,Anxieux,Assez Bien,D,0,Rarement,Élevé
1919,ETU1919,dfoko1919@gmail.com,Foko,Danielle,F,2001-08-18,Élevé,9,2023,Garoua,Célibataire,0,Élevée,Ambiverti,Bien,C,0,Régulièrement,Moyen
1920,ETU1920,ericb1920@yahoo.fr,Bouchard,Eric,M,2000-03-26,Élevé,7,2021,Bamenda,Célibataire,0,Élevée,Extraverti,Passable,D,0,Régulièrement,Élevé
1921,ETU1921,hgarcia1921@yahoo.fr,Garcia,Hugo,M,2002-01-11,Élevé,1,2022,Ngaoundéré,Célibataire,0,Faible,Ambiverti,Très Bien,D,0,Régulièrement,Moyen
1922,ETU1922,bbouchard1922@outlook.com,Bouchard,Béatrice,F,2003-10-04,Moyen,2,2023,Bamenda,Célibataire,0,Élevée,Extraverti,Assez Bien,C,0,Parfois,Moyen
1923,ETU1923,ehaidara1923@orange.cm,Haidara,Esther,F,2001-02-26,Moyen,9,2022,Bertoua,Célibataire,0,Élevée,Extraverti,Très Bien,A,0,Régulièrement,Élevé
1924,ETU1924,spenda1924@yahoo.fr,Penda,Sophie,F,2005-11-06,Faible,4,2022,Bamenda,En couple,1,Moyenne,Ambiverti,Passable,G,0,Intensivement,Élevé
1925,ETU1925,pauline.etoundi1925@yahoo.fr,Etoundi,Pauline,F,2001-03-24,Faible,10,2020,Bamenda,Célibataire,0,Élevée,Extraverti,Passable,C,0,Rarement,Moyen
1926,ETU1926,laurent.okafor1926@gmail.com,Okafor,Laurent,M,2002-05-06,Faible,3,2023,Garoua,Célibataire,0,Faible,Anxieux,Très Bien,F,0,Rarement,Élevé
1927,ETU1927,adle.richard1927@orange.cm,Richard,Adèle,F,2003-10-22,Moyen,10,2023,Bafoussam,Célibataire,0,Moyenne,Ambiverti,Passable,D,1,Régulièrement,Moyen
1928,ETU1928,marier1928@gmail.com,Robert,Marie,F,2004-04-02,Moyen,8,2023,Bamenda,Célibataire,3,Élevée,Ambiverti,Bien,G,0,Régulièrement,Moyen
1929,ETU1929,alice.tchio1929@yahoo.fr,Tchio,Alice,F,1998-11-21,Faible,6,2020,Garoua,Célibataire,0,Moyenne,Anxieux,Assez Bien,F,0,Rarement,Élevé
1930,ETU1930,tienne.jourdain1930@gmail.com,Jourdain,Étienne,M,2004-06-05,Moyen,3,2022,Bertoua,Célibataire,0,Faible,Ambiverti,Bien,D,0,Régulièrement,Faible
1931,ETU1931,rodriguem1931@outlook.com,Mbouck,Rodrigue,M,2003-09-03,Moyen,10,2023,Bamenda,En couple,0,Moyenne,Consciencieux,Assez Bien,D,0,Parfois,Élevé
1932,ETU1932,julie.thomas1932@gmail.com,Thomas,Julie,F,2001-10-12,Faible,8,2020,Yaoundé,Célibataire,0,Élevée,Ambiverti,Assez Bien,C,0,Parfois,Moyen
1933,ETU1933,ericl1933@gmail.com,Lefebvre,Eric,M,2003-04-15,Moyen,9,2021,Bamenda,Célibataire,0,Moyenne,Introverti,Passable,A,0,Parfois,Élevé
1934,ETU1934,carlos.bernard1934@yahoo.fr,Bernard,Carlos,M,2002-11-17,Faible,7,2020,Bertoua,Célibataire,2,Faible,Ambiverti,Assez Bien,D,0,Parfois,Moyen
1935,ETU1935,hervd1935@yahoo.fr,Donfack,Hervé,M,2003-05-04,Élevé,6,2023,Douala,Célibataire,0,Moyenne,Ambiverti,Passable,C,0,Intensivement,Élevé
1936,ETU1936,aleroy1936@yahoo.fr,Leroy,Armand,M,2003-06-17,Moyen,4,2022,Yaoundé,Célibataire,1,Élevée,Introverti,Assez Bien,A,1,Régulièrement,Moyen
1937,ETU1937,ursulad1937@yahoo.fr,Dubois,Ursula,F,2001-02-13,Moyen,9,2020,Bamenda,Célibataire,0,Élevée,Extraverti,Assez Bien,D,0,Rarement,Faible
1938,ETU1938,ccamara1938@gmail.com,Camara,Carlos,M,2002-06-18,Moyen,9,2021,Ngaoundéré,Célibataire,0,Faible,Introverti,Assez Bien,D,0,Intensivement,Moyen
1939,ETU1939,mmedjo1939@yahoo.fr,Medjo,Madeleine,F,1998-11-08,Moyen,7,2021,Garoua,Célibataire,0,Moyenne,Consciencieux,Passable,C,0,Rarement,Élevé
1940,ETU1940,lise.tchio1940@yahoo.fr,Tchio,Élise,F,2002-11-22,Faible,5,2023,Ngaoundéré,Marié(e),0,Moyenne,Extraverti,Passable,A,0,Jamais,Moyen
1941,ETU1941,ckamga1941@gmail.com,Kamga,Christelle,F,2003-02-10,Faible,10,2023,Ngaoundéré,Célibataire,2,Faible,Anxieux,Très Bien,C,0,Parfois,Faible
1942,ETU1942,olivierb1942@outlook.com,Bello,Olivier,M,2001-11-18,Faible,10,2020,Bamenda,Célibataire,0,Faible,Introverti,Assez Bien,C,0,Jamais,Moyen
1943,ETU1943,andr.gomis1943@gmail.com,Gomis,André,M,2000-08-13,Moyen,8,2023,Yaoundé,Marié(e),0,Élevée,Extraverti,Assez Bien,F,0,Intensivement,Moyen
1944,ETU1944,hrobert1944@gmail.com,Robert,Hortense,F,2001-11-08,Faible,6,2023,Bamenda,En couple,0,Faible,Anxieux,Assez Bien,F,1,Rarement,Élevé
1945,ETU1945,quentinr1945@outlook.com,Rodrigues,Quentin,M,1999-06-06,Moyen,5,2022,Douala,Célibataire,0,Élevée,Consciencieux,Très Bien,D,0,Rarement,Élevé
1946,ETU1946,grard.ndzana1946@hotmail.fr,Ndzana,Gérard,M,2005-09-02,Faible,9,2023,Bertoua,Célibataire,0,Faible,Anxieux,Assez Bien,C,0,Rarement,Moyen
1947,ETU1947,anyobe1947@gmail.com,Nyobe,Alice,F,2005-05-22,Moyen,5,2023,Bafoussam,Célibataire,0,Faible,Ambiverti,Bien,C,0,Rarement,Faible
1948,ETU1948,julie.onana1948@gmail.com,Onana,Julie,F,1999-04-18,Faible,2,2022,Yaoundé,En couple,0,Moyenne,Extraverti,Très Bien,G,0,Parfois,Élevé
1949,ETU1949,emmanuella.lefebvre1949@gmail.com,Lefebvre,Emmanuella,F,2000-12-01,Moyen,8,2020,Bertoua,Célibataire,1,Moyenne,Introverti,Bien,D,0,Jamais,Moyen
1950,ETU1950,cpenda1950@yahoo.fr,Penda,Christophe,M,2001-03-14,Faible,8,2023,Bertoua,Célibataire,0,Élevée,Anxieux,Assez Bien,D,1,Rarement,Moyen
1951,ETU1951,pauline.biyong1951@outlook.com,Biyong,Pauline,F,2000-10-10,Faible,10,2021,Yaoundé,Marié(e),0,Moyenne,Extraverti,Très Bien,C,0,Rarement,Moyen
1952,ETU1952,odupont1952@gmail.com,Dupont,Océane,F,2004-08-21,Moyen,3,2020,Garoua,Célibataire,0,Faible,Anxieux,Bien,G,0,Régulièrement,Moyen
1953,ETU1953,mgomis1953@gmail.com,Gomis,Marc,M,2003-11-24,Faible,1,2020,Bamenda,Célibataire,0,Moyenne,Consciencieux,Passable,A,1,Jamais,Faible
1954,ETU1954,emmanuel.haidara1954@yahoo.fr,Haidara,Emmanuel,M,2003-05-25,Élevé,4,2023,Ngaoundéré,Célibataire,1,Moyenne,Introverti,Bien,G,0,Parfois,Moyen
1955,ETU1955,patrickn1955@yahoo.fr,Nyobe,Patrick,M,2004-06-02,Faible,1,2021,Bafoussam,Marié(e),2,Faible,Introverti,Bien,D,0,Rarement,Faible
1956,ETU1956,egomis1956@gmail.com,Gomis,Emmanuella,F,2001-06-02,Élevé,3,2020,Douala,Célibataire,0,Faible,Ambiverti,Assez Bien,D,0,Régulièrement,Élevé
1957,ETU1957,lmbarga1957@yahoo.fr,Mbarga,Laurent,M,2005-11-12,Faible,7,2023,Bertoua,Célibataire,0,Faible,Extraverti,Assez Bien,A,0,Parfois,Élevé
1958,ETU1958,ericm1958@outlook.com,Manga,Eric,M,1998-09-22,Élevé,2,2022,Ngaoundéré,En couple,1,Faible,Extraverti,Assez Bien,F,1,Régulièrement,Moyen
1959,ETU1959,eatangana1959@hotmail.fr,Atangana,Eric,M,2000-11-10,Moyen,9,2022,Bafoussam,Célibataire,0,Moyenne,Extraverti,Bien,D,1,Régulièrement,Faible
1960,ETU1960,nathan.tchio1960@gmail.com,Tchio,Nathan,M,2001-03-05,Moyen,3,2022,Douala,Célibataire,2,Moyenne,Extraverti,Bien,D,0,Régulièrement,Élevé
1961,ETU1961,uzobel1961@outlook.com,Zobel,Ursula,F,2002-08-18,Faible,8,2021,Yaoundé,Célibataire,3,Élevée,Ambiverti,Assez Bien,D,0,Rarement,Moyen
1962,ETU1962,wanda.leroy1962@outlook.com,Leroy,Wanda,F,2001-09-16,Moyen,1,2023,Yaoundé,Célibataire,0,Moyenne,Extraverti,Passable,D,0,Rarement,Moyen
1963,ETU1963,marie.nguema1963@gmail.com,Nguema,Marie,F,2001-02-26,Moyen,7,2023,Ngaoundéré,Marié(e),0,Faible,Introverti,Passable,G,0,Parfois,Élevé
1964,ETU1964,louis.mbouck1964@outlook.com,Mbouck,Louis,M,2004-01-22,Moyen,2,2023,Yaoundé,Marié(e),2,Élevée,Introverti,Très Bien,C,0,Parfois,Moyen
1965,ETU1965,ericf1965@yahoo.fr,Foko,Eric,M,2005-02-20,Moyen,5,2022,Bamenda,Célibataire,2,Moyenne,Introverti,Passable,D,0,Parfois,Faible
1966,ETU1966,embouck1966@gmail.com,Mbouck,Esther,F,2001-11-12,Faible,7,2021,Ngaoundéré,Célibataire,1,Faible,Consciencieux,Passable,C,1,Régulièrement,Moyen
1967,ETU1967,grace.diallo1967@gmail.com,Diallo,Grace,F,2004-07-11,Moyen,1,2021,Garoua,Célibataire,0,Élevée,Ambiverti,Assez Bien,D,0,Parfois,Moyen
1968,ETU1968,ibrahim.nyobe1968@gmail.com,Nyobe,Ibrahim,M,2005-11-20,Élevé,8,2022,Garoua,Célibataire,1,Moyenne,Extraverti,Très Bien,D,0,Régulièrement,Élevé
1969,ETU1969,egomis1969@gmail.com,Gomis,Eric,M,2003-02-03,Faible,3,2022,Douala,Célibataire,0,Moyenne,Introverti,Très Bien,G,0,Parfois,Moyen
1970,ETU1970,vrodrigues1970@gmail.com,Rodrigues,Viviane,F,1999-10-01,Moyen,7,2022,Bertoua,Célibataire,3,Moyenne,Introverti,Assez Bien,G,0,Régulièrement,Faible
1971,ETU1971,fatima.robert1971@gmail.com,Robert,Fatima,F,1998-07-04,Faible,1,2020,Bamenda,Célibataire,0,Moyenne,Anxieux,Bien,D,0,Parfois,Élevé
1972,ETU1972,paulinem1972@outlook.com,Martin,Pauline,F,2003-07-09,Faible,2,2020,Bafoussam,Marié(e),0,Élevée,Consciencieux,Passable,A,0,Intensivement,Faible
1973,ETU1973,liseh1973@orange.cm,Haidara,Élise,F,2004-05-07,Faible,3,2022,Bafoussam,Célibataire,2,Élevée,Introverti,Passable,G,0,Jamais,Élevé
1974,ETU1974,olivier.onana1974@outlook.com,Onana,Olivier,M,1998-11-14,Élevé,5,2021,Bafoussam,En couple,0,Élevée,Consciencieux,Assez Bien,C,0,Régulièrement,Élevé
1975,ETU1975,rabomo1975@yahoo.fr,Abomo,Rodrigue,M,2004-07-11,Faible,8,2022,Maroua,Célibataire,0,Faible,Consciencieux,Passable,D,0,Intensivement,Moyen
1976,ETU1976,georgesa1976@yahoo.fr,Abomo,Georges,M,2001-08-21,Faible,4,2022,Ngaoundéré,En couple,0,Élevée,Ambiverti,Passable,D,0,Rarement,Moyen
1977,ETU1977,etchamba1977@orange.cm,Tchamba,Esther,F,2004-01-04,Moyen,9,2021,Garoua,En couple,0,Faible,Extraverti,Assez Bien,F,0,Régulièrement,Moyen
1978,ETU1978,eonana1978@gmail.com,Onana,Emmanuella,F,2005-04-14,Moyen,8,2020,Yaoundé,En couple,0,Moyenne,Anxieux,Bien,C,0,Parfois,Élevé
1979,ETU1979,alicet1979@yahoo.fr,Tchio,Alice,F,2001-08-01,Faible,2,2022,Yaoundé,Célibataire,1,Moyenne,Anxieux,Assez Bien,D,0,Parfois,Moyen
1980,ETU1980,gisleb1980@gmail.com,Bouchard,Gisèle,F,2000-09-03,Moyen,8,2021,Bamenda,Célibataire,2,Faible,Introverti,Bien,D,0,Intensivement,Faible
1981,ETU1981,carolem1981@yahoo.fr,Mbouck,Carole,F,2004-03-24,Moyen,10,2020,Bamenda,Célibataire,0,Élevée,Introverti,Passable,D,0,Régulièrement,Élevé
1982,ETU1982,jjourdain1982@gmail.com,Jourdain,Jacques,M,2000-04-08,Élevé,3,2022,Bertoua,En couple,0,Moyenne,Extraverti,Bien,G,0,Jamais,Moyen
1983,ETU1983,qfoko1983@gmail.com,Foko,Quentin,M,2001-05-26,Faible,8,2021,Maroua,Marié(e),1,Moyenne,Introverti,Assez Bien,C,0,Rarement,Faible
1984,ETU1984,carlosp1984@gmail.com,Petit,Carlos,M,2001-08-09,Faible,9,2023,Yaoundé,Célibataire,1,Moyenne,Extraverti,Passable,G,0,Rarement,Moyen
1985,ETU1985,yvonnea1985@gmail.com,Abomo,Yvonne,F,2005-08-20,Élevé,10,2021,Douala,Célibataire,0,Élevée,Consciencieux,Assez Bien,C,0,Régulièrement,Élevé
1986,ETU1986,michel.jourdain1986@outlook.com,Jourdain,Michel,M,1999-04-11,Faible,2,2021,Maroua,Célibataire,3,Faible,Extraverti,Passable,F,0,Parfois,Faible
1987,ETU1987,kevin.nguema1987@yahoo.fr,Nguema,Kevin,M,2000-12-05,Faible,3,2020,Douala,En couple,0,Moyenne,Introverti,Bien,G,1,Rarement,Élevé
1988,ETU1988,eric.atangana1988@yahoo.fr,Atangana,Eric,M,2003-09-15,Élevé,4,2023,Garoua,Célibataire,0,Moyenne,Ambiverti,Assez Bien,F,0,Intensivement,Moyen
1989,ETU1989,lisez1989@gmail.com,Zobel,Élise,F,1999-10-08,Faible,8,2022,Garoua,Divorcé(e),0,Moyenne,Consciencieux,Bien,D,0,Régulièrement,Moyen
1990,ETU1990,gokafor1990@gmail.com,Okafor,Georges,M,2001-08-02,Moyen,10,2022,Bafoussam,Célibataire,0,Élevée,Extraverti,Passable,G,0,Parfois,Faible
1991,ETU1991,quentinm1991@yahoo.fr,Moreau,Quentin,M,1999-11-04,Moyen,1,2021,Bafoussam,Célibataire,0,Moyenne,Ambiverti,Passable,F,0,Intensivement,Moyen
1992,ETU1992,irne.simon1992@outlook.com,Simon,Irène,F,2003-04-15,Faible,6,2023,Yaoundé,Célibataire,0,Faible,Anxieux,Très Bien,C,1,Régulièrement,Élevé
1993,ETU1993,nathalie.donfack1993@outlook.com,Donfack,Nathalie,F,2001-02-04,Moyen,2,2023,Yaoundé,En couple,1,Élevée,Extraverti,Assez Bien,C,0,Régulièrement,Moyen
1994,ETU1994,fabrices1994@yahoo.fr,Simon,Fabrice,M,1999-08-01,Moyen,4,2023,Yaoundé,Célibataire,2,Moyenne,Ambiverti,Bien,D,0,Parfois,Élevé
1995,ETU1995,jmbouck1995@gmail.com,Mbouck,Julie,F,1999-07-06,Élevé,8,2022,Yaoundé,En couple,2,Élevée,Consciencieux,Passable,C,0,Intensivement,Moyen
1996,ETU1996,viviane.okafor1996@hotmail.fr,Okafor,Viviane,F,2004-08-20,Moyen,3,2020,Bamenda,Célibataire,1,Élevée,Extraverti,Passable,C,0,Régulièrement,Élevé
1997,ETU1997,igomis1997@gmail.com,Gomis,Isidore,M,2004-09-28,Élevé,5,2022,Yaoundé,En couple,0,Élevée,Anxieux,Très Bien,D,0,Régulièrement,Moyen
1998,ETU1998,rdiallo1998@yahoo.fr,Diallo,Reine,F,2003-02-12,Élevé,6,2023,Yaoundé,Célibataire,0,Faible,Introverti,Passable,D,0,Intensivement,Élevé
1999,ETU1999,orodrigues1999@gmail.com,Rodrigues,Olivier,M,1999-05-28,Faible,9,2020,Yaoundé,Célibataire,0,Faible,Introverti,Passable,G,0,Jamais,Moyen
2000,ETU2000,cbello2000@yahoo.fr,Bello,Carole,F,2002-12-14,Faible,6,2022,Bafoussam,Célibataire,0,Moyenne,Anxieux,Bien,D,0,Rarement,Faible
