id_situation_eco,id_etudiant,mode_vie,a_emploi_remunere,heures_emploi_semaine,type_emploi,beneficie_bourse,montant_bourse_mensuel_fcfa,source_financement_principale,difficultes_financieres_recurrentes,depenses_mensuelles_fcfa
1,1,Chez les parents,0,0,Aucun,0,0,Parents uniquement,0,198633
2,2,Chez les parents,0,0,Aucun,1,26678,Parents uniquement,1,50108
3,3,Location colocation,1,5,Petits boulots,1,72272,Bourse + parents,0,120919
4,4,Cité universitaire,0,0,Aucun,1,45496,Parents uniquement,1,48236
5,5,Cité universitaire,1,30,Commerce informel,0,0,Bourse + parents,0,24111
6,6,Location colocation,0,0,Aucun,0,0,Parents uniquement,1,51417
7,7,Chez un proche,0,0,Aucun,1,21497,Emploi rémunéré,0,106889
8,8,Location seul,0,0,Aucun,0,0,Bourse + parents,1,100161
9,9,Location colocation,0,0,Aucun,0,0,Emploi rémunéré,0,88773
10,10,Location seul,0,0,Aucun,0,0,Emploi rémunéré,0,215170
11,11,Chez un proche,0,0,Aucun,0,0,Parents + emploi,0,62649
12,12,Chez un proche,0,0,Aucun,0,0,Emploi rémunéré,0,103282
13,13,Location colocation,0,0,Aucun,0,0,Parents uniquement,0,106758
14,14,Cité universitaire,1,10,Petits boulots,1,46824,Bourse + parents,0,34882
15,15,Location colocation,0,0,Aucun,0,0,Parents uniquement,0,27597
16,16,Chez un proche,0,0,Aucun,1,33927,Emploi rémunéré,0,26922
17,17,Chez les parents,0,0,Aucun,0,0,Bourse + parents,0,38860
18,18,Cité universitaire,0,0,Aucun,0,0,Parents uniquement,1,107112
19,19,Location colocation,0,0,Aucun,1,27294,Emploi rémunéré,0,43441
20,20,Chez les parents,0,0,Aucun,0,0,Parents uniquement,0,91366
21,21,Chez les parents,0,0,Aucun,0,0,Parents uniquement,0,106128
22,22,Cité universitaire,0,0,Aucun,0,0,Bourse uniquement,1,54659
23,23,Cité universitaire,0,0,Aucun,0,0,Bourse + parents,1,75223
24,24,Chez un proche,0,0,Aucun,0,0,Parents uniquement,0,181127
25,25,Location colocation,0,0,Aucun,1,71202,Bourse + parents,0,112775
26,26,Chez les parents,0,0,Aucun,0,0,Parents uniquement,0,204534
27,27,Cité universitaire,0,0,Aucun,0,0,Bourse + parents,0,69034
28,28,Cité universitaire,0,0,Aucun,1,38946,Parents uniquement,1,57219
29,29,Chez les parents,0,0,Aucun,1,34988,Parents uniquement,1,68755
30,30,Chez un proche,1,10,Commerce informel,0,0,Emploi rémunéré,0,45009
31,31,Cité universitaire,0,0,Aucun,0,0,Bourse + parents,1,59707
32,32,Cité universitaire,0,0,Aucun,0,0,Parents + emploi,0,72860
33,33,Chez les parents,0,0,Aucun,0,0,Bourse + parents,0,69829
34,34,Cité universitaire,0,0,Aucun,1,44090,Parents uniquement,0,79415
35,35,Chez les parents,0,0,Aucun,0,0,Parents uniquement,1,198917
36,36,Chez les parents,0,0,Aucun,0,0,Parents uniquement,0,115856
37,37,Location colocation,0,0,Aucun,0,0,Parents uniquement,1,186335
38,38,Chez un proche,1,1,Commerce informel,0,0,Emploi rémunéré,1,44837
39,39,Location colocation,0,0,Aucun,0,0,Emploi rémunéré,0,49516
40,40,Chez un proche,0,0,Aucun,0,0,Parents uniquement,0,89999
41,41,Location seul,0,0,Aucun,1,39849,Parents uniquement,0,70113
42,42,Chez les parents,0,0,Aucun,0,0,Bourse + parents,0,127900
43,43,Location colocation,0,0,Aucun,0,0,Parents uniquement,1,101812
44,44,Chez les parents,1,30,Auto-emploi,1,29439,Parents uniquement,1,42866
45,45,Location colocation,0,0,Aucun,0,0,Parents + emploi,1,72487
46,46,Location seul,0,0,Aucun,1,28017,Parents uniquement,0,61410
47,47,Location seul,1,5,Emploi formel,0,0,Bourse + parents,1,22555
48,48,Cité universitaire,0,0,Aucun,0,0,Parents + emploi,0,54205
49,49,Chez les parents,0,0,Aucun,1,65412,Parents uniquement,0,46254
50,50,Location seul,0,0,Aucun,1,50555,Bourse + parents,1,89156
51,51,Chez un proche,1,15,Commerce informel,0,0,Parents uniquement,1,54111
52,52,Location seul,0,0,Aucun,0,0,Parents uniquement,0,155369
53,53,Chez les parents,0,0,Aucun,1,20653,Parents + emploi,0,52285
54,54,Location colocation,0,0,Aucun,0,0,Autonome,0,101140
55,55,Location colocation,0,0,Aucun,1,26606,Bourse + parents,0,60444
56,56,Location colocation,0,0,Aucun,0,0,Parents uniquement,1,57933
57,57,Location colocation,0,0,Aucun,1,51931,Parents uniquement,1,57423
58,58,Location colocation,0,0,Aucun,0,0,Autonome,0,125932
59,59,Location seul,0,0,Aucun,1,30991,Parents uniquement,0,140184
60,60,Location colocation,0,0,Aucun,0,0,Parents uniquement,0,100349
61,61,Chez les parents,1,30,Petits boulots,1,33776,Bourse + parents,0,128193
62,62,Location seul,0,0,Aucun,0,0,Bourse + parents,0,74817
63,63,Chez un proche,0,0,Aucun,0,0,Bourse + parents,0,100256
64,64,Chez les parents,1,5,Emploi formel,1,31026,Parents + emploi,1,51313
65,65,Chez les parents,0,0,Aucun,0,0,Parents uniquement,0,112956
66,66,Chez un proche,0,0,Aucun,0,0,Bourse + parents,0,44096
67,67,Cité universitaire,0,0,Aucun,0,0,Parents + emploi,0,63834
68,68,Cité universitaire,0,0,Aucun,1,29979,Parents uniquement,1,89893
69,69,Chez les parents,0,0,Aucun,0,0,Bourse uniquement,1,61532
70,70,Chez les parents,0,0,Aucun,0,0,Bourse + parents,0,89270
71,71,Chez un proche,0,0,Aucun,1,73595,Bourse + parents,0,48502
72,72,Chez les parents,0,0,Aucun,0,0,Bourse uniquement,0,79309
73,73,Chez les parents,1,15,Commerce informel,0,0,Bourse + parents,1,57549
74,74,Cité universitaire,0,0,Aucun,0,0,Parents + emploi,1,30032
75,75,Cité universitaire,0,0,Aucun,0,0,Parents uniquement,0,114173
76,76,Chez un proche,1,20,Petits boulots,1,60393,Bourse uniquement,0,89338
77,77,Location seul,0,0,Aucun,0,0,Emploi rémunéré,0,83611
78,78,Chez les parents,0,0,Aucun,0,0,Parents uniquement,0,129610
79,79,Cité universitaire,1,1,Emploi formel,0,0,Bourse uniquement,0,32065
80,80,Chez les parents,0,0,Aucun,1,34364,Parents uniquement,0,61579
81,81,Chez un proche,0,0,Aucun,0,0,Bourse uniquement,0,43248
82,82,Cité universitaire,0,0,Aucun,0,0,Parents uniquement,0,103748
83,83,Chez les parents,1,10,Commerce informel,0,0,Bourse + parents,0,54752
84,84,Chez un proche,0,0,Aucun,1,62583,Autonome,1,34135
85,85,Chez un proche,0,0,Aucun,0,0,Parents uniquement,0,107366
86,86,Location colocation,0,0,Aucun,0,0,Bourse uniquement,1,71568
87,87,Chez les parents,0,0,Aucun,0,0,Autonome,1,78229
88,88,Chez un proche,1,10,Petits boulots,0,0,Parents uniquement,1,103800
89,89,Cité universitaire,0,0,Aucun,0,0,Bourse + parents,0,67443
90,90,Chez les parents,1,20,Emploi formel,0,0,Bourse + parents,1,62277
91,91,Location colocation,0,0,Aucun,1,42597,Bourse + parents,1,57602
92,92,Chez un proche,0,0,Aucun,0,0,Parents + emploi,0,88896
93,93,Chez les parents,0,0,Aucun,0,0,Parents uniquement,0,161382
94,94,Cité universitaire,0,0,Aucun,0,0,Parents uniquement,0,75666
95,95,Chez les parents,1,10,Commerce informel,0,0,Bourse + parents,0,27941
96,96,Chez les parents,0,0,Aucun,0,0,Parents uniquement,0,195195
97,97,Chez les parents,0,0,Aucun,0,0,Parents uniquement,0,55419
98,98,Location seul,0,0,Aucun,0,0,Bourse + parents,0,63433
99,99,Location colocation,1,30,Auto-emploi,0,0,Autonome,0,103160
100,100,Cité universitaire,0,0,Aucun,0,0,Bourse + parents,1,57887
101,101,Location seul,0,0,Aucun,0,0,Parents + emploi,0,103992
102,102,Location seul,1,20,Commerce informel,0,0,Parents uniquement,0,69998
103,103,Chez un proche,0,0,Aucun,0,0,Bourse uniquement,0,108814
104,104,Location colocation,0,0,Aucun,1,40883,Autonome,0,71473
105,105,Chez un proche,0,0,Aucun,0,0,Parents uniquement,0,105642
106,106,Chez les parents,1,20,Petits boulots,0,0,Bourse uniquement,0,64997
107,107,Location seul,0,0,Aucun,0,0,Bourse + parents,1,64711
108,108,Chez un proche,0,0,Aucun,0,0,Parents uniquement,1,76936
109,109,Cité universitaire,0,0,Aucun,0,0,Parents uniquement,1,66455
110,110,Cité universitaire,1,20,Petits boulots,0,0,Bourse + parents,0,47752
111,111,Chez les parents,0,0,Aucun,0,0,Parents + emploi,1,74325
112,112,Location seul,0,0,Aucun,0,0,Bourse + parents,0,105861
113,113,Chez un proche,0,0,Aucun,0,0,Parents uniquement,0,45479
114,114,Chez les parents,0,0,Aucun,0,0,Bourse uniquement,0,105479
115,115,Chez les parents,0,0,Aucun,0,0,Parents + emploi,1,85777
116,116,Location seul,0,0,Aucun,0,0,Bourse + parents,0,53676
117,117,Chez les parents,0,0,Aucun,0,0,Parents + emploi,0,85753
118,118,Chez les parents,1,10,Auto-emploi,0,0,Bourse + parents,0,77035
119,119,Chez un proche,0,0,Aucun,0,0,Parents uniquement,0,81095
120,120,Cité universitaire,0,0,Aucun,1,31144,Bourse + parents,0,176011
121,121,Chez les parents,1,5,Emploi formel,0,0,Parents + emploi,1,24812
122,122,Location colocation,0,0,Aucun,0,0,Parents + emploi,0,44844
123,123,Location colocation,0,0,Aucun,0,0,Bourse uniquement,0,28346
124,124,Location seul,0,0,Aucun,1,74724,Parents uniquement,0,58737
125,125,Location seul,1,10,Petits boulots,0,0,Parents + emploi,0,46654
126,126,Chez les parents,0,0,Aucun,0,0,Parents uniquement,0,52641
127,127,Cité universitaire,1,10,Commerce informel,0,0,Emploi rémunéré,0,40235
128,128,Location seul,0,0,Aucun,0,0,Parents + emploi,0,210190
129,129,Chez les parents,0,0,Aucun,1,56111,Bourse + parents,1,38646
130,130,Location colocation,0,0,Aucun,0,0,Parents uniquement,1,62311
131,131,Chez les parents,0,0,Aucun,0,0,Emploi rémunéré,1,45944
132,132,Location seul,0,0,Aucun,0,0,Bourse + parents,0,105297
133,133,Location seul,0,0,Aucun,1,42481,Parents uniquement,0,46940
134,134,Location seul,0,0,Aucun,0,0,Parents + emploi,1,106098
135,135,Location colocation,0,0,Aucun,0,0,Parents uniquement,0,128503
136,136,Cité universitaire,0,0,Aucun,0,0,Parents uniquement,0,208158
137,137,Chez les parents,0,0,Aucun,0,0,Bourse + parents,0,66328
138,138,Cité universitaire,1,10,Auto-emploi,0,0,Parents uniquement,1,35876
139,139,Location seul,0,0,Aucun,0,0,Parents uniquement,0,108087
140,140,Location colocation,0,0,Aucun,1,67505,Bourse + parents,1,30143
141,141,Location colocation,0,0,Aucun,0,0,Parents uniquement,0,96940
142,142,Chez les parents,0,0,Aucun,0,0,Autonome,0,73924
143,143,Cité universitaire,1,5,Petits boulots,0,0,Parents uniquement,0,59828
144,144,Cité universitaire,0,0,Aucun,0,0,Bourse uniquement,0,51112
145,145,Cité universitaire,1,15,Auto-emploi,1,22559,Parents uniquement,1,53063
146,146,Cité universitaire,0,0,Aucun,0,0,Emploi rémunéré,1,45934
147,147,Location colocation,0,0,Aucun,0,0,Parents uniquement,0,196987
148,148,Location colocation,0,0,Aucun,0,0,Parents uniquement,0,88809
149,149,Location colocation,0,0,Aucun,1,52845,Parents + emploi,0,44252
150,150,Cité universitaire,0,0,Aucun,0,0,Bourse uniquement,0,102014
151,151,Location colocation,0,0,Aucun,1,55379,Parents uniquement,0,109294
152,152,Chez les parents,1,1,Auto-emploi,1,51560,Parents uniquement,0,85228
153,153,Location seul,0,0,Aucun,0,0,Parents uniquement,0,100959
154,154,Chez les parents,0,0,Aucun,0,0,Bourse + parents,0,56939
155,155,Chez les parents,0,0,Aucun,0,0,Emploi rémunéré,0,57695
156,156,Location seul,0,0,Aucun,0,0,Parents + emploi,1,26348
157,157,Chez les parents,0,0,Aucun,1,63099,Parents uniquement,1,72783
158,158,Chez un proche,1,5,Emploi formel,1,22120,Parents + emploi,1,61002
159,159,Location seul,0,0,Aucun,0,0,Bourse + parents,1,86690
160,160,Chez un proche,0,0,Aucun,0,0,Bourse + parents,0,47308
161,161,Location colocation,0,0,Aucun,1,61291,Parents uniquement,0,163869
162,162,Location seul,0,0,Aucun,0,0,Bourse + parents,1,94072
163,163,Location seul,0,0,Aucun,0,0,Emploi rémunéré,1,47896
164,164,Location colocation,0,0,Aucun,0,0,Parents uniquement,0,46139
165,165,Location seul,1,15,Commerce informel,0,0,Bourse + parents,0,99787
166,166,Location colocation,0,0,Aucun,0,0,Parents uniquement,1,27329
167,167,Location colocation,0,0,Aucun,0,0,Parents uniquement,0,209287
168,168,Chez les parents,0,0,Aucun,0,0,Parents uniquement,0,48074
169,169,Chez les parents,0,0,Aucun,0,0,Bourse uniquement,1,59188
170,170,Location colocation,0,0,Aucun,0,0,Parents uniquement,0,46584
171,171,Chez un proche,0,0,Aucun,0,0,Parents + emploi,0,62062
172,172,Chez les parents,0,0,Aucun,0,0,Autonome,0,64292
173,173,Cité universitaire,1,15,Auto-emploi,0,0,Autonome,1,55045
174,174,Chez les parents,0,0,Aucun,0,0,Parents + emploi,1,57254
175,175,Chez un proche,0,0,Aucun,0,0,Bourse uniquement,0,172294
176,176,Chez un proche,0,0,Aucun,0,0,Parents uniquement,0,153840
177,177,Chez un proche,0,0,Aucun,0,0,Bourse + parents,0,26179
178,178,Location seul,1,30,Petits boulots,1,32836,Parents uniquement,0,60681
179,179,Location seul,0,0,Aucun,0,0,Parents uniquement,0,176643
180,180,Chez un proche,0,0,Aucun,0,0,Bourse uniquement,0,182054
181,181,Chez un proche,0,0,Aucun,0,0,Autonome,0,45554
182,182,Chez les parents,0,0,Aucun,0,0,Bourse + parents,0,97367
183,183,Cité universitaire,0,0,Aucun,1,37098,Parents uniquement,0,190636
184,184,Location colocation,0,0,Aucun,1,55101,Parents + emploi,0,82803
185,185,Cité universitaire,0,0,Aucun,0,0,Parents + emploi,1,64927
186,186,Location colocation,0,0,Aucun,0,0,Parents uniquement,0,178517
187,187,Cité universitaire,1,30,Emploi formel,1,30909,Parents uniquement,0,32007
188,188,Location seul,0,0,Aucun,0,0,Bourse + parents,0,34646
189,189,Chez les parents,0,0,Aucun,0,0,Parents + emploi,0,147913
190,190,Location seul,0,0,Aucun,0,0,Parents + emploi,1,47085
191,191,Cité universitaire,0,0,Aucun,0,0,Bourse + parents,0,74084
192,192,Cité universitaire,0,0,Aucun,0,0,Parents uniquement,0,85062
193,193,Cité universitaire,0,0,Aucun,0,0,Parents + emploi,1,40682
194,194,Cité universitaire,0,0,Aucun,0,0,Parents + emploi,0,76981
195,195,Cité universitaire,0,0,Aucun,1,30752,Bourse + parents,0,61946
196,196,Cité universitaire,0,0,Aucun,0,0,Emploi rémunéré,1,38516
197,197,Location seul,0,0,Aucun,0,0,Bourse + parents,0,62868
198,198,Location colocation,0,0,Aucun,0,0,Parents + emploi,0,36097
199,199,Cité universitaire,0,0,Aucun,0,0,Parents uniquement,0,102699
200,200,Chez un proche,1,15,Petits boulots,0,0,Parents uniquement,0,186151
201,201,Cité universitaire,0,0,Aucun,0,0,Emploi rémunéré,0,41003
202,202,Location seul,0,0,Aucun,0,0,Parents + emploi,0,71089
203,203,Cité universitaire,0,0,Aucun,0,0,Bourse + parents,1,96722
204,204,Location colocation,0,0,Aucun,0,0,Emploi rémunéré,1,38607
205,205,Chez les parents,0,0,Aucun,0,0,Emploi rémunéré,1,47949
206,206,Chez les parents,0,0,Aucun,0,0,Parents + emploi,0,57335
207,207,Location colocation,1,15,Emploi formel,0,0,Bourse + parents,1,44394
208,208,Location colocation,0,0,Aucun,0,0,Emploi rémunéré,1,57770
209,209,Cité universitaire,1,20,Auto-emploi,1,68129,Parents uniquement,0,37220
210,210,Chez les parents,0,0,Aucun,1,43886,Parents + emploi,0,75405
211,211,Chez les parents,0,0,Aucun,0,0,Parents + emploi,0,109163
212,212,Chez un proche,0,0,Aucun,0,0,Parents + emploi,0,68634
213,213,Location colocation,1,10,Petits boulots,0,0,Bourse + parents,0,75154
214,214,Chez les parents,0,0,Aucun,1,27913,Parents uniquement,1,103411
215,215,Chez les parents,0,0,Aucun,0,0,Parents uniquement,1,68541
216,216,Chez les parents,0,0,Aucun,0,0,Parents uniquement,0,100297
217,217,Chez les parents,0,0,Aucun,1,20749,Parents uniquement,0,58020
218,218,Location colocation,0,0,Aucun,0,0,Parents uniquement,0,78733
219,219,Cité universitaire,0,0,Aucun,0,0,Parents uniquement,0,84647
220,220,Cité universitaire,0,0,Aucun,0,0,Parents uniquement,0,84504
221,221,Cité universitaire,0,0,Aucun,0,0,Parents uniquement,0,66898
222,222,Location seul,0,0,Aucun,0,0,Parents uniquement,0,114910
223,223,Location seul,0,0,Aucun,0,0,Emploi rémunéré,0,160451
224,224,Chez les parents,0,0,Aucun,0,0,Bourse + parents,1,83741
225,225,Cité universitaire,1,15,Emploi formel,0,0,Bourse + parents,1,78671
226,226,Chez les parents,0,0,Aucun,1,49738,Parents uniquement,0,56001
227,227,Chez les parents,1,10,Commerce informel,1,66883,Parents uniquement,1,58345
228,228,Location colocation,0,0,Aucun,0,0,Parents uniquement,0,101949
229,229,Chez les parents,0,0,Aucun,0,0,Parents uniquement,0,53993
230,230,Chez les parents,0,0,Aucun,0,0,Bourse + parents,0,93428
231,231,Cité universitaire,0,0,Aucun,1,35365,Emploi rémunéré,0,60075
232,232,Cité universitaire,0,0,Aucun,1,47373,Bourse + parents,0,215652
233,233,Chez les parents,0,0,Aucun,0,0,Parents uniquement,0,57315
234,234,Cité universitaire,0,0,Aucun,0,0,Parents uniquement,0,81729
235,235,Location colocation,0,0,Aucun,0,0,Parents uniquement,0,46757
236,236,Chez les parents,1,5,Auto-emploi,0,0,Parents uniquement,1,71218
237,237,Location seul,0,0,Aucun,0,0,Parents uniquement,1,218730
238,238,Location seul,0,0,Aucun,0,0,Parents + emploi,0,42182
239,239,Cité universitaire,0,0,Aucun,1,38981,Emploi rémunéré,0,57124
240,240,Cité universitaire,0,0,Aucun,1,56483,Parents uniquement,0,98914
241,241,Chez les parents,0,0,Aucun,0,0,Bourse + parents,1,22255
242,242,Location colocation,0,0,Aucun,0,0,Parents uniquement,0,71883
243,243,Location seul,0,0,Aucun,0,0,Emploi rémunéré,1,58344
244,244,Chez les parents,1,20,Auto-emploi,1,35594,Bourse + parents,0,39517
245,245,Chez les parents,0,0,Aucun,0,0,Bourse + parents,0,166731
246,246,Chez les parents,0,0,Aucun,1,35555,Emploi rémunéré,0,41432
247,247,Cité universitaire,0,0,Aucun,0,0,Parents + emploi,0,57698
248,248,Cité universitaire,0,0,Aucun,0,0,Parents uniquement,1,101848
249,249,Location seul,0,0,Aucun,0,0,Emploi rémunéré,0,53469
250,250,Chez les parents,0,0,Aucun,0,0,Bourse uniquement,0,45084
251,251,Location colocation,0,0,Aucun,0,0,Parents uniquement,0,98715
252,252,Chez les parents,0,0,Aucun,0,0,Parents + emploi,0,93526
253,253,Chez les parents,0,0,Aucun,0,0,Parents uniquement,0,32918
254,254,Chez les parents,0,0,Aucun,0,0,Parents + emploi,0,193342
255,255,Location colocation,0,0,Aucun,1,50487,Parents + emploi,0,83014
256,256,Chez les parents,0,0,Aucun,1,52408,Parents uniquement,1,61397
257,257,Location colocation,0,0,Aucun,0,0,Emploi rémunéré,0,146195
258,258,Chez les parents,0,0,Aucun,0,0,Bourse uniquement,0,87595
259,259,Cité universitaire,1,10,Petits boulots,0,0,Emploi rémunéré,0,52608
260,260,Location seul,0,0,Aucun,0,0,Parents + emploi,0,116441
261,261,Location colocation,0,0,Aucun,0,0,Parents + emploi,0,57929
262,262,Chez les parents,0,0,Aucun,0,0,Bourse uniquement,0,76197
263,263,Chez un proche,1,40,Auto-emploi,1,69341,Parents uniquement,0,81645
264,264,Chez un proche,0,0,Aucun,0,0,Parents + emploi,0,105901
265,265,Location seul,0,0,Aucun,0,0,Parents uniquement,0,53038
266,266,Location seul,0,0,Aucun,0,0,Parents uniquement,0,45335
267,267,Chez un proche,0,0,Aucun,1,57460,Bourse uniquement,0,63101
268,268,Chez les parents,0,0,Aucun,0,0,Parents uniquement,0,108916
269,269,Cité universitaire,0,0,Aucun,0,0,Parents + emploi,0,52151
270,270,Location colocation,1,5,Auto-emploi,0,0,Bourse + parents,1,97919
271,271,Cité universitaire,1,20,Auto-emploi,1,65868,Parents + emploi,0,23075
272,272,Chez les parents,0,0,Aucun,0,0,Parents + emploi,1,87044
273,273,Chez un proche,0,0,Aucun,0,0,Parents uniquement,0,194757
274,274,Cité universitaire,0,0,Aucun,0,0,Bourse uniquement,1,59364
275,275,Chez les parents,1,5,Auto-emploi,0,0,Emploi rémunéré,0,106949
276,276,Chez les parents,1,10,Commerce informel,0,0,Parents uniquement,0,54638
277,277,Cité universitaire,0,0,Aucun,0,0,Parents + emploi,0,66036
278,278,Location colocation,1,15,Commerce informel,0,0,Parents uniquement,1,42844
279,279,Cité universitaire,0,0,Aucun,0,0,Parents uniquement,0,108525
280,280,Location colocation,0,0,Aucun,0,0,Bourse + parents,0,96303
281,281,Chez un proche,0,0,Aucun,0,0,Parents + emploi,0,83843
282,282,Location colocation,0,0,Aucun,1,58010,Bourse + parents,1,30329
283,283,Chez un proche,0,0,Aucun,0,0,Parents uniquement,1,45720
284,284,Cité universitaire,0,0,Aucun,0,0,Emploi rémunéré,1,28875
285,285,Chez les parents,0,0,Aucun,1,25591,Emploi rémunéré,0,61640
286,286,Location seul,0,0,Aucun,0,0,Bourse + parents,0,168308
287,287,Chez un proche,0,0,Aucun,0,0,Parents uniquement,0,106314
288,288,Chez les parents,0,0,Aucun,0,0,Emploi rémunéré,1,65595
289,289,Chez les parents,0,0,Aucun,0,0,Bourse uniquement,1,60748
290,290,Location colocation,0,0,Aucun,0,0,Bourse + parents,0,53649
291,291,Location colocation,0,0,Aucun,1,78158,Bourse + parents,1,48944
292,292,Chez un proche,0,0,Aucun,1,30819,Parents uniquement,1,29706
293,293,Chez les parents,1,10,Auto-emploi,0,0,Bourse + parents,0,53582
294,294,Chez les parents,0,0,Aucun,0,0,Parents + emploi,0,49712
295,295,Cité universitaire,0,0,Aucun,0,0,Emploi rémunéré,1,79427
296,296,Location seul,0,0,Aucun,0,0,Bourse + parents,0,71525
297,297,Location seul,1,5,Auto-emploi,0,0,Autonome,0,103750
298,298,Chez les parents,1,30,Commerce informel,0,0,Bourse uniquement,0,100170
299,299,Chez un proche,0,0,Aucun,0,0,Parents uniquement,0,100047
300,300,Location colocation,0,0,Aucun,0,0,Parents uniquement,0,48699
301,301,Location colocation,1,30,Emploi formel,1,30204,Parents uniquement,1,54377
302,302,Chez un proche,0,0,Aucun,0,0,Autonome,0,88477
303,303,Chez les parents,0,0,Aucun,1,45973,Parents uniquement,1,69437
304,304,Cité universitaire,1,5,Petits boulots,0,0,Emploi rémunéré,1,42563
305,305,Location colocation,0,0,Aucun,0,0,Bourse + parents,0,166770
306,306,Location seul,0,0,Aucun,1,48171,Parents + emploi,0,28821
307,307,Chez les parents,0,0,Aucun,0,0,Bourse + parents,0,63496
308,308,Cité universitaire,1,20,Petits boulots,0,0,Emploi rémunéré,1,75272
309,309,Location colocation,0,0,Aucun,0,0,Bourse + parents,0,94816
310,310,Location colocation,0,0,Aucun,0,0,Autonome,1,55780
311,311,Location colocation,0,0,Aucun,0,0,Emploi rémunéré,0,61794
312,312,Chez les parents,0,0,Aucun,0,0,Emploi rémunéré,1,40090
313,313,Location colocation,0,0,Aucun,0,0,Parents uniquement,1,89457
314,314,Cité universitaire,0,0,Aucun,0,0,Bourse + parents,0,86188
315,315,Chez les parents,0,0,Aucun,0,0,Parents + emploi,0,138009
316,316,Chez les parents,0,0,Aucun,0,0,Emploi rémunéré,0,35724
317,317,Location colocation,0,0,Aucun,0,0,Parents + emploi,1,69657
318,318,Location seul,1,10,Petits boulots,0,0,Bourse + parents,0,45602
319,319,Cité universitaire,0,0,Aucun,0,0,Bourse uniquement,1,27952
320,320,Location colocation,0,0,Aucun,0,0,Parents uniquement,0,31120
321,321,Location seul,0,0,Aucun,1,22088,Parents uniquement,0,131897
322,322,Chez un proche,1,10,Commerce informel,0,0,Bourse uniquement,1,43989
323,323,Chez un proche,0,0,Aucun,1,52917,Bourse uniquement,1,65323
324,324,Chez les parents,0,0,Aucun,0,0,Parents uniquement,0,182589
325,325,Chez les parents,0,0,Aucun,0,0,Parents + emploi,0,65942
326,326,Chez les parents,1,10,Emploi formel,1,58994,Parents uniquement,0,82883
327,327,Cité universitaire,1,20,Commerce informel,0,0,Parents uniquement,1,56551
328,328,Location seul,0,0,Aucun,0,0,Autonome,0,97209
329,329,Chez un proche,1,20,Auto-emploi,0,0,Parents uniquement,0,88963
330,330,Cité universitaire,0,0,Aucun,0,0,Parents uniquement,0,185439
331,331,Location colocation,1,20,Auto-emploi,0,0,Parents + emploi,0,59932
332,332,Location colocation,0,0,Aucun,1,40964,Parents uniquement,0,142273
333,333,Cité universitaire,0,0,Aucun,0,0,Parents + emploi,0,33845
334,334,Location colocation,1,15,Auto-emploi,0,0,Emploi rémunéré,0,31510
335,335,Chez les parents,1,1,Emploi formel,0,0,Emploi rémunéré,1,52545
336,336,Chez un proche,0,0,Aucun,0,0,Bourse + parents,0,68858
337,337,Location colocation,1,10,Emploi formel,0,0,Bourse uniquement,1,58410
338,338,Location colocation,0,0,Aucun,0,0,Parents uniquement,0,98557
339,339,Cité universitaire,1,15,Auto-emploi,1,40041,Parents uniquement,1,40382
340,340,Cité universitaire,0,0,Aucun,0,0,Emploi rémunéré,0,64525
341,341,Location colocation,0,0,Aucun,1,29053,Parents uniquement,1,42701
342,342,Chez les parents,1,30,Emploi formel,0,0,Parents uniquement,0,70906
343,343,Chez les parents,1,10,Petits boulots,1,37676,Parents uniquement,0,98059
344,344,Location colocation,1,5,Emploi formel,0,0,Parents uniquement,1,46171
345,345,Location colocation,0,0,Aucun,0,0,Parents + emploi,1,39029
346,346,Chez les parents,0,0,Aucun,0,0,Parents uniquement,0,166977
347,347,Cité universitaire,0,0,Aucun,1,35383,Bourse + parents,0,65121
348,348,Cité universitaire,0,0,Aucun,0,0,Parents uniquement,0,156288
349,349,Location seul,0,0,Aucun,0,0,Parents uniquement,0,114179
350,350,Location seul,0,0,Aucun,0,0,Parents uniquement,0,196921
351,351,Chez les parents,1,15,Petits boulots,1,23899,Emploi rémunéré,1,37608
352,352,Chez un proche,0,0,Aucun,0,0,Parents uniquement,0,103598
353,353,Location colocation,1,15,Emploi formel,0,0,Parents uniquement,0,105594
354,354,Cité universitaire,0,0,Aucun,1,20336,Parents uniquement,1,107481
355,355,Location colocation,0,0,Aucun,0,0,Bourse uniquement,0,69039
356,356,Location colocation,0,0,Aucun,0,0,Bourse + parents,0,215400
357,357,Cité universitaire,0,0,Aucun,0,0,Parents uniquement,0,58192
358,358,Chez un proche,0,0,Aucun,0,0,Parents uniquement,1,52541
359,359,Cité universitaire,0,0,Aucun,0,0,Emploi rémunéré,0,45920
360,360,Cité universitaire,0,0,Aucun,0,0,Bourse uniquement,0,57569
361,361,Cité universitaire,0,0,Aucun,0,0,Parents + emploi,0,67733
362,362,Chez un proche,0,0,Aucun,0,0,Emploi rémunéré,0,190670
363,363,Location seul,0,0,Aucun,0,0,Parents + emploi,1,38314
364,364,Location colocation,0,0,Aucun,0,0,Parents uniquement,0,51978
365,365,Location colocation,0,0,Aucun,0,0,Bourse + parents,0,53031
366,366,Chez un proche,0,0,Aucun,0,0,Parents + emploi,0,73670
367,367,Location colocation,0,0,Aucun,0,0,Bourse uniquement,0,93217
368,368,Chez un proche,0,0,Aucun,0,0,Autonome,0,174670
369,369,Location colocation,1,15,Commerce informel,0,0,Bourse + parents,1,48103
370,370,Location colocation,0,0,Aucun,1,39499,Parents uniquement,0,68170
371,371,Location seul,0,0,Aucun,0,0,Parents + emploi,0,168464
372,372,Chez un proche,0,0,Aucun,0,0,Emploi rémunéré,0,51313
373,373,Location seul,0,0,Aucun,1,59086,Parents uniquement,0,74134
374,374,Chez un proche,0,0,Aucun,0,0,Emploi rémunéré,0,84306
375,375,Chez les parents,0,0,Aucun,0,0,Emploi rémunéré,0,104414
376,376,Location colocation,0,0,Aucun,1,62899,Emploi rémunéré,0,29573
377,377,Location colocation,0,0,Aucun,1,59347,Parents + emploi,0,43608
378,378,Cité universitaire,0,0,Aucun,0,0,Parents uniquement,1,107772
379,379,Chez les parents,0,0,Aucun,0,0,Parents uniquement,1,104897
380,380,Chez les parents,1,5,Petits boulots,0,0,Bourse + parents,0,28136
381,381,Location colocation,1,15,Petits boulots,1,26326,Bourse + parents,0,101512
382,382,Cité universitaire,1,15,Auto-emploi,0,0,Parents + emploi,1,52505
383,383,Chez un proche,0,0,Aucun,0,0,Parents + emploi,0,137399
384,384,Chez les parents,0,0,Aucun,0,0,Parents uniquement,0,166102
385,385,Chez les parents,0,0,Aucun,0,0,Bourse + parents,1,64514
386,386,Location colocation,1,15,Emploi formel,1,34012,Parents + emploi,0,53563
387,387,Chez les parents,0,0,Aucun,0,0,Parents uniquement,0,174571
388,388,Location seul,0,0,Aucun,0,0,Autonome,1,31497
389,389,Chez les parents,0,0,Aucun,0,0,Parents uniquement,0,158261
390,390,Chez les parents,0,0,Aucun,0,0,Bourse + parents,0,141500
391,391,Cité universitaire,1,15,Emploi formel,1,45807,Parents uniquement,0,50298
392,392,Location seul,0,0,Aucun,0,0,Bourse uniquement,1,54080
393,393,Location colocation,0,0,Aucun,0,0,Bourse + parents,0,50092
394,394,Cité universitaire,0,0,Aucun,1,24156,Parents + emploi,1,59790
395,395,Location seul,0,0,Aucun,0,0,Autonome,0,118601
396,396,Chez les parents,0,0,Aucun,0,0,Parents uniquement,0,64346
397,397,Location seul,0,0,Aucun,0,0,Bourse uniquement,0,49919
398,398,Location seul,0,0,Aucun,0,0,Parents + emploi,0,134214
399,399,Cité universitaire,0,0,Aucun,0,0,Parents uniquement,0,74076
400,400,Chez les parents,0,0,Aucun,0,0,Parents uniquement,0,66474
401,401,Chez un proche,1,20,Auto-emploi,0,0,Parents + emploi,1,32739
402,402,Location colocation,0,0,Aucun,0,0,Parents uniquement,0,123270
403,403,Location colocation,0,0,Aucun,0,0,Bourse + parents,0,98016
404,404,Chez les parents,0,0,Aucun,0,0,Parents uniquement,0,68453
405,405,Chez un proche,0,0,Aucun,1,60464,Parents uniquement,0,84723
406,406,Location seul,0,0,Aucun,0,0,Parents + emploi,0,182550
407,407,Chez les parents,0,0,Aucun,0,0,Emploi rémunéré,1,79188
408,408,Location colocation,1,15,Emploi formel,0,0,Bourse uniquement,1,74605
409,409,Location seul,0,0,Aucun,0,0,Bourse + parents,0,215146
410,410,Chez un proche,0,0,Aucun,0,0,Autonome,0,97533
411,411,Cité universitaire,0,0,Aucun,0,0,Bourse uniquement,0,103920
412,412,Location colocation,0,0,Aucun,0,0,Parents uniquement,1,29234
413,413,Location colocation,0,0,Aucun,1,24481,Bourse uniquement,1,25468
414,414,Cité universitaire,0,0,Aucun,0,0,Bourse + parents,1,48096
415,415,Chez les parents,0,0,Aucun,1,73009,Parents + emploi,0,76137
416,416,Chez les parents,0,0,Aucun,1,70321,Parents uniquement,0,49052
417,417,Chez les parents,0,0,Aucun,1,76002,Parents uniquement,0,63326
418,418,Location seul,1,5,Commerce informel,0,0,Parents uniquement,0,180282
419,419,Cité universitaire,0,0,Aucun,1,56929,Autonome,0,74616
420,420,Location seul,1,15,Emploi formel,1,65321,Bourse + parents,1,23327
421,421,Cité universitaire,0,0,Aucun,0,0,Parents uniquement,0,64262
422,422,Location colocation,0,0,Aucun,0,0,Parents uniquement,0,202202
423,423,Location colocation,0,0,Aucun,0,0,Parents + emploi,0,201523
424,424,Cité universitaire,0,0,Aucun,1,78484,Parents + emploi,1,38966
425,425,Location colocation,0,0,Aucun,0,0,Bourse + parents,0,49409
426,426,Chez un proche,0,0,Aucun,0,0,Autonome,0,186054
427,427,Chez les parents,0,0,Aucun,1,68174,Parents uniquement,0,31080
428,428,Chez un proche,0,0,Aucun,0,0,Parents uniquement,0,201107
429,429,Cité universitaire,1,10,Auto-emploi,0,0,Emploi rémunéré,1,59196
430,430,Chez un proche,0,0,Aucun,1,31048,Emploi rémunéré,0,82232
431,431,Chez les parents,0,0,Aucun,0,0,Bourse uniquement,0,51810
432,432,Cité universitaire,0,0,Aucun,0,0,Autonome,0,62094
433,433,Chez les parents,0,0,Aucun,0,0,Emploi rémunéré,0,57125
434,434,Chez les parents,0,0,Aucun,0,0,Bourse uniquement,0,105621
435,435,Location seul,0,0,Aucun,0,0,Bourse + parents,0,50245
436,436,Chez les parents,1,15,Emploi formel,0,0,Emploi rémunéré,0,94309
437,437,Location seul,0,0,Aucun,0,0,Parents uniquement,0,201486
438,438,Chez un proche,0,0,Aucun,0,0,Bourse + parents,0,68606
439,439,Chez les parents,0,0,Aucun,0,0,Bourse + parents,0,97867
440,440,Chez un proche,0,0,Aucun,0,0,Bourse + parents,1,50868
441,441,Chez les parents,0,0,Aucun,0,0,Parents uniquement,0,30944
442,442,Location colocation,0,0,Aucun,0,0,Bourse + parents,1,34055
443,443,Chez les parents,0,0,Aucun,0,0,Bourse + parents,0,84551
444,444,Chez un proche,0,0,Aucun,0,0,Parents uniquement,0,87140
445,445,Cité universitaire,1,1,Auto-emploi,1,41396,Parents uniquement,1,93962
446,446,Chez les parents,0,0,Aucun,0,0,Parents uniquement,1,103603
447,447,Chez un proche,0,0,Aucun,0,0,Bourse + parents,0,40785
448,448,Chez un proche,1,15,Petits boulots,0,0,Emploi rémunéré,1,35598
449,449,Chez les parents,1,30,Petits boulots,0,0,Parents uniquement,0,154428
450,450,Cité universitaire,0,0,Aucun,0,0,Parents + emploi,1,61698
451,451,Cité universitaire,0,0,Aucun,0,0,Bourse + parents,0,78376
452,452,Chez les parents,0,0,Aucun,1,45424,Parents + emploi,0,54386
453,453,Chez les parents,1,20,Commerce informel,0,0,Parents + emploi,0,138510
454,454,Cité universitaire,1,10,Petits boulots,0,0,Emploi rémunéré,1,53759
455,455,Cité universitaire,1,20,Emploi formel,0,0,Parents + emploi,0,104668
456,456,Location colocation,1,30,Emploi formel,1,67178,Parents + emploi,0,126779
457,457,Location colocation,1,10,Auto-emploi,0,0,Bourse + parents,1,26802
458,458,Location colocation,1,30,Commerce informel,0,0,Parents uniquement,1,39011
459,459,Location seul,0,0,Aucun,0,0,Bourse + parents,0,135556
460,460,Location seul,0,0,Aucun,0,0,Parents uniquement,0,105168
461,461,Location colocation,1,20,Emploi formel,0,0,Emploi rémunéré,1,62345
462,462,Cité universitaire,0,0,Aucun,1,69092,Emploi rémunéré,1,76443
463,463,Location colocation,0,0,Aucun,1,45376,Parents + emploi,0,57092
464,464,Chez un proche,1,20,Auto-emploi,0,0,Parents uniquement,1,87683
465,465,Location seul,0,0,Aucun,0,0,Parents uniquement,0,61959
466,466,Chez un proche,0,0,Aucun,1,75746,Parents + emploi,0,45348
467,467,Location seul,1,20,Commerce informel,0,0,Parents uniquement,0,84879
468,468,Location colocation,0,0,Aucun,0,0,Emploi rémunéré,0,219663
469,469,Chez un proche,0,0,Aucun,0,0,Bourse uniquement,0,206424
470,470,Cité universitaire,0,0,Aucun,0,0,Parents uniquement,0,58717
471,471,Location colocation,0,0,Aucun,0,0,Parents + emploi,1,81748
472,472,Cité universitaire,1,1,Commerce informel,0,0,Parents + emploi,0,29905
473,473,Chez un proche,0,0,Aucun,0,0,Parents uniquement,0,155211
474,474,Cité universitaire,0,0,Aucun,0,0,Parents uniquement,0,61665
475,475,Location colocation,0,0,Aucun,1,58009,Parents uniquement,1,109659
476,476,Location seul,0,0,Aucun,0,0,Emploi rémunéré,0,124400
477,477,Chez les parents,0,0,Aucun,0,0,Parents uniquement,0,91715
478,478,Chez les parents,0,0,Aucun,0,0,Parents uniquement,0,99336
479,479,Location colocation,0,0,Aucun,0,0,Emploi rémunéré,1,30523
480,480,Location seul,0,0,Aucun,1,55007,Parents uniquement,0,51395
481,481,Location colocation,0,0,Aucun,0,0,Parents + emploi,0,46715
482,482,Chez les parents,0,0,Aucun,0,0,Bourse uniquement,1,88334
483,483,Location seul,0,0,Aucun,0,0,Parents uniquement,0,192271
484,484,Location colocation,1,10,Auto-emploi,0,0,Emploi rémunéré,0,47596
485,485,Chez un proche,0,0,Aucun,0,0,Parents uniquement,0,64625
486,486,Location colocation,1,15,Auto-emploi,1,69812,Emploi rémunéré,1,106780
487,487,Location colocation,0,0,Aucun,0,0,Emploi rémunéré,1,62440
488,488,Cité universitaire,0,0,Aucun,0,0,Bourse + parents,0,29523
489,489,Location colocation,0,0,Aucun,0,0,Parents + emploi,0,61839
490,490,Chez un proche,0,0,Aucun,0,0,Emploi rémunéré,0,88071
491,491,Chez les parents,0,0,Aucun,0,0,Parents uniquement,0,201882
492,492,Chez les parents,0,0,Aucun,1,34941,Parents uniquement,0,83250
493,493,Location colocation,0,0,Aucun,0,0,Bourse + parents,1,30106
494,494,Chez les parents,0,0,Aucun,1,75184,Bourse uniquement,0,56072
495,495,Cité universitaire,1,10,Emploi formel,0,0,Parents + emploi,0,96956
496,496,Location colocation,0,0,Aucun,0,0,Emploi rémunéré,0,102145
497,497,Location colocation,1,10,Petits boulots,1,36311,Parents uniquement,0,107082
498,498,Location colocation,0,0,Aucun,0,0,Parents uniquement,0,165702
499,499,Location colocation,0,0,Aucun,0,0,Bourse + parents,0,99992
500,500,Location seul,0,0,Aucun,0,0,Parents uniquement,1,93707
501,501,Location seul,0,0,Aucun,0,0,Parents + emploi,0,103322
502,502,Location colocation,0,0,Aucun,0,0,Autonome,0,215276
503,503,Chez les parents,0,0,Aucun,0,0,Parents uniquement,0,113990
504,504,Chez un proche,0,0,Aucun,0,0,Autonome,0,102049
505,505,Location colocation,1,15,Emploi formel,0,0,Bourse uniquement,0,47342
506,506,Cité universitaire,1,5,Emploi formel,1,72129,Parents uniquement,0,58453
507,507,Chez les parents,0,0,Aucun,0,0,Parents uniquement,0,129587
508,508,Location colocation,0,0,Aucun,0,0,Bourse + parents,1,40441
509,509,Chez les parents,0,0,Aucun,0,0,Parents uniquement,0,102016
510,510,Chez les parents,0,0,Aucun,0,0,Bourse + parents,0,96947
511,511,Location colocation,1,10,Commerce informel,1,30159,Parents uniquement,1,28783
512,512,Chez un proche,0,0,Aucun,0,0,Emploi rémunéré,0,71007
513,513,Location seul,0,0,Aucun,0,0,Parents uniquement,0,181954
514,514,Chez les parents,0,0,Aucun,0,0,Bourse uniquement,0,134042
515,515,Cité universitaire,0,0,Aucun,0,0,Parents uniquement,0,106807
516,516,Location colocation,0,0,Aucun,0,0,Emploi rémunéré,1,36998
517,517,Location seul,0,0,Aucun,0,0,Autonome,0,109572
518,518,Chez les parents,0,0,Aucun,0,0,Bourse + parents,0,130449
519,519,Location colocation,0,0,Aucun,0,0,Parents uniquement,0,109721
520,520,Chez un proche,0,0,Aucun,0,0,Bourse uniquement,0,77373
521,521,Location seul,1,20,Auto-emploi,0,0,Bourse + parents,0,56288
522,522,Cité universitaire,0,0,Aucun,0,0,Bourse + parents,0,98588
523,523,Cité universitaire,1,15,Commerce informel,1,36651,Bourse + parents,0,55790
524,524,Cité universitaire,0,0,Aucun,0,0,Emploi rémunéré,0,63791
525,525,Chez un proche,0,0,Aucun,0,0,Autonome,0,215963
526,526,Location seul,1,15,Petits boulots,0,0,Bourse + parents,0,46232
527,527,Chez les parents,0,0,Aucun,0,0,Bourse uniquement,0,64167
528,528,Chez les parents,0,0,Aucun,0,0,Parents uniquement,0,139688
529,529,Chez les parents,0,0,Aucun,1,37919,Parents uniquement,0,96237
530,530,Cité universitaire,1,15,Emploi formel,0,0,Emploi rémunéré,0,29366
531,531,Location seul,0,0,Aucun,0,0,Parents uniquement,0,66784
532,532,Location colocation,1,30,Petits boulots,0,0,Parents uniquement,1,23889
533,533,Cité universitaire,0,0,Aucun,1,20506,Parents uniquement,0,37597
534,534,Chez les parents,0,0,Aucun,0,0,Parents uniquement,0,147328
535,535,Location seul,0,0,Aucun,0,0,Parents + emploi,0,68194
536,536,Cité universitaire,0,0,Aucun,0,0,Bourse uniquement,1,40022
537,537,Chez les parents,0,0,Aucun,0,0,Parents + emploi,0,69652
538,538,Chez les parents,0,0,Aucun,0,0,Parents uniquement,0,80331
539,539,Cité universitaire,0,0,Aucun,0,0,Parents uniquement,0,77040
540,540,Location colocation,0,0,Aucun,0,0,Parents uniquement,0,192118
541,541,Chez les parents,0,0,Aucun,0,0,Bourse + parents,0,189551
542,542,Chez les parents,0,0,Aucun,0,0,Autonome,1,66555
543,543,Cité universitaire,0,0,Aucun,1,58689,Parents uniquement,1,66834
544,544,Chez les parents,0,0,Aucun,0,0,Parents uniquement,0,200882
545,545,Location seul,1,15,Auto-emploi,0,0,Emploi rémunéré,0,95322
546,546,Chez les parents,0,0,Aucun,0,0,Parents uniquement,0,56965
547,547,Chez les parents,1,15,Petits boulots,0,0,Parents uniquement,0,75622
548,548,Chez les parents,0,0,Aucun,0,0,Bourse uniquement,1,35171
549,549,Cité universitaire,0,0,Aucun,0,0,Bourse uniquement,0,109130
550,550,Chez les parents,0,0,Aucun,0,0,Bourse + parents,0,117388
551,551,Chez un proche,0,0,Aucun,0,0,Parents uniquement,0,54192
552,552,Location seul,0,0,Aucun,0,0,Parents uniquement,0,81139
553,553,Chez un proche,0,0,Aucun,0,0,Parents uniquement,0,59158
554,554,Cité universitaire,0,0,Aucun,0,0,Parents uniquement,1,63929
555,555,Location colocation,0,0,Aucun,0,0,Parents uniquement,0,182535
556,556,Chez les parents,0,0,Aucun,0,0,Parents uniquement,1,49687
557,557,Location seul,0,0,Aucun,0,0,Parents uniquement,0,56091
558,558,Location colocation,1,10,Petits boulots,0,0,Emploi rémunéré,1,58146
559,559,Location seul,1,10,Emploi formel,0,0,Parents uniquement,0,65482
560,560,Location colocation,0,0,Aucun,0,0,Bourse + parents,0,162000
561,561,Cité universitaire,0,0,Aucun,1,70916,Parents uniquement,1,83288
562,562,Cité universitaire,0,0,Aucun,0,0,Parents uniquement,0,197869
563,563,Chez les parents,0,0,Aucun,0,0,Bourse uniquement,0,133291
564,564,Cité universitaire,0,0,Aucun,0,0,Bourse uniquement,0,100950
565,565,Location colocation,0,0,Aucun,0,0,Bourse + parents,1,84654
566,566,Cité universitaire,0,0,Aucun,0,0,Parents uniquement,1,47447
567,567,Location colocation,0,0,Aucun,0,0,Parents + emploi,1,46766
568,568,Chez un proche,1,30,Petits boulots,0,0,Parents + emploi,0,96342
569,569,Chez les parents,0,0,Aucun,0,0,Parents uniquement,0,158353
570,570,Chez un proche,0,0,Aucun,0,0,Parents uniquement,0,144308
571,571,Chez les parents,0,0,Aucun,1,36680,Parents + emploi,0,41348
572,572,Location colocation,1,5,Commerce informel,0,0,Parents uniquement,0,51858
573,573,Location colocation,0,0,Aucun,0,0,Bourse uniquement,0,60356
574,574,Chez les parents,1,10,Commerce informel,0,0,Parents uniquement,1,73407
575,575,Location colocation,0,0,Aucun,1,72634,Bourse + parents,0,104038
576,576,Location seul,0,0,Aucun,0,0,Parents + emploi,0,217443
577,577,Location colocation,0,0,Aucun,1,72439,Bourse + parents,0,210277
578,578,Chez les parents,1,15,Emploi formel,0,0,Bourse + parents,0,46945
579,579,Location colocation,0,0,Aucun,0,0,Bourse + parents,0,55267
580,580,Chez les parents,0,0,Aucun,0,0,Parents uniquement,1,199860
581,581,Chez les parents,0,0,Aucun,1,37875,Parents uniquement,0,82621
582,582,Location colocation,0,0,Aucun,1,22809,Parents uniquement,0,62293
583,583,Chez un proche,0,0,Aucun,0,0,Parents uniquement,0,57265
584,584,Chez les parents,1,10,Petits boulots,0,0,Parents uniquement,0,194897
585,585,Location colocation,0,0,Aucun,0,0,Emploi rémunéré,1,48562
586,586,Location colocation,1,10,Emploi formel,0,0,Parents + emploi,0,50136
587,587,Location colocation,1,15,Petits boulots,1,32174,Parents uniquement,0,58662
588,588,Chez les parents,0,0,Aucun,0,0,Emploi rémunéré,0,135964
589,589,Chez les parents,0,0,Aucun,0,0,Autonome,1,47954
590,590,Location seul,1,15,Auto-emploi,0,0,Parents uniquement,0,104354
591,591,Cité universitaire,0,0,Aucun,0,0,Bourse + parents,1,41575
592,592,Cité universitaire,0,0,Aucun,0,0,Autonome,1,64510
593,593,Location colocation,0,0,Aucun,1,49256,Parents + emploi,1,94361
594,594,Location seul,0,0,Aucun,1,47155,Parents + emploi,0,78534
595,595,Location seul,0,0,Aucun,0,0,Parents uniquement,0,140046
596,596,Location seul,0,0,Aucun,1,41373,Bourse + parents,0,93881
597,597,Location seul,1,10,Emploi formel,0,0,Emploi rémunéré,1,70957
598,598,Chez les parents,0,0,Aucun,1,27051,Parents uniquement,0,153407
599,599,Chez les parents,0,0,Aucun,0,0,Bourse + parents,1,66404
600,600,Chez les parents,0,0,Aucun,1,49378,Emploi rémunéré,1,43828
601,601,Chez les parents,1,10,Petits boulots,0,0,Parents uniquement,1,70418
602,602,Location colocation,0,0,Aucun,0,0,Parents uniquement,0,46922
603,603,Location seul,0,0,Aucun,0,0,Bourse + parents,0,75739
604,604,Location seul,0,0,Aucun,0,0,Parents uniquement,1,58911
605,605,Chez les parents,1,5,Auto-emploi,0,0,Bourse + parents,1,41346
606,606,Location colocation,0,0,Aucun,0,0,Parents uniquement,1,55759
607,607,Chez les parents,0,0,Aucun,0,0,Parents uniquement,0,144350
608,608,Location colocation,0,0,Aucun,0,0,Bourse + parents,0,48487
609,609,Location colocation,0,0,Aucun,1,35789,Emploi rémunéré,0,54095
610,610,Chez un proche,0,0,Aucun,0,0,Bourse uniquement,0,55953
611,611,Cité universitaire,1,15,Petits boulots,1,33173,Parents uniquement,0,38257
612,612,Chez un proche,0,0,Aucun,0,0,Bourse + parents,1,64572
613,613,Cité universitaire,1,10,Emploi formel,0,0,Emploi rémunéré,1,41616
614,614,Cité universitaire,0,0,Aucun,0,0,Emploi rémunéré,0,55512
615,615,Location seul,0,0,Aucun,0,0,Parents uniquement,0,52110
616,616,Chez un proche,0,0,Aucun,0,0,Bourse + parents,0,59269
617,617,Location seul,0,0,Aucun,0,0,Emploi rémunéré,0,92060
618,618,Location seul,0,0,Aucun,0,0,Parents uniquement,0,104668
619,619,Chez un proche,0,0,Aucun,0,0,Autonome,0,91762
620,620,Chez les parents,0,0,Aucun,0,0,Emploi rémunéré,1,45856
621,621,Location colocation,0,0,Aucun,0,0,Bourse + parents,0,86740
622,622,Chez les parents,0,0,Aucun,0,0,Parents uniquement,0,159980
623,623,Chez un proche,1,20,Commerce informel,0,0,Bourse + parents,0,114766
624,624,Location colocation,0,0,Aucun,0,0,Emploi rémunéré,1,57423
625,625,Chez un proche,0,0,Aucun,0,0,Parents + emploi,0,54922
626,626,Location seul,0,0,Aucun,0,0,Parents + emploi,0,89085
627,627,Location colocation,0,0,Aucun,0,0,Bourse uniquement,0,59065
628,628,Location seul,0,0,Aucun,0,0,Parents + emploi,0,62518
629,629,Chez les parents,0,0,Aucun,0,0,Parents uniquement,0,93729
630,630,Chez les parents,0,0,Aucun,0,0,Bourse + parents,0,78707
631,631,Chez les parents,0,0,Aucun,0,0,Parents + emploi,0,79562
632,632,Cité universitaire,0,0,Aucun,0,0,Bourse + parents,1,94279
633,633,Chez un proche,0,0,Aucun,0,0,Emploi rémunéré,0,62687
634,634,Chez les parents,0,0,Aucun,0,0,Parents uniquement,1,61290
635,635,Chez un proche,0,0,Aucun,1,69757,Parents + emploi,0,42221
636,636,Chez un proche,0,0,Aucun,0,0,Parents uniquement,1,60948
637,637,Chez les parents,0,0,Aucun,0,0,Bourse uniquement,0,188508
638,638,Cité universitaire,0,0,Aucun,0,0,Parents + emploi,0,59785
639,639,Cité universitaire,1,15,Auto-emploi,1,22201,Autonome,1,43887
640,640,Location seul,0,0,Aucun,0,0,Autonome,0,155929
641,641,Chez les parents,0,0,Aucun,0,0,Parents + emploi,0,102712
642,642,Location colocation,1,1,Petits boulots,0,0,Emploi rémunéré,1,28691
643,643,Chez les parents,0,0,Aucun,0,0,Bourse + parents,0,173101
644,644,Chez un proche,0,0,Aucun,0,0,Emploi rémunéré,0,78698
645,645,Cité universitaire,0,0,Aucun,0,0,Parents uniquement,0,206062
646,646,Location seul,0,0,Aucun,0,0,Bourse + parents,0,201727
647,647,Chez les parents,1,10,Petits boulots,0,0,Emploi rémunéré,0,108593
648,648,Chez un proche,0,0,Aucun,0,0,Emploi rémunéré,0,81617
649,649,Location colocation,0,0,Aucun,0,0,Parents uniquement,0,138968
650,650,Chez les parents,0,0,Aucun,0,0,Bourse + parents,0,98595
651,651,Location colocation,0,0,Aucun,1,25165,Parents uniquement,0,111560
652,652,Location seul,0,0,Aucun,0,0,Parents uniquement,0,172149
653,653,Chez les parents,0,0,Aucun,0,0,Parents uniquement,0,50840
654,654,Location colocation,1,15,Commerce informel,0,0,Parents uniquement,0,100818
655,655,Chez les parents,0,0,Aucun,0,0,Emploi rémunéré,0,42409
656,656,Location colocation,0,0,Aucun,0,0,Bourse uniquement,1,38919
657,657,Chez les parents,0,0,Aucun,1,35404,Emploi rémunéré,0,55759
658,658,Chez un proche,0,0,Aucun,1,67131,Parents + emploi,0,94177
659,659,Chez un proche,0,0,Aucun,0,0,Parents uniquement,1,84774
660,660,Chez les parents,0,0,Aucun,0,0,Parents + emploi,0,72936
661,661,Location colocation,0,0,Aucun,0,0,Parents + emploi,1,51763
662,662,Chez un proche,0,0,Aucun,0,0,Parents uniquement,0,55891
663,663,Location colocation,0,0,Aucun,0,0,Autonome,1,68810
664,664,Cité universitaire,0,0,Aucun,0,0,Parents + emploi,0,121938
665,665,Cité universitaire,0,0,Aucun,0,0,Bourse uniquement,0,74473
666,666,Chez un proche,0,0,Aucun,0,0,Parents uniquement,1,133596
667,667,Chez les parents,0,0,Aucun,0,0,Parents uniquement,1,93489
668,668,Location colocation,1,5,Petits boulots,1,71517,Parents + emploi,1,47671
669,669,Chez les parents,1,20,Petits boulots,0,0,Bourse + parents,1,34242
670,670,Chez les parents,0,0,Aucun,0,0,Parents uniquement,0,177115
671,671,Location colocation,0,0,Aucun,0,0,Bourse + parents,0,60555
672,672,Chez les parents,0,0,Aucun,0,0,Parents + emploi,0,73680
673,673,Cité universitaire,0,0,Aucun,0,0,Parents uniquement,1,54453
674,674,Chez les parents,0,0,Aucun,0,0,Parents uniquement,0,131458
675,675,Chez un proche,0,0,Aucun,0,0,Parents + emploi,1,42871
676,676,Chez les parents,0,0,Aucun,0,0,Parents uniquement,0,64228
677,677,Location seul,0,0,Aucun,1,43215,Emploi rémunéré,0,71767
678,678,Location colocation,0,0,Aucun,1,20091,Emploi rémunéré,1,27522
679,679,Location colocation,0,0,Aucun,1,74480,Autonome,0,67567
680,680,Cité universitaire,0,0,Aucun,0,0,Parents uniquement,0,34906
681,681,Chez les parents,1,10,Commerce informel,0,0,Emploi rémunéré,0,43523
682,682,Chez les parents,1,5,Commerce informel,0,0,Parents uniquement,0,103723
683,683,Location colocation,1,1,Emploi formel,0,0,Parents + emploi,0,69555
684,684,Chez un proche,0,0,Aucun,0,0,Bourse uniquement,0,100494
685,685,Chez les parents,1,5,Emploi formel,0,0,Parents uniquement,0,124586
686,686,Cité universitaire,0,0,Aucun,1,71515,Emploi rémunéré,1,54314
687,687,Chez les parents,0,0,Aucun,0,0,Parents uniquement,1,60876
688,688,Location colocation,0,0,Aucun,0,0,Parents uniquement,0,108550
689,689,Location colocation,1,10,Auto-emploi,1,30078,Bourse + parents,0,53472
690,690,Location seul,0,0,Aucun,0,0,Bourse + parents,0,84714
691,691,Cité universitaire,1,20,Emploi formel,0,0,Bourse + parents,0,105305
692,692,Location colocation,0,0,Aucun,1,77132,Emploi rémunéré,0,93781
693,693,Chez les parents,0,0,Aucun,0,0,Autonome,0,67663
694,694,Chez un proche,0,0,Aucun,0,0,Parents uniquement,0,95530
695,695,Cité universitaire,0,0,Aucun,0,0,Parents uniquement,0,52822
696,696,Chez les parents,0,0,Aucun,0,0,Parents uniquement,1,45631
697,697,Chez les parents,0,0,Aucun,0,0,Parents uniquement,0,122814
698,698,Chez les parents,0,0,Aucun,0,0,Parents uniquement,0,117850
699,699,Cité universitaire,1,10,Emploi formel,0,0,Parents uniquement,0,80555
700,700,Location colocation,0,0,Aucun,0,0,Parents uniquement,0,167840
701,701,Chez les parents,0,0,Aucun,0,0,Emploi rémunéré,1,33191
702,702,Location seul,0,0,Aucun,0,0,Bourse + parents,0,90715
703,703,Cité universitaire,0,0,Aucun,0,0,Emploi rémunéré,0,76106
704,704,Location seul,0,0,Aucun,0,0,Parents + emploi,0,102649
705,705,Chez les parents,0,0,Aucun,0,0,Parents uniquement,0,95693
706,706,Location colocation,0,0,Aucun,0,0,Bourse + parents,0,24957
707,707,Chez un proche,1,15,Emploi formel,1,46507,Parents uniquement,0,50621
708,708,Cité universitaire,1,30,Auto-emploi,1,46042,Parents uniquement,0,58677
709,709,Location seul,0,0,Aucun,0,0,Bourse uniquement,0,70069
710,710,Location colocation,0,0,Aucun,0,0,Parents + emploi,0,64887
711,711,Location seul,0,0,Aucun,0,0,Autonome,1,82142
712,712,Location seul,0,0,Aucun,0,0,Parents uniquement,0,214975
713,713,Cité universitaire,1,20,Commerce informel,0,0,Bourse + parents,0,103435
714,714,Chez les parents,0,0,Aucun,0,0,Parents + emploi,0,82313
715,715,Location colocation,0,0,Aucun,0,0,Parents uniquement,0,182645
716,716,Chez un proche,0,0,Aucun,0,0,Parents + emploi,0,45471
717,717,Chez un proche,0,0,Aucun,0,0,Parents uniquement,0,155305
718,718,Chez les parents,0,0,Aucun,0,0,Parents + emploi,1,74915
719,719,Chez un proche,0,0,Aucun,0,0,Bourse + parents,0,136561
720,720,Chez les parents,0,0,Aucun,0,0,Parents uniquement,0,148404
721,721,Chez les parents,0,0,Aucun,1,42288,Parents uniquement,0,99315
722,722,Chez les parents,1,15,Commerce informel,0,0,Parents uniquement,1,103647
723,723,Chez un proche,0,0,Aucun,0,0,Emploi rémunéré,0,49114
724,724,Cité universitaire,0,0,Aucun,0,0,Parents uniquement,0,45674
725,725,Location colocation,0,0,Aucun,0,0,Parents uniquement,0,188109
726,726,Location colocation,0,0,Aucun,0,0,Parents + emploi,1,61155
727,727,Chez les parents,0,0,Aucun,0,0,Parents uniquement,0,87692
728,728,Location seul,0,0,Aucun,1,27728,Parents uniquement,1,51947
729,729,Cité universitaire,0,0,Aucun,0,0,Bourse + parents,1,76290
730,730,Chez un proche,0,0,Aucun,1,62405,Parents uniquement,0,82077
731,731,Location seul,0,0,Aucun,0,0,Autonome,0,54081
732,732,Cité universitaire,0,0,Aucun,0,0,Parents + emploi,0,37689
733,733,Location seul,0,0,Aucun,0,0,Parents + emploi,0,109836
734,734,Location colocation,0,0,Aucun,0,0,Parents + emploi,1,48675
735,735,Location seul,0,0,Aucun,1,57278,Bourse uniquement,0,97577
736,736,Cité universitaire,1,5,Petits boulots,0,0,Parents uniquement,1,31203
737,737,Chez un proche,0,0,Aucun,1,37671,Parents + emploi,1,29256
738,738,Chez les parents,0,0,Aucun,0,0,Parents uniquement,0,91416
739,739,Location colocation,1,20,Petits boulots,0,0,Parents + emploi,0,86391
740,740,Cité universitaire,0,0,Aucun,0,0,Autonome,0,92925
741,741,Location colocation,0,0,Aucun,1,24241,Parents + emploi,1,88950
742,742,Location seul,1,40,Petits boulots,0,0,Parents uniquement,0,88510
743,743,Chez les parents,0,0,Aucun,0,0,Bourse uniquement,0,92624
744,744,Location colocation,0,0,Aucun,0,0,Emploi rémunéré,0,188310
745,745,Location colocation,0,0,Aucun,0,0,Parents + emploi,0,136059
746,746,Chez les parents,0,0,Aucun,0,0,Parents + emploi,0,90992
747,747,Chez les parents,0,0,Aucun,0,0,Bourse uniquement,0,177522
748,748,Chez les parents,0,0,Aucun,0,0,Bourse + parents,0,83929
749,749,Location colocation,0,0,Aucun,0,0,Emploi rémunéré,0,43355
750,750,Chez un proche,0,0,Aucun,0,0,Bourse + parents,1,62907
751,751,Location colocation,0,0,Aucun,0,0,Parents uniquement,1,91374
752,752,Location colocation,0,0,Aucun,1,26460,Bourse + parents,1,43806
753,753,Chez les parents,0,0,Aucun,0,0,Bourse uniquement,0,55040
754,754,Location seul,0,0,Aucun,0,0,Parents uniquement,0,184705
755,755,Cité universitaire,1,30,Auto-emploi,1,77743,Emploi rémunéré,0,38443
756,756,Cité universitaire,0,0,Aucun,0,0,Parents + emploi,0,71122
757,757,Chez un proche,0,0,Aucun,0,0,Parents uniquement,1,102578
758,758,Location colocation,0,0,Aucun,1,24298,Parents uniquement,0,27751
759,759,Location seul,0,0,Aucun,0,0,Parents uniquement,0,115336
760,760,Cité universitaire,0,0,Aucun,0,0,Bourse + parents,1,107185
761,761,Location seul,0,0,Aucun,0,0,Emploi rémunéré,1,62192
762,762,Location seul,0,0,Aucun,0,0,Bourse + parents,0,117399
763,763,Chez les parents,0,0,Aucun,0,0,Emploi rémunéré,1,37240
764,764,Chez les parents,0,0,Aucun,0,0,Parents uniquement,0,204491
765,765,Cité universitaire,0,0,Aucun,1,27595,Parents + emploi,0,31970
766,766,Cité universitaire,0,0,Aucun,1,79730,Bourse + parents,0,182391
767,767,Location seul,0,0,Aucun,1,47974,Parents + emploi,1,61088
768,768,Cité universitaire,0,0,Aucun,0,0,Bourse + parents,0,102743
769,769,Location seul,0,0,Aucun,0,0,Parents uniquement,0,90835
770,770,Location seul,0,0,Aucun,1,71189,Parents + emploi,0,178335
771,771,Chez les parents,1,30,Petits boulots,0,0,Parents uniquement,0,79161
772,772,Chez les parents,0,0,Aucun,0,0,Parents uniquement,0,72384
773,773,Chez les parents,1,15,Emploi formel,1,72175,Parents + emploi,0,46564
774,774,Chez un proche,1,1,Auto-emploi,0,0,Parents uniquement,1,30686
775,775,Chez les parents,0,0,Aucun,0,0,Parents uniquement,0,49520
776,776,Chez un proche,0,0,Aucun,0,0,Parents uniquement,1,59022
777,777,Chez un proche,0,0,Aucun,0,0,Emploi rémunéré,0,57245
778,778,Location colocation,0,0,Aucun,1,61196,Bourse + parents,0,107937
779,779,Cité universitaire,0,0,Aucun,0,0,Parents uniquement,0,47339
780,780,Location seul,0,0,Aucun,0,0,Emploi rémunéré,1,49500
781,781,Chez les parents,1,15,Commerce informel,0,0,Bourse uniquement,1,28911
782,782,Chez un proche,0,0,Aucun,0,0,Bourse + parents,0,65022
783,783,Chez les parents,0,0,Aucun,0,0,Parents uniquement,1,52348
784,784,Chez un proche,0,0,Aucun,0,0,Parents uniquement,0,100768
785,785,Location seul,0,0,Aucun,0,0,Parents + emploi,1,25983
786,786,Location seul,0,0,Aucun,0,0,Bourse + parents,0,104074
787,787,Location seul,0,0,Aucun,0,0,Parents + emploi,0,88615
788,788,Location colocation,0,0,Aucun,0,0,Parents uniquement,0,194089
789,789,Cité universitaire,0,0,Aucun,0,0,Parents uniquement,0,64338
790,790,Chez les parents,1,10,Auto-emploi,0,0,Emploi rémunéré,0,37695
791,791,Location colocation,0,0,Aucun,0,0,Parents uniquement,0,212443
792,792,Location colocation,0,0,Aucun,0,0,Bourse + parents,0,91080
793,793,Chez les parents,0,0,Aucun,0,0,Parents + emploi,0,68187
794,794,Chez les parents,0,0,Aucun,0,0,Parents uniquement,1,81318
795,795,Location seul,0,0,Aucun,1,21854,Parents uniquement,0,101695
796,796,Chez les parents,0,0,Aucun,0,0,Parents + emploi,0,51508
797,797,Location colocation,0,0,Aucun,0,0,Emploi rémunéré,0,95770
798,798,Cité universitaire,0,0,Aucun,0,0,Parents uniquement,0,28059
799,799,Chez les parents,0,0,Aucun,1,63560,Autonome,0,129878
800,800,Chez un proche,0,0,Aucun,0,0,Parents + emploi,1,108033
801,801,Chez les parents,0,0,Aucun,0,0,Parents uniquement,0,105429
802,802,Chez un proche,0,0,Aucun,0,0,Parents + emploi,1,99602
803,803,Location colocation,0,0,Aucun,0,0,Bourse + parents,0,44657
804,804,Location colocation,0,0,Aucun,0,0,Parents uniquement,0,99524
805,805,Chez un proche,0,0,Aucun,0,0,Bourse + parents,0,75145
806,806,Location colocation,0,0,Aucun,0,0,Bourse + parents,1,65886
807,807,Chez les parents,0,0,Aucun,0,0,Parents uniquement,1,58623
808,808,Chez les parents,0,0,Aucun,0,0,Parents uniquement,0,92675
809,809,Chez les parents,0,0,Aucun,0,0,Parents + emploi,0,58703
810,810,Cité universitaire,0,0,Aucun,0,0,Parents uniquement,1,113553
811,811,Location colocation,0,0,Aucun,0,0,Parents uniquement,0,58658
812,812,Cité universitaire,0,0,Aucun,1,41688,Parents uniquement,0,70728
813,813,Chez les parents,0,0,Aucun,1,53473,Emploi rémunéré,0,46038
814,814,Cité universitaire,1,5,Petits boulots,0,0,Bourse + parents,1,36691
815,815,Cité universitaire,1,10,Emploi formel,1,63037,Bourse uniquement,0,68108
816,816,Location seul,0,0,Aucun,0,0,Parents uniquement,1,46813
817,817,Cité universitaire,0,0,Aucun,0,0,Autonome,0,86173
818,818,Location seul,0,0,Aucun,0,0,Bourse uniquement,0,74542
819,819,Cité universitaire,0,0,Aucun,0,0,Bourse uniquement,0,35308
820,820,Chez un proche,1,15,Emploi formel,1,58182,Emploi rémunéré,1,81336
821,821,Chez les parents,1,15,Petits boulots,0,0,Bourse uniquement,0,60883
822,822,Location colocation,0,0,Aucun,1,21543,Parents + emploi,1,56873
823,823,Location colocation,0,0,Aucun,0,0,Parents + emploi,0,140849
824,824,Cité universitaire,0,0,Aucun,0,0,Parents uniquement,0,63873
825,825,Chez les parents,0,0,Aucun,1,42193,Parents uniquement,1,68520
826,826,Cité universitaire,0,0,Aucun,0,0,Autonome,0,27028
827,827,Chez un proche,0,0,Aucun,0,0,Parents uniquement,0,67975
828,828,Location colocation,0,0,Aucun,0,0,Parents + emploi,0,94167
829,829,Cité universitaire,0,0,Aucun,0,0,Parents + emploi,0,64098
830,830,Cité universitaire,1,30,Auto-emploi,0,0,Bourse + parents,0,64731
831,831,Chez les parents,0,0,Aucun,0,0,Parents + emploi,0,33733
832,832,Cité universitaire,0,0,Aucun,0,0,Parents + emploi,0,25194
833,833,Location colocation,1,5,Petits boulots,0,0,Parents uniquement,0,146072
834,834,Chez les parents,0,0,Aucun,0,0,Emploi rémunéré,0,83202
835,835,Cité universitaire,0,0,Aucun,0,0,Emploi rémunéré,0,48699
836,836,Chez un proche,0,0,Aucun,0,0,Parents uniquement,0,155785
837,837,Cité universitaire,0,0,Aucun,0,0,Parents uniquement,0,68960
838,838,Chez les parents,0,0,Aucun,0,0,Emploi rémunéré,0,218687
839,839,Chez les parents,1,30,Commerce informel,0,0,Parents uniquement,0,82077
840,840,Chez les parents,0,0,Aucun,1,41577,Parents + emploi,1,59550
841,841,Chez les parents,0,0,Aucun,1,46802,Parents uniquement,0,150610
842,842,Cité universitaire,0,0,Aucun,1,25142,Parents uniquement,1,50727
843,843,Chez les parents,0,0,Aucun,0,0,Parents uniquement,0,56132
844,844,Location colocation,0,0,Aucun,0,0,Parents uniquement,0,46345
845,845,Location seul,0,0,Aucun,0,0,Parents uniquement,1,43321
846,846,Cité universitaire,0,0,Aucun,0,0,Bourse + parents,0,39509
847,847,Chez un proche,0,0,Aucun,0,0,Parents uniquement,1,59597
848,848,Chez un proche,0,0,Aucun,0,0,Parents uniquement,1,85306
849,849,Location colocation,0,0,Aucun,0,0,Parents + emploi,1,98101
850,850,Location colocation,0,0,Aucun,0,0,Emploi rémunéré,0,93989
851,851,Chez les parents,0,0,Aucun,0,0,Bourse uniquement,0,59206
852,852,Location colocation,0,0,Aucun,0,0,Bourse uniquement,0,155955
853,853,Location colocation,0,0,Aucun,0,0,Bourse + parents,1,64745
854,854,Chez les parents,0,0,Aucun,0,0,Bourse + parents,0,51981
855,855,Chez un proche,0,0,Aucun,1,69479,Emploi rémunéré,0,62592
856,856,Location colocation,0,0,Aucun,0,0,Emploi rémunéré,0,97828
857,857,Location colocation,0,0,Aucun,0,0,Parents uniquement,1,27843
858,858,Cité universitaire,0,0,Aucun,0,0,Parents uniquement,1,55073
859,859,Chez les parents,0,0,Aucun,0,0,Parents uniquement,0,48369
860,860,Chez les parents,0,0,Aucun,0,0,Emploi rémunéré,0,26459
861,861,Location colocation,0,0,Aucun,1,69672,Bourse + parents,0,77360
862,862,Location seul,0,0,Aucun,0,0,Parents uniquement,0,189639
863,863,Cité universitaire,1,1,Commerce informel,0,0,Bourse uniquement,0,59436
864,864,Location colocation,0,0,Aucun,0,0,Bourse + parents,1,58481
865,865,Cité universitaire,0,0,Aucun,0,0,Autonome,0,164254
866,866,Chez les parents,0,0,Aucun,1,53297,Emploi rémunéré,0,80920
867,867,Chez un proche,0,0,Aucun,1,79933,Emploi rémunéré,1,32422
868,868,Location colocation,0,0,Aucun,0,0,Bourse + parents,0,185758
869,869,Location seul,0,0,Aucun,0,0,Parents uniquement,0,102837
870,870,Location colocation,1,10,Commerce informel,0,0,Emploi rémunéré,1,59691
871,871,Chez un proche,1,40,Commerce informel,1,22792,Bourse uniquement,0,50188
872,872,Chez un proche,1,15,Auto-emploi,0,0,Parents uniquement,0,54406
873,873,Cité universitaire,1,10,Auto-emploi,0,0,Parents uniquement,1,46327
874,874,Chez un proche,0,0,Aucun,1,22792,Autonome,0,58911
875,875,Chez un proche,0,0,Aucun,0,0,Parents + emploi,1,27551
876,876,Cité universitaire,0,0,Aucun,0,0,Parents uniquement,0,107563
877,877,Location seul,0,0,Aucun,0,0,Parents uniquement,0,85357
878,878,Location colocation,1,30,Auto-emploi,1,73147,Bourse + parents,0,36880
879,879,Chez les parents,0,0,Aucun,0,0,Parents uniquement,0,211135
880,880,Chez les parents,0,0,Aucun,0,0,Bourse + parents,1,23626
881,881,Chez les parents,0,0,Aucun,0,0,Emploi rémunéré,0,40819
882,882,Location colocation,0,0,Aucun,0,0,Parents uniquement,0,47775
883,883,Chez les parents,0,0,Aucun,0,0,Parents uniquement,0,204960
884,884,Chez les parents,0,0,Aucun,0,0,Parents uniquement,0,89862
885,885,Chez un proche,1,5,Commerce informel,0,0,Emploi rémunéré,1,34402
886,886,Cité universitaire,1,5,Petits boulots,1,60897,Parents + emploi,1,30133
887,887,Cité universitaire,0,0,Aucun,0,0,Emploi rémunéré,0,107279
888,888,Location seul,0,0,Aucun,1,60583,Bourse + parents,0,99831
889,889,Location colocation,0,0,Aucun,0,0,Parents + emploi,0,107898
890,890,Location colocation,1,10,Petits boulots,0,0,Bourse + parents,0,35121
891,891,Location colocation,0,0,Aucun,0,0,Parents uniquement,0,96190
892,892,Cité universitaire,1,15,Auto-emploi,1,45136,Parents uniquement,1,60546
893,893,Chez les parents,0,0,Aucun,1,22243,Bourse + parents,1,75417
894,894,Chez les parents,0,0,Aucun,0,0,Parents uniquement,0,119319
895,895,Location colocation,0,0,Aucun,0,0,Parents uniquement,0,52489
896,896,Location colocation,0,0,Aucun,1,32771,Bourse + parents,1,56816
897,897,Location seul,0,0,Aucun,0,0,Parents uniquement,0,136115
898,898,Chez les parents,0,0,Aucun,0,0,Parents uniquement,1,103801
899,899,Chez un proche,1,10,Auto-emploi,1,51690,Parents + emploi,1,89503
900,900,Chez un proche,0,0,Aucun,0,0,Parents uniquement,0,111172
901,901,Chez un proche,1,15,Petits boulots,1,60831,Bourse + parents,0,63075
902,902,Location colocation,0,0,Aucun,1,56812,Parents uniquement,0,84323
903,903,Cité universitaire,0,0,Aucun,0,0,Bourse + parents,1,103591
904,904,Location colocation,0,0,Aucun,0,0,Autonome,0,53352
905,905,Chez les parents,0,0,Aucun,0,0,Parents + emploi,1,69060
906,906,Location seul,0,0,Aucun,0,0,Parents + emploi,0,110978
907,907,Chez les parents,0,0,Aucun,0,0,Parents uniquement,0,66291
908,908,Location seul,0,0,Aucun,0,0,Bourse uniquement,0,157261
909,909,Location colocation,0,0,Aucun,0,0,Parents uniquement,0,131244
910,910,Location colocation,0,0,Aucun,0,0,Bourse + parents,0,104183
911,911,Chez un proche,0,0,Aucun,1,72739,Parents uniquement,1,107896
912,912,Chez les parents,0,0,Aucun,0,0,Emploi rémunéré,1,30249
913,913,Location colocation,0,0,Aucun,1,30731,Emploi rémunéré,0,103037
914,914,Cité universitaire,0,0,Aucun,0,0,Parents uniquement,0,101132
915,915,Location colocation,0,0,Aucun,0,0,Bourse + parents,1,30055
916,916,Location colocation,0,0,Aucun,1,39245,Parents + emploi,0,107135
917,917,Location seul,1,20,Commerce informel,0,0,Parents uniquement,0,87022
918,918,Cité universitaire,1,15,Commerce informel,0,0,Bourse uniquement,0,48563
919,919,Chez un proche,0,0,Aucun,1,36570,Bourse + parents,0,96256
920,920,Cité universitaire,0,0,Aucun,0,0,Bourse + parents,1,89382
921,921,Location colocation,0,0,Aucun,0,0,Bourse + parents,1,27776
922,922,Location seul,0,0,Aucun,0,0,Parents + emploi,1,67229
923,923,Chez les parents,0,0,Aucun,0,0,Emploi rémunéré,0,77025
924,924,Location colocation,0,0,Aucun,0,0,Emploi rémunéré,0,49985
925,925,Chez les parents,0,0,Aucun,1,72665,Bourse uniquement,0,55252
926,926,Location colocation,0,0,Aucun,0,0,Parents uniquement,0,81903
927,927,Location colocation,0,0,Aucun,0,0,Bourse + parents,0,99974
928,928,Cité universitaire,0,0,Aucun,1,35494,Parents + emploi,0,39918
929,929,Cité universitaire,0,0,Aucun,1,56101,Parents uniquement,0,103277
930,930,Chez un proche,0,0,Aucun,1,40987,Parents uniquement,0,51408
931,931,Location colocation,0,0,Aucun,0,0,Bourse + parents,1,23526
932,932,Chez un proche,0,0,Aucun,0,0,Bourse + parents,0,150632
933,933,Location seul,1,30,Commerce informel,0,0,Parents uniquement,0,22130
934,934,Chez les parents,0,0,Aucun,0,0,Emploi rémunéré,0,54522
935,935,Location colocation,0,0,Aucun,0,0,Parents uniquement,0,88894
936,936,Cité universitaire,0,0,Aucun,0,0,Parents uniquement,0,47575
937,937,Chez un proche,0,0,Aucun,0,0,Parents uniquement,0,93770
938,938,Cité universitaire,0,0,Aucun,0,0,Bourse + parents,0,48492
939,939,Location seul,1,15,Petits boulots,0,0,Bourse + parents,0,78219
940,940,Cité universitaire,1,15,Commerce informel,1,79644,Emploi rémunéré,0,24791
941,941,Chez les parents,1,15,Commerce informel,0,0,Bourse uniquement,0,31122
942,942,Chez un proche,0,0,Aucun,0,0,Autonome,0,202650
943,943,Chez un proche,0,0,Aucun,1,73205,Parents + emploi,0,78202
944,944,Chez les parents,0,0,Aucun,0,0,Parents uniquement,0,91773
945,945,Location seul,0,0,Aucun,0,0,Bourse + parents,0,140611
946,946,Cité universitaire,0,0,Aucun,0,0,Parents + emploi,0,100418
947,947,Chez un proche,0,0,Aucun,0,0,Emploi rémunéré,0,58022
948,948,Location seul,0,0,Aucun,0,0,Bourse + parents,0,46145
949,949,Cité universitaire,1,15,Commerce informel,0,0,Parents + emploi,1,51276
950,950,Chez les parents,0,0,Aucun,1,70515,Parents + emploi,0,59624
951,951,Location seul,0,0,Aucun,0,0,Bourse + parents,0,92367
952,952,Chez un proche,0,0,Aucun,0,0,Bourse + parents,1,38681
953,953,Location seul,0,0,Aucun,0,0,Emploi rémunéré,0,103860
954,954,Cité universitaire,0,0,Aucun,1,58153,Bourse + parents,1,103525
955,955,Location seul,0,0,Aucun,0,0,Parents + emploi,0,100581
956,956,Location seul,0,0,Aucun,0,0,Parents uniquement,0,33241
957,957,Chez les parents,0,0,Aucun,0,0,Parents uniquement,0,33330
958,958,Chez un proche,0,0,Aucun,0,0,Autonome,0,91914
959,959,Chez les parents,0,0,Aucun,0,0,Parents uniquement,0,74230
960,960,Chez un proche,1,15,Auto-emploi,0,0,Emploi rémunéré,1,86066
961,961,Location colocation,0,0,Aucun,1,50364,Emploi rémunéré,1,25093
962,962,Chez les parents,1,10,Commerce informel,0,0,Parents + emploi,0,99225
963,963,Cité universitaire,1,1,Emploi formel,1,52866,Parents uniquement,0,66407
964,964,Location colocation,0,0,Aucun,0,0,Bourse + parents,1,83493
965,965,Cité universitaire,0,0,Aucun,0,0,Parents + emploi,0,56238
966,966,Location colocation,0,0,Aucun,0,0,Parents uniquement,0,109744
967,967,Chez les parents,0,0,Aucun,1,45991,Bourse + parents,0,87010
968,968,Chez les parents,0,0,Aucun,0,0,Bourse + parents,1,45009
969,969,Chez les parents,0,0,Aucun,1,37113,Parents uniquement,0,28932
970,970,Cité universitaire,0,0,Aucun,1,73252,Parents + emploi,1,65257
971,971,Location seul,0,0,Aucun,1,65478,Parents + emploi,0,159161
972,972,Chez les parents,1,1,Petits boulots,0,0,Parents + emploi,0,58524
973,973,Chez un proche,0,0,Aucun,0,0,Parents uniquement,0,131091
974,974,Chez les parents,0,0,Aucun,0,0,Autonome,0,49773
975,975,Location seul,0,0,Aucun,0,0,Parents + emploi,0,43962
976,976,Location colocation,0,0,Aucun,0,0,Parents uniquement,1,71497
977,977,Chez un proche,0,0,Aucun,1,60536,Emploi rémunéré,0,39616
978,978,Location colocation,0,0,Aucun,1,77231,Bourse + parents,0,23606
979,979,Chez les parents,0,0,Aucun,0,0,Parents + emploi,1,108078
980,980,Location colocation,1,20,Petits boulots,1,61212,Emploi rémunéré,1,35199
981,981,Location colocation,0,0,Aucun,1,69454,Bourse + parents,0,57083
982,982,Location seul,1,15,Petits boulots,0,0,Parents uniquement,1,46057
983,983,Cité universitaire,0,0,Aucun,0,0,Bourse + parents,0,95343
984,984,Cité universitaire,0,0,Aucun,0,0,Bourse + parents,1,40299
985,985,Chez un proche,0,0,Aucun,0,0,Parents uniquement,1,218680
986,986,Chez un proche,0,0,Aucun,0,0,Parents uniquement,0,165716
987,987,Chez un proche,1,5,Emploi formel,0,0,Emploi rémunéré,1,53942
988,988,Chez les parents,0,0,Aucun,0,0,Bourse + parents,0,109913
989,989,Chez les parents,1,15,Petits boulots,0,0,Parents uniquement,1,104884
990,990,Chez les parents,0,0,Aucun,0,0,Parents uniquement,0,104749
991,991,Location seul,0,0,Aucun,1,52573,Bourse + parents,1,22644
992,992,Location seul,1,10,Emploi formel,0,0,Parents uniquement,0,99763
993,993,Chez les parents,1,15,Emploi formel,0,0,Emploi rémunéré,1,24813
994,994,Cité universitaire,0,0,Aucun,0,0,Bourse + parents,0,50327
995,995,Cité universitaire,0,0,Aucun,0,0,Parents uniquement,0,65739
996,996,Location colocation,0,0,Aucun,0,0,Bourse uniquement,0,48631
997,997,Cité universitaire,0,0,Aucun,0,0,Emploi rémunéré,0,61018
998,998,Chez un proche,0,0,Aucun,0,0,Parents uniquement,0,87009
999,999,Location colocation,0,0,Aucun,1,70092,Bourse + parents,0,76014
1000,1000,Cité universitaire,0,0,Aucun,1,52574,Parents + emploi,1,44818
1001,1001,Cité universitaire,0,0,Aucun,1,41233,Emploi rémunéré,0,101625
1002,1002,Location seul,1,10,Commerce informel,0,0,Parents + emploi,0,101215
1003,1003,Cité universitaire,1,10,Emploi formel,0,0,Emploi rémunéré,1,58250
1004,1004,Chez les parents,0,0,Aucun,0,0,Parents uniquement,0,93956
1005,1005,Location seul,0,0,Aucun,0,0,Parents + emploi,0,82396
1006,1006,Chez les parents,0,0,Aucun,0,0,Parents uniquement,0,127252
1007,1007,Cité universitaire,0,0,Aucun,0,0,Bourse uniquement,0,60983
1008,1008,Cité universitaire,0,0,Aucun,0,0,Parents uniquement,1,103332
1009,1009,Cité universitaire,0,0,Aucun,0,0,Emploi rémunéré,1,55271
1010,1010,Location colocation,0,0,Aucun,1,66001,Emploi rémunéré,0,48621
1011,1011,Cité universitaire,0,0,Aucun,1,55425,Parents uniquement,1,34355
1012,1012,Location seul,1,5,Auto-emploi,0,0,Bourse + parents,1,64727
1013,1013,Chez un proche,0,0,Aucun,1,30059,Parents + emploi,0,67545
1014,1014,Chez les parents,0,0,Aucun,0,0,Parents uniquement,0,88990
1015,1015,Location colocation,0,0,Aucun,0,0,Parents + emploi,1,77678
1016,1016,Chez les parents,0,0,Aucun,0,0,Parents uniquement,0,25081
1017,1017,Location seul,0,0,Aucun,1,54311,Parents + emploi,0,105680
1018,1018,Chez un proche,0,0,Aucun,0,0,Parents uniquement,0,101573
1019,1019,Chez les parents,0,0,Aucun,0,0,Parents uniquement,0,100515
1020,1020,Cité universitaire,0,0,Aucun,0,0,Bourse + parents,0,36777
1021,1021,Location seul,0,0,Aucun,0,0,Bourse + parents,0,148259
1022,1022,Chez un proche,0,0,Aucun,0,0,Bourse + parents,0,58970
1023,1023,Location seul,1,1,Emploi formel,0,0,Emploi rémunéré,1,50432
1024,1024,Chez les parents,0,0,Aucun,1,30197,Emploi rémunéré,1,185950
1025,1025,Location colocation,0,0,Aucun,0,0,Parents uniquement,0,115323
1026,1026,Chez les parents,0,0,Aucun,0,0,Bourse + parents,0,143837
1027,1027,Chez les parents,0,0,Aucun,0,0,Parents + emploi,0,93340
1028,1028,Location colocation,1,20,Petits boulots,0,0,Bourse uniquement,0,60645
1029,1029,Location seul,0,0,Aucun,0,0,Parents uniquement,0,145585
1030,1030,Chez les parents,0,0,Aucun,0,0,Parents uniquement,0,150960
1031,1031,Location seul,0,0,Aucun,0,0,Bourse + parents,0,76768
1032,1032,Chez les parents,0,0,Aucun,0,0,Parents uniquement,0,91115
1033,1033,Chez les parents,0,0,Aucun,0,0,Bourse uniquement,1,69915
1034,1034,Location seul,0,0,Aucun,0,0,Parents uniquement,1,74531
1035,1035,Chez un proche,0,0,Aucun,0,0,Emploi rémunéré,0,50100
1036,1036,Chez les parents,0,0,Aucun,0,0,Parents + emploi,1,52689
1037,1037,Chez un proche,0,0,Aucun,0,0,Parents uniquement,1,93809
1038,1038,Location seul,0,0,Aucun,0,0,Bourse + parents,0,154606
1039,1039,Location colocation,0,0,Aucun,0,0,Bourse + parents,1,31777
1040,1040,Chez les parents,0,0,Aucun,0,0,Bourse + parents,0,66513
1041,1041,Cité universitaire,1,20,Auto-emploi,1,78926,Bourse + parents,0,53169
1042,1042,Chez les parents,0,0,Aucun,1,51219,Parents uniquement,0,144625
1043,1043,Location colocation,0,0,Aucun,0,0,Bourse + parents,0,55719
1044,1044,Chez les parents,1,5,Petits boulots,0,0,Emploi rémunéré,0,47562
1045,1045,Location seul,1,30,Emploi formel,0,0,Parents uniquement,1,42480
1046,1046,Location colocation,0,0,Aucun,0,0,Parents uniquement,0,133318
1047,1047,Location colocation,0,0,Aucun,1,35741,Bourse + parents,0,89477
1048,1048,Chez les parents,0,0,Aucun,0,0,Parents + emploi,0,193659
1049,1049,Chez les parents,0,0,Aucun,0,0,Parents uniquement,0,50051
1050,1050,Chez les parents,1,15,Emploi formel,0,0,Bourse uniquement,1,22661
1051,1051,Location colocation,0,0,Aucun,0,0,Parents uniquement,0,89568
1052,1052,Location colocation,1,10,Commerce informel,0,0,Parents uniquement,1,61947
1053,1053,Location seul,0,0,Aucun,1,46210,Parents uniquement,0,203359
1054,1054,Cité universitaire,0,0,Aucun,1,73592,Parents uniquement,0,134266
1055,1055,Cité universitaire,0,0,Aucun,0,0,Bourse + parents,0,96845
1056,1056,Chez les parents,0,0,Aucun,0,0,Parents uniquement,0,151512
1057,1057,Location colocation,1,5,Emploi formel,1,59556,Parents + emploi,0,35317
1058,1058,Cité universitaire,0,0,Aucun,0,0,Bourse + parents,0,53834
1059,1059,Chez les parents,1,10,Petits boulots,0,0,Bourse + parents,0,41478
1060,1060,Location seul,0,0,Aucun,0,0,Bourse + parents,1,58974
1061,1061,Chez un proche,0,0,Aucun,0,0,Parents + emploi,0,193156
1062,1062,Cité universitaire,0,0,Aucun,0,0,Emploi rémunéré,0,53349
1063,1063,Chez les parents,0,0,Aucun,1,30587,Parents + emploi,0,184675
1064,1064,Cité universitaire,0,0,Aucun,1,48183,Parents uniquement,0,64064
1065,1065,Chez un proche,0,0,Aucun,0,0,Parents uniquement,0,61558
1066,1066,Chez un proche,0,0,Aucun,0,0,Bourse uniquement,0,46023
1067,1067,Cité universitaire,0,0,Aucun,0,0,Parents + emploi,0,106545
1068,1068,Chez les parents,1,20,Auto-emploi,1,68211,Parents uniquement,0,84182
1069,1069,Chez les parents,1,15,Petits boulots,0,0,Bourse + parents,0,173213
1070,1070,Chez un proche,1,10,Auto-emploi,0,0,Bourse + parents,0,46577
1071,1071,Cité universitaire,0,0,Aucun,0,0,Autonome,0,62111
1072,1072,Chez un proche,0,0,Aucun,1,58960,Bourse + parents,0,61719
1073,1073,Chez un proche,0,0,Aucun,0,0,Bourse + parents,0,63141
1074,1074,Chez un proche,1,10,Petits boulots,0,0,Emploi rémunéré,0,109089
1075,1075,Chez un proche,0,0,Aucun,0,0,Parents + emploi,0,159520
1076,1076,Location seul,0,0,Aucun,0,0,Parents uniquement,0,91482
1077,1077,Chez les parents,0,0,Aucun,0,0,Parents + emploi,0,97912
1078,1078,Location seul,0,0,Aucun,0,0,Bourse uniquement,0,158525
1079,1079,Location seul,0,0,Aucun,0,0,Emploi rémunéré,0,51777
1080,1080,Chez les parents,1,10,Auto-emploi,0,0,Parents uniquement,0,142950
1081,1081,Cité universitaire,0,0,Aucun,0,0,Emploi rémunéré,1,26150
1082,1082,Cité universitaire,0,0,Aucun,0,0,Parents uniquement,0,95787
1083,1083,Chez les parents,0,0,Aucun,0,0,Parents uniquement,0,103325
1084,1084,Cité universitaire,1,15,Emploi formel,0,0,Bourse + parents,0,55759
1085,1085,Location seul,0,0,Aucun,0,0,Parents uniquement,0,138506
1086,1086,Chez un proche,0,0,Aucun,0,0,Bourse uniquement,0,55254
1087,1087,Location colocation,0,0,Aucun,0,0,Bourse uniquement,1,35524
1088,1088,Location seul,0,0,Aucun,0,0,Parents uniquement,0,48523
1089,1089,Chez les parents,1,10,Commerce informel,0,0,Parents uniquement,1,91252
1090,1090,Chez les parents,0,0,Aucun,0,0,Parents + emploi,0,164738
1091,1091,Chez les parents,0,0,Aucun,0,0,Bourse + parents,1,58826
1092,1092,Cité universitaire,0,0,Aucun,0,0,Bourse + parents,0,61762
1093,1093,Chez un proche,1,20,Petits boulots,1,45936,Bourse + parents,1,41722
1094,1094,Cité universitaire,1,10,Emploi formel,0,0,Bourse uniquement,1,34761
1095,1095,Location colocation,1,10,Commerce informel,0,0,Bourse uniquement,1,61037
1096,1096,Chez les parents,0,0,Aucun,0,0,Bourse + parents,0,65341
1097,1097,Location colocation,1,15,Petits boulots,0,0,Parents uniquement,0,62381
1098,1098,Location colocation,0,0,Aucun,1,31214,Parents uniquement,0,89249
1099,1099,Cité universitaire,0,0,Aucun,0,0,Parents uniquement,1,57542
1100,1100,Chez les parents,0,0,Aucun,0,0,Parents uniquement,0,163741
1101,1101,Location colocation,0,0,Aucun,0,0,Parents uniquement,0,87764
1102,1102,Chez les parents,0,0,Aucun,0,0,Parents uniquement,0,101790
1103,1103,Location colocation,0,0,Aucun,0,0,Parents uniquement,0,106593
1104,1104,Cité universitaire,0,0,Aucun,1,29014,Bourse + parents,0,28305
1105,1105,Chez les parents,0,0,Aucun,0,0,Parents uniquement,0,37184
1106,1106,Chez les parents,0,0,Aucun,1,30772,Parents + emploi,0,91050
1107,1107,Location seul,0,0,Aucun,0,0,Parents uniquement,1,47513
1108,1108,Location seul,0,0,Aucun,1,38686,Parents uniquement,0,147732
1109,1109,Location seul,0,0,Aucun,1,65475,Emploi rémunéré,0,114968
1110,1110,Cité universitaire,0,0,Aucun,0,0,Parents uniquement,0,52017
1111,1111,Location colocation,0,0,Aucun,0,0,Autonome,1,51585
1112,1112,Chez les parents,0,0,Aucun,1,68948,Parents uniquement,0,192686
1113,1113,Chez un proche,0,0,Aucun,0,0,Parents + emploi,0,49847
1114,1114,Chez un proche,1,10,Emploi formel,0,0,Emploi rémunéré,0,160740
1115,1115,Chez un proche,1,15,Auto-emploi,0,0,Emploi rémunéré,0,31242
1116,1116,Chez les parents,0,0,Aucun,1,45735,Parents uniquement,0,160355
1117,1117,Chez un proche,0,0,Aucun,0,0,Autonome,0,53747
1118,1118,Cité universitaire,1,10,Petits boulots,0,0,Emploi rémunéré,0,52939
1119,1119,Chez les parents,0,0,Aucun,0,0,Parents uniquement,1,153583
1120,1120,Location seul,1,5,Auto-emploi,0,0,Parents uniquement,0,106956
1121,1121,Chez un proche,0,0,Aucun,0,0,Parents uniquement,0,103364
1122,1122,Cité universitaire,1,15,Commerce informel,0,0,Parents uniquement,0,93582
1123,1123,Chez les parents,0,0,Aucun,1,53461,Parents uniquement,1,34512
1124,1124,Location seul,1,15,Auto-emploi,0,0,Bourse uniquement,0,103192
1125,1125,Cité universitaire,0,0,Aucun,1,60931,Bourse + parents,0,52781
1126,1126,Cité universitaire,0,0,Aucun,0,0,Parents uniquement,1,31007
1127,1127,Location colocation,0,0,Aucun,0,0,Parents + emploi,0,43911
1128,1128,Chez un proche,0,0,Aucun,0,0,Emploi rémunéré,0,55396
1129,1129,Cité universitaire,0,0,Aucun,0,0,Parents uniquement,0,99047
1130,1130,Chez un proche,0,0,Aucun,0,0,Emploi rémunéré,0,22750
1131,1131,Chez les parents,0,0,Aucun,0,0,Bourse + parents,0,107112
1132,1132,Chez un proche,0,0,Aucun,1,45288,Parents uniquement,1,78845
1133,1133,Chez un proche,0,0,Aucun,0,0,Emploi rémunéré,0,143882
1134,1134,Chez les parents,0,0,Aucun,0,0,Bourse + parents,0,95370
1135,1135,Chez un proche,0,0,Aucun,0,0,Autonome,0,107711
1136,1136,Chez un proche,0,0,Aucun,0,0,Parents uniquement,1,79832
1137,1137,Location colocation,0,0,Aucun,0,0,Parents uniquement,1,88961
1138,1138,Location seul,0,0,Aucun,1,73993,Autonome,0,61138
1139,1139,Location colocation,0,0,Aucun,1,26823,Emploi rémunéré,0,49315
1140,1140,Chez un proche,1,30,Commerce informel,0,0,Bourse + parents,1,91708
1141,1141,Chez les parents,0,0,Aucun,1,66252,Emploi rémunéré,0,89851
1142,1142,Cité universitaire,1,20,Petits boulots,0,0,Emploi rémunéré,0,62292
1143,1143,Location colocation,1,5,Commerce informel,1,27386,Parents + emploi,0,69908
1144,1144,Location colocation,0,0,Aucun,0,0,Parents uniquement,0,178029
1145,1145,Chez les parents,0,0,Aucun,0,0,Parents uniquement,0,194779
1146,1146,Chez les parents,0,0,Aucun,0,0,Autonome,0,52698
1147,1147,Chez les parents,0,0,Aucun,0,0,Bourse uniquement,0,45916
1148,1148,Chez les parents,1,15,Commerce informel,0,0,Parents + emploi,0,78679
1149,1149,Chez un proche,0,0,Aucun,0,0,Parents uniquement,0,58196
1150,1150,Cité universitaire,0,0,Aucun,0,0,Bourse uniquement,0,44434
1151,1151,Cité universitaire,1,10,Emploi formel,0,0,Emploi rémunéré,1,87047
1152,1152,Chez les parents,0,0,Aucun,0,0,Parents + emploi,0,93656
1153,1153,Cité universitaire,0,0,Aucun,0,0,Emploi rémunéré,0,34005
1154,1154,Location seul,0,0,Aucun,0,0,Parents uniquement,0,148893
1155,1155,Cité universitaire,1,5,Commerce informel,0,0,Bourse uniquement,0,39388
1156,1156,Location colocation,0,0,Aucun,0,0,Parents uniquement,0,130933
1157,1157,Chez les parents,0,0,Aucun,1,49647,Emploi rémunéré,1,94770
1158,1158,Chez un proche,1,10,Emploi formel,0,0,Emploi rémunéré,0,62488
1159,1159,Location seul,0,0,Aucun,0,0,Parents uniquement,0,48488
1160,1160,Location seul,0,0,Aucun,1,55959,Bourse + parents,0,83433
1161,1161,Cité universitaire,0,0,Aucun,0,0,Parents uniquement,0,88238
1162,1162,Cité universitaire,0,0,Aucun,0,0,Parents uniquement,0,72472
1163,1163,Location seul,0,0,Aucun,0,0,Bourse uniquement,1,194582
1164,1164,Location colocation,0,0,Aucun,0,0,Parents uniquement,0,59909
1165,1165,Location colocation,0,0,Aucun,0,0,Parents uniquement,0,97682
1166,1166,Chez un proche,1,10,Auto-emploi,0,0,Parents uniquement,0,143480
1167,1167,Location seul,0,0,Aucun,0,0,Emploi rémunéré,0,63936
1168,1168,Location seul,1,15,Emploi formel,0,0,Bourse + parents,1,60709
1169,1169,Cité universitaire,1,1,Emploi formel,0,0,Bourse + parents,0,47293
1170,1170,Chez les parents,0,0,Aucun,0,0,Emploi rémunéré,0,100563
1171,1171,Location colocation,0,0,Aucun,0,0,Bourse + parents,1,62621
1172,1172,Chez les parents,0,0,Aucun,0,0,Emploi rémunéré,0,94837
1173,1173,Location colocation,0,0,Aucun,0,0,Autonome,0,50167
1174,1174,Location colocation,0,0,Aucun,1,62221,Bourse + parents,0,51278
1175,1175,Chez les parents,0,0,Aucun,0,0,Parents uniquement,0,64155
1176,1176,Chez un proche,0,0,Aucun,0,0,Parents uniquement,0,155333
1177,1177,Location seul,0,0,Aucun,0,0,Parents uniquement,0,58588
1178,1178,Cité universitaire,0,0,Aucun,0,0,Emploi rémunéré,0,36026
1179,1179,Cité universitaire,0,0,Aucun,0,0,Parents + emploi,0,87654
1180,1180,Location seul,1,15,Emploi formel,1,63661,Emploi rémunéré,0,54249
1181,1181,Cité universitaire,0,0,Aucun,0,0,Emploi rémunéré,0,50131
1182,1182,Chez un proche,0,0,Aucun,0,0,Parents uniquement,1,51733
1183,1183,Location colocation,0,0,Aucun,0,0,Emploi rémunéré,0,157340
1184,1184,Cité universitaire,0,0,Aucun,0,0,Bourse + parents,0,108024
1185,1185,Chez les parents,1,20,Commerce informel,0,0,Parents uniquement,0,49589
1186,1186,Location colocation,0,0,Aucun,0,0,Bourse + parents,0,50607
1187,1187,Cité universitaire,0,0,Aucun,0,0,Bourse + parents,0,43536
1188,1188,Chez les parents,0,0,Aucun,0,0,Bourse + parents,0,200155
1189,1189,Location colocation,0,0,Aucun,0,0,Parents uniquement,1,57914
1190,1190,Location seul,1,5,Auto-emploi,0,0,Bourse uniquement,0,54899
1191,1191,Chez un proche,1,10,Commerce informel,0,0,Bourse + parents,0,26965
1192,1192,Cité universitaire,0,0,Aucun,0,0,Parents + emploi,0,87603
1193,1193,Location colocation,1,30,Commerce informel,0,0,Parents uniquement,0,71312
1194,1194,Cité universitaire,0,0,Aucun,1,75051,Parents uniquement,0,99568
1195,1195,Chez les parents,1,20,Petits boulots,0,0,Emploi rémunéré,0,23824
1196,1196,Cité universitaire,0,0,Aucun,0,0,Parents uniquement,0,103223
1197,1197,Location seul,0,0,Aucun,0,0,Emploi rémunéré,1,45408
1198,1198,Cité universitaire,0,0,Aucun,0,0,Parents uniquement,0,107040
1199,1199,Chez les parents,0,0,Aucun,0,0,Bourse + parents,0,54603
1200,1200,Cité universitaire,1,10,Emploi formel,0,0,Bourse + parents,1,56777
1201,1201,Cité universitaire,0,0,Aucun,1,53512,Parents uniquement,0,150402
1202,1202,Location colocation,0,0,Aucun,0,0,Bourse + parents,0,100892
1203,1203,Chez les parents,1,20,Commerce informel,0,0,Emploi rémunéré,1,26986
1204,1204,Chez un proche,1,1,Petits boulots,0,0,Bourse + parents,1,52231
1205,1205,Chez un proche,1,5,Petits boulots,0,0,Parents + emploi,0,46623
1206,1206,Cité universitaire,0,0,Aucun,1,27410,Parents uniquement,1,56404
1207,1207,Chez les parents,0,0,Aucun,0,0,Parents uniquement,0,113765
1208,1208,Cité universitaire,0,0,Aucun,0,0,Bourse + parents,1,23283
1209,1209,Chez un proche,1,10,Petits boulots,0,0,Bourse uniquement,1,48599
1210,1210,Cité universitaire,0,0,Aucun,0,0,Parents uniquement,0,156196
1211,1211,Chez les parents,1,20,Commerce informel,0,0,Parents + emploi,0,59079
1212,1212,Chez les parents,0,0,Aucun,0,0,Parents + emploi,0,145863
1213,1213,Chez un proche,0,0,Aucun,0,0,Parents uniquement,0,71844
1214,1214,Location colocation,0,0,Aucun,1,20882,Parents uniquement,0,128020
1215,1215,Chez un proche,0,0,Aucun,0,0,Bourse + parents,0,57024
1216,1216,Chez un proche,1,10,Auto-emploi,0,0,Parents uniquement,0,99279
1217,1217,Location colocation,0,0,Aucun,1,77462,Bourse + parents,0,49021
1218,1218,Location colocation,0,0,Aucun,0,0,Bourse + parents,1,63786
1219,1219,Location colocation,0,0,Aucun,0,0,Emploi rémunéré,0,30955
1220,1220,Chez les parents,1,10,Auto-emploi,0,0,Bourse + parents,0,39035
1221,1221,Cité universitaire,0,0,Aucun,0,0,Bourse + parents,0,99799
1222,1222,Chez un proche,0,0,Aucun,1,27068,Bourse + parents,0,158936
1223,1223,Chez les parents,0,0,Aucun,1,30090,Bourse + parents,0,91551
1224,1224,Chez les parents,0,0,Aucun,0,0,Parents uniquement,0,59128
1225,1225,Chez les parents,0,0,Aucun,0,0,Parents uniquement,0,23590
1226,1226,Chez les parents,0,0,Aucun,0,0,Parents uniquement,0,210013
1227,1227,Location seul,1,10,Auto-emploi,0,0,Parents uniquement,0,45676
1228,1228,Cité universitaire,1,5,Commerce informel,0,0,Parents uniquement,1,26066
1229,1229,Chez les parents,1,10,Auto-emploi,0,0,Parents uniquement,1,174170
1230,1230,Location colocation,0,0,Aucun,0,0,Parents + emploi,0,185457
1231,1231,Chez les parents,0,0,Aucun,0,0,Parents uniquement,0,116658
1232,1232,Location colocation,0,0,Aucun,0,0,Bourse + parents,1,84773
1233,1233,Location colocation,0,0,Aucun,0,0,Parents + emploi,0,68349
1234,1234,Location colocation,0,0,Aucun,0,0,Parents + emploi,0,102052
1235,1235,Location colocation,0,0,Aucun,0,0,Bourse + parents,1,30681
1236,1236,Cité universitaire,0,0,Aucun,0,0,Parents uniquement,0,95259
1237,1237,Location colocation,1,10,Auto-emploi,0,0,Parents + emploi,0,60793
1238,1238,Location seul,0,0,Aucun,0,0,Bourse + parents,0,82911
1239,1239,Location colocation,0,0,Aucun,0,0,Bourse + parents,1,65002
1240,1240,Chez les parents,1,10,Petits boulots,1,62239,Parents uniquement,0,35681
1241,1241,Chez un proche,0,0,Aucun,0,0,Bourse + parents,0,34833
1242,1242,Chez les parents,1,5,Petits boulots,0,0,Parents + emploi,0,55083
1243,1243,Chez les parents,0,0,Aucun,0,0,Parents + emploi,0,45080
1244,1244,Location seul,0,0,Aucun,0,0,Parents uniquement,0,85945
1245,1245,Chez un proche,0,0,Aucun,0,0,Parents + emploi,1,129618
1246,1246,Location colocation,0,0,Aucun,0,0,Parents uniquement,0,85349
1247,1247,Location colocation,0,0,Aucun,0,0,Parents + emploi,1,68047
1248,1248,Cité universitaire,0,0,Aucun,1,31511,Parents uniquement,0,209163
1249,1249,Chez un proche,0,0,Aucun,0,0,Parents uniquement,1,69188
1250,1250,Location colocation,0,0,Aucun,0,0,Emploi rémunéré,1,59177
1251,1251,Cité universitaire,0,0,Aucun,0,0,Parents uniquement,0,87890
1252,1252,Chez un proche,0,0,Aucun,1,67428,Emploi rémunéré,1,103942
1253,1253,Location seul,0,0,Aucun,0,0,Parents uniquement,0,128549
1254,1254,Chez les parents,0,0,Aucun,1,59872,Bourse uniquement,0,52771
1255,1255,Location seul,0,0,Aucun,0,0,Emploi rémunéré,1,35855
1256,1256,Location colocation,0,0,Aucun,0,0,Parents + emploi,1,59838
1257,1257,Location colocation,1,20,Commerce informel,0,0,Bourse + parents,1,41608
1258,1258,Chez un proche,0,0,Aucun,0,0,Bourse + parents,0,200446
1259,1259,Location seul,1,15,Auto-emploi,0,0,Parents uniquement,1,97276
1260,1260,Location colocation,0,0,Aucun,0,0,Parents uniquement,0,126970
1261,1261,Chez un proche,0,0,Aucun,0,0,Emploi rémunéré,0,45886
1262,1262,Location colocation,0,0,Aucun,1,64924,Bourse uniquement,1,63732
1263,1263,Location seul,1,10,Auto-emploi,0,0,Bourse + parents,1,62460
1264,1264,Chez un proche,0,0,Aucun,0,0,Bourse + parents,0,45956
1265,1265,Cité universitaire,1,15,Petits boulots,0,0,Bourse uniquement,1,28096
1266,1266,Chez les parents,0,0,Aucun,1,75565,Bourse uniquement,1,68502
1267,1267,Location colocation,1,10,Commerce informel,1,60357,Parents + emploi,0,62019
1268,1268,Cité universitaire,0,0,Aucun,0,0,Emploi rémunéré,1,60905
1269,1269,Location colocation,1,1,Commerce informel,0,0,Emploi rémunéré,0,79416
1270,1270,Location seul,0,0,Aucun,0,0,Emploi rémunéré,0,90540
1271,1271,Chez les parents,0,0,Aucun,0,0,Parents + emploi,0,55791
1272,1272,Location colocation,0,0,Aucun,0,0,Parents uniquement,0,185731
1273,1273,Chez un proche,1,20,Emploi formel,1,41578,Bourse uniquement,0,48874
1274,1274,Chez un proche,1,15,Petits boulots,0,0,Emploi rémunéré,1,44166
1275,1275,Location colocation,1,10,Emploi formel,0,0,Parents uniquement,1,50096
1276,1276,Location colocation,0,0,Aucun,0,0,Bourse + parents,0,169263
1277,1277,Chez un proche,0,0,Aucun,0,0,Emploi rémunéré,0,89840
1278,1278,Cité universitaire,0,0,Aucun,1,63720,Emploi rémunéré,1,67384
1279,1279,Chez les parents,0,0,Aucun,0,0,Parents uniquement,0,67402
1280,1280,Cité universitaire,0,0,Aucun,0,0,Bourse + parents,0,101247
1281,1281,Location seul,0,0,Aucun,1,72972,Bourse uniquement,0,82387
1282,1282,Location seul,1,20,Auto-emploi,0,0,Bourse + parents,0,82191
1283,1283,Location colocation,0,0,Aucun,0,0,Parents + emploi,1,46721
1284,1284,Location seul,0,0,Aucun,0,0,Bourse + parents,0,215074
1285,1285,Cité universitaire,1,5,Auto-emploi,1,25355,Emploi rémunéré,1,32127
1286,1286,Chez les parents,0,0,Aucun,0,0,Emploi rémunéré,0,78001
1287,1287,Chez les parents,0,0,Aucun,0,0,Bourse uniquement,0,53630
1288,1288,Chez les parents,0,0,Aucun,0,0,Bourse + parents,0,65963
1289,1289,Chez les parents,0,0,Aucun,0,0,Bourse uniquement,0,135410
1290,1290,Location colocation,0,0,Aucun,1,36422,Bourse + parents,0,98916
1291,1291,Chez les parents,0,0,Aucun,0,0,Emploi rémunéré,1,90298
1292,1292,Location colocation,0,0,Aucun,0,0,Bourse + parents,1,66134
1293,1293,Chez les parents,0,0,Aucun,0,0,Parents + emploi,0,196389
1294,1294,Location colocation,0,0,Aucun,1,56205,Parents uniquement,0,86822
1295,1295,Location colocation,1,1,Auto-emploi,0,0,Parents uniquement,1,63255
1296,1296,Chez un proche,0,0,Aucun,1,38655,Parents uniquement,0,52859
1297,1297,Location colocation,0,0,Aucun,0,0,Parents uniquement,0,133564
1298,1298,Cité universitaire,0,0,Aucun,0,0,Bourse + parents,0,26107
1299,1299,Cité universitaire,0,0,Aucun,0,0,Bourse + parents,1,57894
1300,1300,Chez un proche,0,0,Aucun,0,0,Bourse + parents,1,109377
1301,1301,Cité universitaire,0,0,Aucun,0,0,Bourse uniquement,0,50523
1302,1302,Location colocation,0,0,Aucun,0,0,Parents uniquement,0,106770
1303,1303,Chez les parents,0,0,Aucun,0,0,Parents uniquement,0,215264
1304,1304,Cité universitaire,0,0,Aucun,0,0,Emploi rémunéré,1,42592
1305,1305,Chez les parents,0,0,Aucun,0,0,Bourse + parents,0,70826
1306,1306,Location colocation,0,0,Aucun,1,79942,Emploi rémunéré,0,37188
1307,1307,Location colocation,0,0,Aucun,0,0,Parents + emploi,1,85802
1308,1308,Cité universitaire,0,0,Aucun,0,0,Bourse + parents,0,53555
1309,1309,Location colocation,1,10,Emploi formel,0,0,Parents uniquement,0,166588
1310,1310,Location seul,0,0,Aucun,0,0,Bourse + parents,0,89587
1311,1311,Location colocation,1,20,Auto-emploi,0,0,Parents + emploi,0,61118
1312,1312,Cité universitaire,0,0,Aucun,1,33663,Bourse uniquement,1,54507
1313,1313,Chez les parents,0,0,Aucun,0,0,Bourse uniquement,0,36791
1314,1314,Chez un proche,0,0,Aucun,0,0,Parents + emploi,1,82742
1315,1315,Chez les parents,0,0,Aucun,1,48388,Parents uniquement,0,44495
1316,1316,Chez les parents,1,20,Petits boulots,0,0,Parents uniquement,0,69695
1317,1317,Chez les parents,0,0,Aucun,0,0,Parents uniquement,1,85754
1318,1318,Chez un proche,0,0,Aucun,1,34870,Parents uniquement,0,57319
1319,1319,Cité universitaire,0,0,Aucun,0,0,Parents uniquement,0,112171
1320,1320,Location colocation,1,1,Auto-emploi,0,0,Parents + emploi,0,76773
1321,1321,Chez un proche,0,0,Aucun,0,0,Parents uniquement,0,97066
1322,1322,Cité universitaire,0,0,Aucun,0,0,Emploi rémunéré,1,56348
1323,1323,Cité universitaire,1,1,Petits boulots,0,0,Parents + emploi,0,62049
1324,1324,Chez les parents,0,0,Aucun,0,0,Parents uniquement,0,70527
1325,1325,Chez les parents,0,0,Aucun,0,0,Bourse + parents,0,216984
1326,1326,Chez un proche,0,0,Aucun,0,0,Parents uniquement,1,108893
1327,1327,Chez les parents,0,0,Aucun,1,39511,Parents + emploi,0,29231
1328,1328,Location seul,1,15,Petits boulots,1,64308,Bourse + parents,1,30987
1329,1329,Location colocation,0,0,Aucun,0,0,Bourse + parents,0,97678
1330,1330,Chez un proche,0,0,Aucun,0,0,Bourse uniquement,0,69689
1331,1331,Location colocation,1,15,Auto-emploi,0,0,Emploi rémunéré,1,26306
1332,1332,Location colocation,0,0,Aucun,0,0,Parents uniquement,0,100141
1333,1333,Cité universitaire,0,0,Aucun,0,0,Parents + emploi,0,183614
1334,1334,Cité universitaire,0,0,Aucun,0,0,Parents uniquement,0,123547
1335,1335,Location colocation,0,0,Aucun,1,53290,Parents uniquement,0,26747
1336,1336,Location colocation,0,0,Aucun,0,0,Parents uniquement,1,105576
1337,1337,Chez les parents,0,0,Aucun,0,0,Bourse + parents,1,47433
1338,1338,Location seul,1,10,Emploi formel,0,0,Parents + emploi,0,167688
1339,1339,Cité universitaire,0,0,Aucun,0,0,Parents uniquement,0,73570
1340,1340,Location colocation,0,0,Aucun,0,0,Parents uniquement,0,91504
1341,1341,Location colocation,0,0,Aucun,0,0,Parents uniquement,0,96569
1342,1342,Chez les parents,0,0,Aucun,0,0,Bourse + parents,0,50017
1343,1343,Location seul,0,0,Aucun,0,0,Bourse + parents,1,103130
1344,1344,Chez les parents,1,20,Emploi formel,0,0,Parents + emploi,0,94461
1345,1345,Cité universitaire,0,0,Aucun,0,0,Parents uniquement,0,49965
1346,1346,Location colocation,0,0,Aucun,0,0,Parents + emploi,1,26832
1347,1347,Cité universitaire,1,10,Petits boulots,0,0,Parents uniquement,0,128271
1348,1348,Location colocation,1,10,Auto-emploi,1,46678,Parents uniquement,1,24217
1349,1349,Chez les parents,1,20,Auto-emploi,0,0,Parents uniquement,1,89965
1350,1350,Chez les parents,0,0,Aucun,0,0,Emploi rémunéré,1,45511
1351,1351,Chez les parents,0,0,Aucun,0,0,Bourse + parents,1,56926
1352,1352,Location colocation,1,40,Petits boulots,0,0,Emploi rémunéré,0,100937
1353,1353,Chez les parents,0,0,Aucun,0,0,Parents uniquement,0,126391
1354,1354,Chez les parents,1,5,Emploi formel,0,0,Bourse uniquement,1,31726
1355,1355,Location colocation,0,0,Aucun,1,47507,Bourse + parents,0,51420
1356,1356,Cité universitaire,0,0,Aucun,0,0,Parents + emploi,0,68320
1357,1357,Location colocation,0,0,Aucun,0,0,Parents uniquement,0,60072
1358,1358,Location colocation,0,0,Aucun,1,79137,Parents uniquement,0,71545
1359,1359,Chez un proche,0,0,Aucun,0,0,Autonome,0,188768
1360,1360,Chez les parents,0,0,Aucun,0,0,Parents uniquement,0,84730
1361,1361,Chez un proche,0,0,Aucun,0,0,Parents + emploi,0,79926
1362,1362,Chez les parents,0,0,Aucun,1,36617,Parents uniquement,1,29516
1363,1363,Location seul,0,0,Aucun,0,0,Parents + emploi,1,219463
1364,1364,Chez les parents,1,20,Commerce informel,0,0,Bourse + parents,0,100444
1365,1365,Chez un proche,0,0,Aucun,0,0,Parents uniquement,0,172782
1366,1366,Chez les parents,0,0,Aucun,0,0,Parents uniquement,0,68248
1367,1367,Chez les parents,0,0,Aucun,0,0,Parents uniquement,0,97004
1368,1368,Chez un proche,0,0,Aucun,0,0,Parents + emploi,0,76011
1369,1369,Chez les parents,0,0,Aucun,0,0,Parents uniquement,0,84441
1370,1370,Cité universitaire,0,0,Aucun,0,0,Bourse + parents,0,69087
1371,1371,Location seul,0,0,Aucun,0,0,Parents uniquement,0,144505
1372,1372,Location colocation,0,0,Aucun,0,0,Emploi rémunéré,0,87111
1373,1373,Chez les parents,0,0,Aucun,0,0,Emploi rémunéré,0,41631
1374,1374,Location colocation,1,10,Emploi formel,0,0,Parents uniquement,0,55203
1375,1375,Location colocation,0,0,Aucun,0,0,Parents uniquement,0,69726
1376,1376,Chez les parents,0,0,Aucun,0,0,Bourse + parents,1,66022
1377,1377,Location colocation,0,0,Aucun,0,0,Parents uniquement,0,70844
1378,1378,Chez les parents,0,0,Aucun,1,55875,Bourse + parents,0,94676
1379,1379,Location colocation,0,0,Aucun,0,0,Parents uniquement,0,187370
1380,1380,Location seul,0,0,Aucun,0,0,Bourse + parents,0,96747
1381,1381,Location seul,0,0,Aucun,0,0,Bourse + parents,0,211951
1382,1382,Cité universitaire,0,0,Aucun,1,61882,Bourse + parents,0,36388
1383,1383,Chez les parents,0,0,Aucun,0,0,Emploi rémunéré,1,47865
1384,1384,Chez un proche,0,0,Aucun,0,0,Bourse + parents,0,60841
1385,1385,Location colocation,0,0,Aucun,1,60920,Parents uniquement,0,190905
1386,1386,Location colocation,0,0,Aucun,0,0,Parents + emploi,1,49161
1387,1387,Cité universitaire,0,0,Aucun,0,0,Parents + emploi,0,79600
1388,1388,Chez un proche,0,0,Aucun,1,42540,Parents + emploi,0,104394
1389,1389,Cité universitaire,0,0,Aucun,0,0,Parents + emploi,0,119659
1390,1390,Cité universitaire,0,0,Aucun,1,35402,Autonome,0,47194
1391,1391,Cité universitaire,1,20,Emploi formel,0,0,Bourse + parents,0,75467
1392,1392,Location colocation,0,0,Aucun,1,57582,Bourse + parents,0,77739
1393,1393,Location colocation,0,0,Aucun,0,0,Parents uniquement,0,76306
1394,1394,Cité universitaire,0,0,Aucun,0,0,Parents uniquement,0,58368
1395,1395,Chez un proche,1,5,Emploi formel,0,0,Parents + emploi,0,59474
1396,1396,Chez les parents,0,0,Aucun,1,44981,Emploi rémunéré,0,81368
1397,1397,Chez les parents,1,20,Commerce informel,0,0,Parents + emploi,1,64877
1398,1398,Chez les parents,0,0,Aucun,1,70098,Parents uniquement,0,84670
1399,1399,Location seul,0,0,Aucun,1,76932,Parents + emploi,0,98856
1400,1400,Location colocation,0,0,Aucun,0,0,Parents uniquement,0,46158
1401,1401,Chez les parents,0,0,Aucun,0,0,Parents uniquement,0,102747
1402,1402,Cité universitaire,1,20,Commerce informel,1,69692,Parents + emploi,1,95349
1403,1403,Chez les parents,0,0,Aucun,0,0,Emploi rémunéré,0,105571
1404,1404,Location seul,1,10,Commerce informel,0,0,Parents + emploi,0,97650
1405,1405,Cité universitaire,0,0,Aucun,0,0,Parents + emploi,1,54419
1406,1406,Chez les parents,0,0,Aucun,0,0,Bourse + parents,1,36678
1407,1407,Location colocation,0,0,Aucun,0,0,Parents + emploi,1,97366
1408,1408,Chez un proche,0,0,Aucun,0,0,Parents uniquement,0,109261
1409,1409,Cité universitaire,0,0,Aucun,1,21881,Bourse uniquement,0,203898
1410,1410,Location colocation,0,0,Aucun,1,21199,Parents uniquement,1,136370
1411,1411,Chez les parents,0,0,Aucun,0,0,Parents uniquement,0,107208
1412,1412,Cité universitaire,0,0,Aucun,0,0,Emploi rémunéré,1,25838
1413,1413,Location colocation,0,0,Aucun,1,27083,Bourse uniquement,0,39659
1414,1414,Location seul,0,0,Aucun,0,0,Parents uniquement,0,47653
1415,1415,Chez un proche,0,0,Aucun,0,0,Bourse uniquement,0,52941
1416,1416,Location seul,1,20,Petits boulots,0,0,Parents + emploi,0,71053
1417,1417,Location colocation,0,0,Aucun,1,36678,Bourse + parents,0,65477
1418,1418,Location colocation,0,0,Aucun,0,0,Parents uniquement,1,63187
1419,1419,Location seul,1,15,Petits boulots,0,0,Bourse + parents,0,48396
1420,1420,Chez un proche,0,0,Aucun,0,0,Bourse + parents,0,77013
1421,1421,Cité universitaire,0,0,Aucun,0,0,Parents + emploi,0,193763
1422,1422,Location colocation,0,0,Aucun,1,67753,Bourse + parents,0,31746
1423,1423,Cité universitaire,0,0,Aucun,1,40299,Parents + emploi,1,42372
1424,1424,Cité universitaire,1,20,Petits boulots,0,0,Parents + emploi,0,84853
1425,1425,Chez un proche,0,0,Aucun,0,0,Parents + emploi,1,27361
1426,1426,Chez les parents,0,0,Aucun,0,0,Emploi rémunéré,1,50585
1427,1427,Chez les parents,0,0,Aucun,0,0,Parents uniquement,1,106167
1428,1428,Cité universitaire,0,0,Aucun,0,0,Parents + emploi,0,62007
1429,1429,Location colocation,1,10,Emploi formel,1,56082,Bourse + parents,0,53586
1430,1430,Chez les parents,0,0,Aucun,1,39603,Parents uniquement,0,64533
1431,1431,Chez les parents,0,0,Aucun,0,0,Bourse + parents,0,203508
1432,1432,Chez les parents,0,0,Aucun,0,0,Parents + emploi,0,53386
1433,1433,Cité universitaire,0,0,Aucun,0,0,Parents uniquement,0,55963
1434,1434,Chez un proche,0,0,Aucun,1,26864,Bourse + parents,1,109806
1435,1435,Location colocation,0,0,Aucun,0,0,Parents uniquement,0,60208
1436,1436,Location seul,0,0,Aucun,0,0,Bourse uniquement,0,94656
1437,1437,Cité universitaire,0,0,Aucun,0,0,Bourse uniquement,1,35813
1438,1438,Location seul,0,0,Aucun,1,71340,Bourse uniquement,1,29477
1439,1439,Chez les parents,0,0,Aucun,0,0,Emploi rémunéré,0,84552
1440,1440,Chez un proche,0,0,Aucun,0,0,Parents + emploi,0,139488
1441,1441,Location seul,0,0,Aucun,1,53545,Parents uniquement,0,51757
1442,1442,Cité universitaire,0,0,Aucun,0,0,Parents uniquement,0,190837
1443,1443,Chez les parents,0,0,Aucun,0,0,Bourse + parents,0,62749
1444,1444,Location colocation,1,15,Commerce informel,0,0,Parents + emploi,0,60616
1445,1445,Chez les parents,0,0,Aucun,0,0,Parents + emploi,1,46157
1446,1446,Cité universitaire,0,0,Aucun,0,0,Parents uniquement,1,49777
1447,1447,Chez un proche,0,0,Aucun,0,0,Bourse + parents,1,79247
1448,1448,Location seul,0,0,Aucun,1,26064,Parents uniquement,0,103436
1449,1449,Location seul,0,0,Aucun,0,0,Parents uniquement,0,202652
1450,1450,Cité universitaire,1,10,Petits boulots,0,0,Parents uniquement,1,63454
1451,1451,Chez un proche,0,0,Aucun,0,0,Parents uniquement,0,137831
1452,1452,Chez les parents,0,0,Aucun,0,0,Bourse + parents,1,75888
1453,1453,Chez les parents,0,0,Aucun,0,0,Autonome,0,60349
1454,1454,Location seul,0,0,Aucun,0,0,Parents uniquement,0,47051
1455,1455,Chez les parents,0,0,Aucun,0,0,Parents uniquement,0,80173
1456,1456,Chez un proche,0,0,Aucun,0,0,Parents + emploi,1,22975
1457,1457,Cité universitaire,0,0,Aucun,0,0,Parents uniquement,0,106527
1458,1458,Cité universitaire,0,0,Aucun,0,0,Bourse + parents,0,93641
1459,1459,Chez un proche,0,0,Aucun,0,0,Parents + emploi,1,99791
1460,1460,Location seul,0,0,Aucun,0,0,Bourse + parents,0,69554
1461,1461,Chez les parents,0,0,Aucun,0,0,Parents uniquement,0,216682
1462,1462,Chez les parents,0,0,Aucun,0,0,Parents + emploi,0,51189
1463,1463,Location colocation,0,0,Aucun,1,74391,Parents + emploi,0,100745
1464,1464,Cité universitaire,0,0,Aucun,0,0,Emploi rémunéré,0,68248
1465,1465,Chez les parents,0,0,Aucun,0,0,Bourse + parents,0,67117
1466,1466,Cité universitaire,0,0,Aucun,0,0,Bourse + parents,0,48480
1467,1467,Chez un proche,0,0,Aucun,0,0,Bourse + parents,1,34056
1468,1468,Cité universitaire,0,0,Aucun,0,0,Parents + emploi,0,90919
1469,1469,Location colocation,0,0,Aucun,0,0,Bourse uniquement,0,30191
1470,1470,Chez un proche,0,0,Aucun,1,66014,Parents uniquement,1,95894
1471,1471,Cité universitaire,0,0,Aucun,0,0,Parents + emploi,0,69016
1472,1472,Cité universitaire,0,0,Aucun,1,26337,Bourse + parents,0,81180
1473,1473,Chez les parents,0,0,Aucun,0,0,Parents uniquement,1,32284
1474,1474,Location colocation,0,0,Aucun,0,0,Bourse uniquement,0,98357
1475,1475,Chez les parents,0,0,Aucun,0,0,Parents uniquement,1,58800
1476,1476,Location colocation,0,0,Aucun,0,0,Emploi rémunéré,0,28101
1477,1477,Location seul,0,0,Aucun,1,61238,Bourse uniquement,1,38711
1478,1478,Chez les parents,0,0,Aucun,0,0,Parents uniquement,0,186439
1479,1479,Chez les parents,0,0,Aucun,0,0,Parents + emploi,1,76647
1480,1480,Cité universitaire,0,0,Aucun,0,0,Bourse uniquement,0,109757
1481,1481,Location colocation,0,0,Aucun,0,0,Parents uniquement,0,94283
1482,1482,Chez les parents,0,0,Aucun,0,0,Parents uniquement,0,94300
1483,1483,Chez les parents,0,0,Aucun,1,61488,Parents + emploi,0,46377
1484,1484,Chez un proche,0,0,Aucun,0,0,Parents + emploi,1,50743
1485,1485,Chez un proche,1,5,Petits boulots,0,0,Bourse uniquement,0,67589
1486,1486,Cité universitaire,1,10,Auto-emploi,1,53419,Autonome,0,56363
1487,1487,Cité universitaire,0,0,Aucun,0,0,Parents uniquement,0,177996
1488,1488,Location colocation,0,0,Aucun,0,0,Parents uniquement,1,83387
1489,1489,Chez les parents,1,10,Auto-emploi,1,76266,Parents uniquement,0,96166
1490,1490,Chez les parents,1,30,Commerce informel,0,0,Emploi rémunéré,1,76989
1491,1491,Chez les parents,0,0,Aucun,0,0,Parents uniquement,0,75040
1492,1492,Location colocation,0,0,Aucun,1,33292,Parents uniquement,0,54028
1493,1493,Cité universitaire,0,0,Aucun,0,0,Parents uniquement,0,61008
1494,1494,Location seul,0,0,Aucun,1,45416,Bourse + parents,0,159717
1495,1495,Location colocation,0,0,Aucun,0,0,Emploi rémunéré,0,77115
1496,1496,Cité universitaire,0,0,Aucun,0,0,Bourse + parents,0,100496
1497,1497,Cité universitaire,1,15,Commerce informel,0,0,Parents uniquement,0,46233
1498,1498,Location colocation,0,0,Aucun,1,63947,Parents uniquement,0,57590
1499,1499,Location colocation,0,0,Aucun,1,74563,Emploi rémunéré,0,57047
1500,1500,Location colocation,1,20,Emploi formel,0,0,Parents uniquement,1,34624
1501,1501,Chez un proche,0,0,Aucun,1,79560,Bourse uniquement,0,103043
1502,1502,Cité universitaire,0,0,Aucun,0,0,Parents + emploi,0,207626
1503,1503,Location seul,1,15,Emploi formel,0,0,Parents uniquement,0,97758
1504,1504,Cité universitaire,0,0,Aucun,1,68724,Parents + emploi,1,59047
1505,1505,Chez un proche,0,0,Aucun,1,80000,Parents uniquement,0,128513
1506,1506,Chez un proche,0,0,Aucun,0,0,Parents + emploi,0,57544
1507,1507,Location colocation,1,30,Emploi formel,0,0,Bourse + parents,0,70106
1508,1508,Location seul,0,0,Aucun,0,0,Parents uniquement,0,178882
1509,1509,Location seul,0,0,Aucun,0,0,Bourse uniquement,0,128282
1510,1510,Location colocation,0,0,Aucun,1,46905,Emploi rémunéré,1,51886
1511,1511,Cité universitaire,0,0,Aucun,0,0,Parents uniquement,1,84077
1512,1512,Location seul,0,0,Aucun,1,39217,Parents + emploi,0,74087
1513,1513,Location seul,0,0,Aucun,0,0,Parents uniquement,0,85932
1514,1514,Cité universitaire,0,0,Aucun,1,54652,Emploi rémunéré,1,58811
1515,1515,Location seul,0,0,Aucun,1,35381,Parents uniquement,0,107259
1516,1516,Cité universitaire,0,0,Aucun,0,0,Parents + emploi,1,22164
1517,1517,Chez les parents,0,0,Aucun,0,0,Bourse + parents,0,88496
1518,1518,Cité universitaire,0,0,Aucun,0,0,Bourse + parents,1,109090
1519,1519,Chez les parents,0,0,Aucun,0,0,Parents + emploi,1,52473
1520,1520,Location seul,0,0,Aucun,1,68408,Bourse + parents,0,60988
1521,1521,Location seul,0,0,Aucun,1,25699,Parents uniquement,0,92787
1522,1522,Chez les parents,0,0,Aucun,0,0,Parents + emploi,0,106339
1523,1523,Cité universitaire,0,0,Aucun,0,0,Parents uniquement,0,47278
1524,1524,Location seul,0,0,Aucun,0,0,Bourse + parents,1,50567
1525,1525,Location colocation,0,0,Aucun,0,0,Autonome,0,120175
1526,1526,Chez les parents,0,0,Aucun,0,0,Bourse + parents,1,93614
1527,1527,Cité universitaire,0,0,Aucun,0,0,Parents + emploi,0,144643
1528,1528,Location colocation,0,0,Aucun,0,0,Parents + emploi,0,54029
1529,1529,Cité universitaire,0,0,Aucun,1,59383,Parents uniquement,0,94008
1530,1530,Chez un proche,1,10,Petits boulots,0,0,Parents + emploi,1,39588
1531,1531,Location colocation,0,0,Aucun,0,0,Bourse uniquement,0,89569
1532,1532,Location colocation,0,0,Aucun,0,0,Parents uniquement,0,34442
1533,1533,Cité universitaire,0,0,Aucun,1,29343,Bourse + parents,1,96301
1534,1534,Chez les parents,0,0,Aucun,0,0,Parents uniquement,1,89519
1535,1535,Cité universitaire,0,0,Aucun,1,54722,Emploi rémunéré,1,41159
1536,1536,Cité universitaire,0,0,Aucun,0,0,Bourse + parents,0,26431
1537,1537,Chez un proche,0,0,Aucun,0,0,Parents + emploi,0,105092
1538,1538,Chez les parents,1,30,Auto-emploi,0,0,Bourse uniquement,1,75628
1539,1539,Chez les parents,0,0,Aucun,0,0,Parents uniquement,0,109476
1540,1540,Location seul,0,0,Aucun,1,54906,Autonome,0,59871
1541,1541,Chez les parents,0,0,Aucun,0,0,Parents uniquement,0,103471
1542,1542,Chez un proche,0,0,Aucun,0,0,Parents + emploi,1,52441
1543,1543,Chez les parents,0,0,Aucun,0,0,Parents uniquement,0,36012
1544,1544,Location colocation,1,20,Petits boulots,0,0,Parents uniquement,1,56934
1545,1545,Chez les parents,0,0,Aucun,0,0,Bourse + parents,0,97630
1546,1546,Location colocation,0,0,Aucun,1,29479,Bourse + parents,0,61835
1547,1547,Chez les parents,0,0,Aucun,0,0,Parents uniquement,0,200801
1548,1548,Chez les parents,0,0,Aucun,0,0,Parents + emploi,0,45155
1549,1549,Cité universitaire,0,0,Aucun,1,57497,Bourse uniquement,0,37940
1550,1550,Location seul,1,20,Auto-emploi,0,0,Parents uniquement,0,176172
1551,1551,Cité universitaire,0,0,Aucun,0,0,Parents + emploi,0,153830
1552,1552,Location seul,0,0,Aucun,0,0,Bourse uniquement,0,71809
1553,1553,Location seul,0,0,Aucun,1,27483,Emploi rémunéré,1,94123
1554,1554,Location colocation,0,0,Aucun,0,0,Parents + emploi,1,64557
1555,1555,Cité universitaire,0,0,Aucun,1,44795,Bourse + parents,0,136395
1556,1556,Chez les parents,0,0,Aucun,1,41640,Bourse + parents,0,84532
1557,1557,Location colocation,1,1,Commerce informel,0,0,Parents uniquement,0,107018
1558,1558,Location seul,0,0,Aucun,1,63584,Parents uniquement,0,77785
1559,1559,Location colocation,0,0,Aucun,0,0,Emploi rémunéré,1,54777
1560,1560,Location seul,0,0,Aucun,1,71821,Parents + emploi,0,81619
1561,1561,Chez les parents,0,0,Aucun,0,0,Parents uniquement,1,196453
1562,1562,Location seul,0,0,Aucun,0,0,Parents uniquement,0,86545
1563,1563,Chez les parents,0,0,Aucun,0,0,Parents uniquement,0,198177
1564,1564,Cité universitaire,0,0,Aucun,0,0,Parents uniquement,1,59825
1565,1565,Location colocation,1,20,Auto-emploi,0,0,Emploi rémunéré,0,59291
1566,1566,Chez les parents,0,0,Aucun,1,39264,Autonome,0,175147
1567,1567,Chez les parents,0,0,Aucun,1,41352,Bourse + parents,1,45460
1568,1568,Chez les parents,0,0,Aucun,0,0,Emploi rémunéré,1,46874
1569,1569,Cité universitaire,0,0,Aucun,0,0,Parents + emploi,0,102695
1570,1570,Cité universitaire,1,40,Petits boulots,0,0,Parents + emploi,1,26870
1571,1571,Cité universitaire,1,30,Auto-emploi,0,0,Parents + emploi,0,58252
1572,1572,Location seul,0,0,Aucun,0,0,Parents + emploi,0,72887
1573,1573,Chez un proche,1,10,Petits boulots,0,0,Parents + emploi,0,61444
1574,1574,Location seul,0,0,Aucun,0,0,Parents uniquement,0,218336
1575,1575,Chez les parents,0,0,Aucun,1,71556,Parents uniquement,0,78660
1576,1576,Chez les parents,0,0,Aucun,0,0,Parents + emploi,0,118948
1577,1577,Location seul,0,0,Aucun,0,0,Autonome,0,95654
1578,1578,Chez un proche,1,10,Petits boulots,0,0,Bourse + parents,0,82194
1579,1579,Location colocation,0,0,Aucun,1,59781,Bourse + parents,0,133591
1580,1580,Cité universitaire,0,0,Aucun,0,0,Parents + emploi,0,76748
1581,1581,Location colocation,0,0,Aucun,1,56222,Emploi rémunéré,1,59653
1582,1582,Cité universitaire,0,0,Aucun,0,0,Parents uniquement,1,59310
1583,1583,Location seul,1,5,Auto-emploi,1,43535,Parents uniquement,1,60317
1584,1584,Location colocation,0,0,Aucun,1,56970,Emploi rémunéré,0,42928
1585,1585,Chez les parents,0,0,Aucun,1,25137,Parents uniquement,1,67979
1586,1586,Chez les parents,1,30,Petits boulots,0,0,Bourse + parents,0,63864
1587,1587,Cité universitaire,0,0,Aucun,0,0,Parents uniquement,0,34421
1588,1588,Cité universitaire,1,20,Commerce informel,0,0,Emploi rémunéré,1,25052
1589,1589,Chez un proche,0,0,Aucun,0,0,Autonome,0,112126
1590,1590,Location colocation,1,10,Auto-emploi,1,57599,Parents uniquement,0,79465
1591,1591,Cité universitaire,0,0,Aucun,0,0,Bourse + parents,1,42332
1592,1592,Chez un proche,0,0,Aucun,0,0,Parents uniquement,0,90939
1593,1593,Location colocation,0,0,Aucun,0,0,Bourse uniquement,1,83734
1594,1594,Location seul,0,0,Aucun,0,0,Bourse + parents,0,135817
1595,1595,Location seul,0,0,Aucun,0,0,Parents uniquement,0,163390
1596,1596,Cité universitaire,0,0,Aucun,1,40177,Parents uniquement,0,58035
1597,1597,Chez un proche,0,0,Aucun,0,0,Parents uniquement,1,58175
1598,1598,Cité universitaire,0,0,Aucun,0,0,Bourse + parents,0,97266
1599,1599,Location seul,0,0,Aucun,1,58266,Parents + emploi,1,93754
1600,1600,Chez un proche,0,0,Aucun,1,27436,Bourse + parents,1,39323
1601,1601,Location colocation,1,20,Emploi formel,1,23151,Bourse + parents,0,105489
1602,1602,Location colocation,0,0,Aucun,0,0,Emploi rémunéré,0,48234
1603,1603,Chez les parents,0,0,Aucun,1,42371,Parents uniquement,0,81008
1604,1604,Chez les parents,0,0,Aucun,0,0,Parents uniquement,0,132408
1605,1605,Chez les parents,0,0,Aucun,1,59846,Parents uniquement,1,30457
1606,1606,Chez les parents,0,0,Aucun,1,29413,Parents uniquement,0,70476
1607,1607,Chez les parents,0,0,Aucun,0,0,Parents uniquement,0,109599
1608,1608,Location seul,1,30,Commerce informel,1,79500,Parents + emploi,1,95697
1609,1609,Chez les parents,1,5,Petits boulots,0,0,Bourse + parents,1,55887
1610,1610,Location colocation,0,0,Aucun,0,0,Parents + emploi,0,83771
1611,1611,Location colocation,0,0,Aucun,0,0,Parents uniquement,0,33573
1612,1612,Chez les parents,1,10,Commerce informel,0,0,Parents uniquement,1,92239
1613,1613,Chez les parents,1,5,Petits boulots,0,0,Parents uniquement,0,50736
1614,1614,Chez les parents,0,0,Aucun,1,70146,Emploi rémunéré,0,90557
1615,1615,Cité universitaire,0,0,Aucun,0,0,Bourse uniquement,0,76190
1616,1616,Location colocation,0,0,Aucun,0,0,Parents uniquement,1,181250
1617,1617,Chez les parents,1,15,Commerce informel,0,0,Parents uniquement,1,48312
1618,1618,Location seul,1,10,Emploi formel,0,0,Emploi rémunéré,0,28686
1619,1619,Chez les parents,0,0,Aucun,0,0,Parents uniquement,0,190606
1620,1620,Location colocation,1,15,Emploi formel,0,0,Parents uniquement,0,39341
1621,1621,Cité universitaire,0,0,Aucun,0,0,Emploi rémunéré,1,104514
1622,1622,Location seul,0,0,Aucun,0,0,Bourse + parents,0,94530
1623,1623,Chez les parents,0,0,Aucun,0,0,Parents + emploi,0,171048
1624,1624,Location seul,1,5,Petits boulots,0,0,Parents uniquement,1,54745
1625,1625,Location colocation,0,0,Aucun,0,0,Parents uniquement,0,219110
1626,1626,Location seul,1,1,Auto-emploi,1,67214,Bourse + parents,0,56267
1627,1627,Location seul,1,30,Commerce informel,1,47861,Parents + emploi,0,97476
1628,1628,Chez les parents,0,0,Aucun,0,0,Parents + emploi,1,44035
1629,1629,Location colocation,0,0,Aucun,0,0,Bourse uniquement,0,84076
1630,1630,Chez les parents,0,0,Aucun,0,0,Parents uniquement,0,136778
1631,1631,Location seul,0,0,Aucun,0,0,Parents + emploi,1,45620
1632,1632,Location colocation,0,0,Aucun,0,0,Parents + emploi,0,55666
1633,1633,Location colocation,0,0,Aucun,0,0,Bourse uniquement,1,37445
1634,1634,Cité universitaire,0,0,Aucun,0,0,Parents + emploi,0,34143
1635,1635,Location colocation,1,15,Auto-emploi,1,36421,Parents uniquement,0,55028
1636,1636,Location colocation,0,0,Aucun,0,0,Bourse + parents,0,60495
1637,1637,Location seul,0,0,Aucun,0,0,Parents uniquement,0,132948
1638,1638,Chez un proche,0,0,Aucun,1,60837,Parents + emploi,1,103042
1639,1639,Cité universitaire,0,0,Aucun,0,0,Bourse + parents,0,128024
1640,1640,Location seul,0,0,Aucun,0,0,Parents uniquement,0,102176
1641,1641,Chez un proche,0,0,Aucun,0,0,Autonome,0,104431
1642,1642,Location seul,0,0,Aucun,0,0,Parents uniquement,0,149034
1643,1643,Chez un proche,1,5,Petits boulots,0,0,Parents uniquement,0,160463
1644,1644,Chez un proche,0,0,Aucun,1,68988,Emploi rémunéré,0,44892
1645,1645,Chez les parents,1,15,Emploi formel,0,0,Bourse + parents,1,46496
1646,1646,Cité universitaire,1,20,Auto-emploi,0,0,Parents uniquement,0,68932
1647,1647,Location colocation,0,0,Aucun,0,0,Bourse + parents,0,97876
1648,1648,Cité universitaire,1,15,Emploi formel,1,60598,Bourse + parents,1,55284
1649,1649,Chez un proche,0,0,Aucun,0,0,Parents uniquement,0,65956
1650,1650,Location seul,0,0,Aucun,0,0,Bourse + parents,0,154680
1651,1651,Location seul,0,0,Aucun,0,0,Parents uniquement,0,115382
1652,1652,Location seul,0,0,Aucun,1,47446,Autonome,1,201511
1653,1653,Location colocation,0,0,Aucun,0,0,Parents uniquement,0,49301
1654,1654,Cité universitaire,0,0,Aucun,0,0,Parents uniquement,0,74665
1655,1655,Chez les parents,0,0,Aucun,0,0,Bourse + parents,0,155816
1656,1656,Chez les parents,0,0,Aucun,0,0,Parents + emploi,0,127519
1657,1657,Chez un proche,0,0,Aucun,0,0,Parents + emploi,1,75110
1658,1658,Cité universitaire,1,5,Auto-emploi,0,0,Parents + emploi,1,46447
1659,1659,Chez un proche,0,0,Aucun,0,0,Bourse uniquement,1,144436
1660,1660,Cité universitaire,0,0,Aucun,0,0,Bourse + parents,0,43958
1661,1661,Cité universitaire,0,0,Aucun,1,34160,Parents + emploi,1,35449
1662,1662,Location colocation,0,0,Aucun,0,0,Bourse + parents,0,56045
1663,1663,Cité universitaire,0,0,Aucun,0,0,Parents uniquement,0,86774
1664,1664,Chez les parents,0,0,Aucun,1,72461,Bourse uniquement,0,22398
1665,1665,Location colocation,0,0,Aucun,0,0,Autonome,0,114990
1666,1666,Chez un proche,0,0,Aucun,0,0,Bourse + parents,0,129115
1667,1667,Location seul,0,0,Aucun,0,0,Emploi rémunéré,0,32085
1668,1668,Location colocation,0,0,Aucun,0,0,Parents + emploi,0,126826
1669,1669,Chez un proche,1,30,Commerce informel,1,23105,Parents + emploi,1,34312
1670,1670,Location seul,0,0,Aucun,0,0,Autonome,1,46344
1671,1671,Chez les parents,0,0,Aucun,0,0,Parents uniquement,0,65384
1672,1672,Location seul,0,0,Aucun,0,0,Parents uniquement,0,216169
1673,1673,Cité universitaire,0,0,Aucun,0,0,Emploi rémunéré,0,96488
1674,1674,Location colocation,0,0,Aucun,0,0,Parents uniquement,0,181197
1675,1675,Cité universitaire,0,0,Aucun,0,0,Bourse uniquement,1,35136
1676,1676,Cité universitaire,0,0,Aucun,0,0,Parents + emploi,0,96405
1677,1677,Chez les parents,1,30,Emploi formel,1,37288,Parents + emploi,0,46808
1678,1678,Location seul,0,0,Aucun,0,0,Parents uniquement,0,63057
1679,1679,Cité universitaire,0,0,Aucun,0,0,Parents + emploi,0,65224
1680,1680,Chez les parents,1,15,Commerce informel,1,67250,Bourse + parents,1,28116
1681,1681,Cité universitaire,0,0,Aucun,0,0,Parents uniquement,1,94709
1682,1682,Location colocation,0,0,Aucun,1,60238,Emploi rémunéré,0,44180
1683,1683,Location colocation,1,30,Emploi formel,0,0,Bourse + parents,0,64090
1684,1684,Cité universitaire,0,0,Aucun,1,53591,Parents uniquement,0,102088
1685,1685,Cité universitaire,0,0,Aucun,0,0,Parents uniquement,0,33432
1686,1686,Chez les parents,0,0,Aucun,0,0,Parents + emploi,1,197803
1687,1687,Chez un proche,1,15,Emploi formel,0,0,Bourse uniquement,0,73491
1688,1688,Location seul,0,0,Aucun,0,0,Bourse + parents,0,196633
1689,1689,Chez les parents,1,10,Commerce informel,0,0,Bourse uniquement,0,51601
1690,1690,Cité universitaire,0,0,Aucun,0,0,Parents uniquement,0,204020
1691,1691,Chez un proche,0,0,Aucun,0,0,Parents uniquement,0,53065
1692,1692,Location colocation,0,0,Aucun,0,0,Emploi rémunéré,0,100680
1693,1693,Location colocation,0,0,Aucun,1,31269,Parents + emploi,0,49715
1694,1694,Chez un proche,0,0,Aucun,0,0,Bourse + parents,0,88251
1695,1695,Location seul,0,0,Aucun,0,0,Parents uniquement,1,95202
1696,1696,Chez un proche,0,0,Aucun,1,55207,Autonome,1,25802
1697,1697,Chez un proche,0,0,Aucun,0,0,Parents uniquement,0,40422
1698,1698,Location colocation,1,10,Petits boulots,0,0,Parents + emploi,0,60438
1699,1699,Location colocation,0,0,Aucun,1,24303,Parents uniquement,0,211909
1700,1700,Chez un proche,0,0,Aucun,0,0,Bourse uniquement,0,105264
1701,1701,Location seul,0,0,Aucun,0,0,Parents uniquement,1,91138
1702,1702,Location colocation,1,15,Emploi formel,0,0,Parents uniquement,0,101237
1703,1703,Location seul,0,0,Aucun,0,0,Parents uniquement,1,90927
1704,1704,Location seul,0,0,Aucun,0,0,Parents + emploi,0,41647
1705,1705,Chez un proche,0,0,Aucun,0,0,Parents uniquement,1,101027
1706,1706,Chez les parents,1,5,Commerce informel,0,0,Parents uniquement,0,61628
1707,1707,Chez les parents,0,0,Aucun,0,0,Parents uniquement,0,95256
1708,1708,Cité universitaire,1,10,Emploi formel,1,49736,Bourse + parents,0,75957
1709,1709,Location seul,1,15,Commerce informel,1,73319,Parents + emploi,1,61699
1710,1710,Chez les parents,0,0,Aucun,0,0,Parents uniquement,0,203303
1711,1711,Location seul,1,10,Auto-emploi,0,0,Bourse uniquement,0,183139
1712,1712,Cité universitaire,0,0,Aucun,0,0,Parents + emploi,0,35108
1713,1713,Location colocation,0,0,Aucun,0,0,Bourse uniquement,1,31600
1714,1714,Location colocation,0,0,Aucun,0,0,Parents uniquement,0,147423
1715,1715,Chez les parents,0,0,Aucun,0,0,Parents uniquement,0,124853
1716,1716,Chez les parents,0,0,Aucun,0,0,Bourse uniquement,0,195407
1717,1717,Chez les parents,1,1,Emploi formel,0,0,Emploi rémunéré,1,31650
1718,1718,Location colocation,0,0,Aucun,0,0,Parents + emploi,1,49454
1719,1719,Location seul,0,0,Aucun,0,0,Emploi rémunéré,1,51186
1720,1720,Location colocation,0,0,Aucun,0,0,Emploi rémunéré,1,53380
1721,1721,Chez les parents,0,0,Aucun,0,0,Bourse + parents,0,76574
1722,1722,Location seul,0,0,Aucun,0,0,Emploi rémunéré,1,97166
1723,1723,Cité universitaire,0,0,Aucun,0,0,Autonome,1,56086
1724,1724,Location colocation,0,0,Aucun,0,0,Parents uniquement,0,140061
1725,1725,Location seul,1,30,Commerce informel,0,0,Parents uniquement,0,105102
1726,1726,Location colocation,0,0,Aucun,0,0,Parents + emploi,0,147299
1727,1727,Chez un proche,0,0,Aucun,1,46797,Parents uniquement,0,103230
1728,1728,Chez un proche,1,15,Auto-emploi,1,62861,Parents uniquement,0,39947
1729,1729,Cité universitaire,1,5,Petits boulots,1,43571,Bourse uniquement,0,103112
1730,1730,Chez les parents,1,15,Petits boulots,0,0,Parents uniquement,0,56539
1731,1731,Cité universitaire,0,0,Aucun,0,0,Bourse + parents,1,79824
1732,1732,Cité universitaire,0,0,Aucun,0,0,Parents uniquement,0,96697
1733,1733,Cité universitaire,0,0,Aucun,0,0,Parents uniquement,0,141165
1734,1734,Cité universitaire,0,0,Aucun,0,0,Parents + emploi,0,55429
1735,1735,Chez les parents,0,0,Aucun,0,0,Emploi rémunéré,0,56565
1736,1736,Chez les parents,1,20,Commerce informel,1,76658,Autonome,0,32351
1737,1737,Cité universitaire,0,0,Aucun,0,0,Parents + emploi,1,24699
1738,1738,Cité universitaire,0,0,Aucun,0,0,Emploi rémunéré,1,98522
1739,1739,Chez un proche,0,0,Aucun,0,0,Parents + emploi,1,74538
1740,1740,Cité universitaire,0,0,Aucun,0,0,Bourse + parents,1,94388
1741,1741,Location colocation,0,0,Aucun,1,36542,Bourse + parents,0,53560
1742,1742,Location colocation,0,0,Aucun,0,0,Bourse + parents,0,54020
1743,1743,Chez les parents,0,0,Aucun,0,0,Parents + emploi,0,138545
1744,1744,Location colocation,0,0,Aucun,0,0,Parents uniquement,0,104963
1745,1745,Chez un proche,1,40,Petits boulots,0,0,Emploi rémunéré,0,94109
1746,1746,Location colocation,0,0,Aucun,0,0,Bourse + parents,0,87499
1747,1747,Chez les parents,0,0,Aucun,0,0,Parents + emploi,0,100503
1748,1748,Cité universitaire,1,5,Commerce informel,0,0,Emploi rémunéré,1,51754
1749,1749,Chez les parents,1,10,Auto-emploi,0,0,Parents uniquement,1,39192
1750,1750,Chez les parents,0,0,Aucun,0,0,Bourse + parents,0,105460
1751,1751,Chez les parents,0,0,Aucun,1,76245,Parents + emploi,0,106508
1752,1752,Location seul,0,0,Aucun,0,0,Parents + emploi,1,150861
1753,1753,Location colocation,1,15,Commerce informel,1,62955,Bourse + parents,1,30793
1754,1754,Chez un proche,0,0,Aucun,0,0,Bourse uniquement,1,40587
1755,1755,Location colocation,1,30,Commerce informel,1,21976,Parents uniquement,0,55101
1756,1756,Location colocation,0,0,Aucun,0,0,Parents uniquement,1,64064
1757,1757,Location colocation,1,5,Commerce informel,1,35570,Parents uniquement,0,97202
1758,1758,Cité universitaire,1,5,Petits boulots,0,0,Parents + emploi,0,171377
1759,1759,Location seul,0,0,Aucun,0,0,Parents uniquement,0,156786
1760,1760,Chez les parents,0,0,Aucun,0,0,Parents uniquement,1,45820
1761,1761,Chez les parents,0,0,Aucun,0,0,Bourse + parents,0,75415
1762,1762,Chez les parents,0,0,Aucun,0,0,Bourse + parents,0,61251
1763,1763,Location colocation,0,0,Aucun,0,0,Bourse uniquement,0,196157
1764,1764,Chez les parents,0,0,Aucun,0,0,Parents uniquement,0,159740
1765,1765,Location colocation,0,0,Aucun,0,0,Emploi rémunéré,1,50436
1766,1766,Chez les parents,0,0,Aucun,0,0,Parents + emploi,0,90922
1767,1767,Location seul,0,0,Aucun,0,0,Bourse + parents,1,29213
1768,1768,Chez un proche,1,20,Commerce informel,0,0,Bourse uniquement,0,93756
1769,1769,Location seul,0,0,Aucun,1,44019,Autonome,1,52978
1770,1770,Location seul,0,0,Aucun,1,38433,Parents uniquement,0,92909
1771,1771,Cité universitaire,0,0,Aucun,0,0,Parents + emploi,0,27907
1772,1772,Chez un proche,0,0,Aucun,0,0,Parents uniquement,0,61571
1773,1773,Chez les parents,0,0,Aucun,1,51776,Parents uniquement,0,56754
1774,1774,Chez les parents,0,0,Aucun,0,0,Parents uniquement,0,70374
1775,1775,Chez un proche,0,0,Aucun,0,0,Parents + emploi,0,88144
1776,1776,Chez un proche,0,0,Aucun,0,0,Parents uniquement,1,74345
1777,1777,Location seul,0,0,Aucun,0,0,Bourse uniquement,0,47660
1778,1778,Location seul,0,0,Aucun,0,0,Parents + emploi,0,104189
1779,1779,Location colocation,0,0,Aucun,0,0,Bourse + parents,0,199967
1780,1780,Chez les parents,1,15,Commerce informel,0,0,Parents uniquement,0,87802
1781,1781,Location colocation,0,0,Aucun,0,0,Bourse uniquement,0,78016
1782,1782,Location colocation,0,0,Aucun,1,54468,Parents uniquement,1,119747
1783,1783,Chez un proche,0,0,Aucun,0,0,Parents + emploi,0,93290
1784,1784,Location seul,1,1,Auto-emploi,1,60665,Parents + emploi,1,57031
1785,1785,Cité universitaire,0,0,Aucun,0,0,Bourse + parents,0,98618
1786,1786,Chez les parents,1,20,Emploi formel,0,0,Bourse uniquement,0,60211
1787,1787,Chez un proche,0,0,Aucun,1,74763,Parents uniquement,0,88814
1788,1788,Chez un proche,0,0,Aucun,0,0,Bourse + parents,1,97879
1789,1789,Location seul,0,0,Aucun,0,0,Parents uniquement,0,104385
1790,1790,Cité universitaire,1,5,Auto-emploi,0,0,Parents + emploi,0,60421
1791,1791,Cité universitaire,0,0,Aucun,1,23782,Bourse + parents,1,56024
1792,1792,Location seul,0,0,Aucun,0,0,Bourse uniquement,0,51975
1793,1793,Location colocation,0,0,Aucun,0,0,Bourse + parents,0,94369
1794,1794,Location colocation,0,0,Aucun,0,0,Parents uniquement,0,63360
1795,1795,Cité universitaire,0,0,Aucun,1,21983,Parents + emploi,0,178563
1796,1796,Location seul,0,0,Aucun,0,0,Parents + emploi,0,31627
1797,1797,Chez un proche,0,0,Aucun,0,0,Parents + emploi,0,141479
1798,1798,Location colocation,1,5,Emploi formel,1,36461,Parents uniquement,1,41469
1799,1799,Cité universitaire,1,15,Commerce informel,1,50551,Parents uniquement,0,42404
1800,1800,Chez un proche,1,10,Emploi formel,0,0,Parents + emploi,1,40713
1801,1801,Location colocation,0,0,Aucun,1,73622,Parents uniquement,0,102895
1802,1802,Chez un proche,0,0,Aucun,0,0,Emploi rémunéré,1,25690
1803,1803,Location seul,0,0,Aucun,0,0,Parents uniquement,0,101195
1804,1804,Cité universitaire,0,0,Aucun,1,45224,Parents uniquement,0,100706
1805,1805,Chez les parents,0,0,Aucun,0,0,Bourse + parents,1,23182
1806,1806,Location seul,0,0,Aucun,0,0,Bourse + parents,0,68634
1807,1807,Location colocation,1,10,Emploi formel,0,0,Autonome,0,85884
1808,1808,Location seul,0,0,Aucun,1,56459,Bourse uniquement,0,73241
1809,1809,Location colocation,0,0,Aucun,1,68527,Emploi rémunéré,1,23002
1810,1810,Chez les parents,0,0,Aucun,1,54907,Bourse + parents,0,29357
1811,1811,Chez les parents,0,0,Aucun,0,0,Emploi rémunéré,0,62235
1812,1812,Location colocation,0,0,Aucun,0,0,Parents uniquement,0,147173
1813,1813,Cité universitaire,0,0,Aucun,1,71677,Bourse + parents,0,62054
1814,1814,Location colocation,0,0,Aucun,0,0,Autonome,0,96829
1815,1815,Cité universitaire,1,10,Commerce informel,0,0,Parents + emploi,1,50401
1816,1816,Chez les parents,0,0,Aucun,0,0,Parents uniquement,0,62086
1817,1817,Chez un proche,0,0,Aucun,0,0,Parents uniquement,1,94156
1818,1818,Location colocation,0,0,Aucun,0,0,Parents + emploi,1,61397
1819,1819,Location colocation,0,0,Aucun,0,0,Bourse uniquement,0,73755
1820,1820,Chez un proche,0,0,Aucun,0,0,Bourse + parents,0,155354
1821,1821,Chez les parents,0,0,Aucun,0,0,Bourse + parents,1,30191
1822,1822,Chez les parents,0,0,Aucun,1,30764,Parents + emploi,0,142338
1823,1823,Chez les parents,0,0,Aucun,0,0,Parents uniquement,0,160206
1824,1824,Location colocation,0,0,Aucun,0,0,Parents uniquement,0,59428
1825,1825,Location colocation,1,5,Petits boulots,0,0,Autonome,1,29640
1826,1826,Chez un proche,1,15,Petits boulots,0,0,Bourse uniquement,1,31669
1827,1827,Location colocation,0,0,Aucun,0,0,Emploi rémunéré,1,96263
1828,1828,Location seul,0,0,Aucun,0,0,Bourse + parents,0,58051
1829,1829,Location seul,0,0,Aucun,1,69731,Parents uniquement,0,62756
1830,1830,Chez les parents,0,0,Aucun,0,0,Parents uniquement,1,95705
1831,1831,Location colocation,1,5,Emploi formel,0,0,Parents + emploi,1,62420
1832,1832,Cité universitaire,0,0,Aucun,0,0,Bourse uniquement,0,35682
1833,1833,Cité universitaire,0,0,Aucun,0,0,Bourse + parents,0,49899
1834,1834,Chez un proche,0,0,Aucun,0,0,Parents uniquement,0,83313
1835,1835,Cité universitaire,0,0,Aucun,0,0,Autonome,0,159904
1836,1836,Location seul,1,20,Commerce informel,0,0,Parents uniquement,0,107346
1837,1837,Location seul,0,0,Aucun,0,0,Parents uniquement,0,50998
1838,1838,Chez les parents,0,0,Aucun,0,0,Bourse + parents,0,71209
1839,1839,Chez les parents,0,0,Aucun,0,0,Parents uniquement,0,46549
1840,1840,Cité universitaire,0,0,Aucun,0,0,Bourse + parents,0,73926
1841,1841,Cité universitaire,1,20,Auto-emploi,0,0,Parents uniquement,0,86842
1842,1842,Location seul,0,0,Aucun,0,0,Parents + emploi,0,68909
1843,1843,Chez les parents,0,0,Aucun,0,0,Parents + emploi,0,48184
1844,1844,Chez les parents,0,0,Aucun,0,0,Parents uniquement,0,84494
1845,1845,Location colocation,0,0,Aucun,0,0,Autonome,0,91367
1846,1846,Chez un proche,0,0,Aucun,0,0,Bourse + parents,0,37309
1847,1847,Chez les parents,1,10,Petits boulots,0,0,Parents uniquement,0,175022
1848,1848,Location colocation,1,30,Auto-emploi,0,0,Parents + emploi,0,64583
1849,1849,Location seul,0,0,Aucun,0,0,Bourse uniquement,1,55488
1850,1850,Location seul,0,0,Aucun,0,0,Parents uniquement,0,105357
1851,1851,Chez un proche,1,10,Commerce informel,0,0,Parents uniquement,1,48636
1852,1852,Chez un proche,0,0,Aucun,0,0,Bourse + parents,1,49210
1853,1853,Chez les parents,0,0,Aucun,0,0,Parents + emploi,0,175713
1854,1854,Location colocation,0,0,Aucun,1,72813,Parents + emploi,0,50875
1855,1855,Location seul,0,0,Aucun,0,0,Bourse + parents,0,78356
1856,1856,Cité universitaire,1,20,Commerce informel,0,0,Parents uniquement,0,63894
1857,1857,Chez les parents,0,0,Aucun,0,0,Bourse + parents,1,89822
1858,1858,Chez un proche,0,0,Aucun,0,0,Parents uniquement,0,93807
1859,1859,Chez les parents,0,0,Aucun,1,62138,Bourse uniquement,0,68097
1860,1860,Chez les parents,0,0,Aucun,0,0,Bourse + parents,0,92039
1861,1861,Location colocation,1,10,Petits boulots,1,64880,Parents + emploi,0,95927
1862,1862,Location colocation,0,0,Aucun,0,0,Emploi rémunéré,1,51519
1863,1863,Chez un proche,1,20,Auto-emploi,0,0,Parents + emploi,0,102647
1864,1864,Location seul,0,0,Aucun,0,0,Parents + emploi,0,78258
1865,1865,Location seul,0,0,Aucun,0,0,Parents + emploi,0,41280
1866,1866,Location seul,0,0,Aucun,1,41595,Parents uniquement,0,67259
1867,1867,Chez les parents,0,0,Aucun,1,42257,Emploi rémunéré,0,93711
1868,1868,Location seul,0,0,Aucun,0,0,Bourse + parents,1,76122
1869,1869,Location colocation,0,0,Aucun,1,47101,Parents uniquement,0,101919
1870,1870,Location colocation,1,1,Emploi formel,0,0,Parents + emploi,0,62634
1871,1871,Chez les parents,0,0,Aucun,0,0,Parents uniquement,0,152497
1872,1872,Chez les parents,1,20,Petits boulots,0,0,Bourse + parents,0,91100
1873,1873,Cité universitaire,1,15,Petits boulots,0,0,Parents + emploi,0,61275
1874,1874,Cité universitaire,1,10,Emploi formel,0,0,Parents uniquement,1,93778
1875,1875,Chez un proche,0,0,Aucun,1,63790,Parents uniquement,0,45651
1876,1876,Chez un proche,0,0,Aucun,0,0,Bourse + parents,0,185358
1877,1877,Chez un proche,0,0,Aucun,0,0,Parents + emploi,0,125790
1878,1878,Location seul,0,0,Aucun,1,34681,Parents uniquement,0,80079
1879,1879,Cité universitaire,1,20,Petits boulots,1,25437,Bourse uniquement,1,29186
1880,1880,Location colocation,0,0,Aucun,0,0,Emploi rémunéré,0,49911
1881,1881,Cité universitaire,0,0,Aucun,0,0,Parents uniquement,0,57225
1882,1882,Chez un proche,0,0,Aucun,0,0,Emploi rémunéré,0,46001
1883,1883,Location colocation,0,0,Aucun,0,0,Parents uniquement,0,146875
1884,1884,Location seul,0,0,Aucun,0,0,Bourse + parents,0,58356
1885,1885,Location colocation,0,0,Aucun,0,0,Bourse + parents,1,82717
1886,1886,Location colocation,0,0,Aucun,0,0,Parents uniquement,0,70856
1887,1887,Cité universitaire,0,0,Aucun,1,67972,Parents + emploi,1,33266
1888,1888,Chez un proche,0,0,Aucun,0,0,Parents + emploi,1,45868
1889,1889,Chez les parents,0,0,Aucun,0,0,Parents uniquement,0,130594
1890,1890,Chez les parents,0,0,Aucun,0,0,Bourse + parents,0,92593
1891,1891,Cité universitaire,0,0,Aucun,1,69422,Parents + emploi,0,71989
1892,1892,Chez un proche,0,0,Aucun,0,0,Parents uniquement,1,61019
1893,1893,Chez les parents,0,0,Aucun,0,0,Bourse + parents,0,107259
1894,1894,Location colocation,0,0,Aucun,0,0,Bourse + parents,1,31321
1895,1895,Cité universitaire,0,0,Aucun,0,0,Parents uniquement,1,90726
1896,1896,Cité universitaire,0,0,Aucun,0,0,Parents + emploi,0,57282
1897,1897,Location seul,1,1,Auto-emploi,0,0,Parents + emploi,1,39151
1898,1898,Chez les parents,0,0,Aucun,1,51141,Emploi rémunéré,0,209240
1899,1899,Cité universitaire,0,0,Aucun,1,26493,Parents uniquement,1,63118
1900,1900,Cité universitaire,0,0,Aucun,0,0,Parents + emploi,1,83581
1901,1901,Location colocation,0,0,Aucun,0,0,Parents uniquement,0,91083
1902,1902,Chez un proche,1,10,Commerce informel,0,0,Bourse + parents,1,40252
1903,1903,Chez les parents,0,0,Aucun,1,44793,Bourse + parents,0,86642
1904,1904,Location seul,0,0,Aucun,0,0,Parents uniquement,1,116147
1905,1905,Chez les parents,0,0,Aucun,1,22000,Parents uniquement,0,88388
1906,1906,Location colocation,1,15,Auto-emploi,1,77254,Bourse + parents,1,42901
1907,1907,Location seul,1,10,Emploi formel,0,0,Parents + emploi,0,46524
1908,1908,Chez un proche,0,0,Aucun,0,0,Parents uniquement,0,63879
1909,1909,Location seul,0,0,Aucun,0,0,Parents uniquement,0,104093
1910,1910,Location colocation,1,10,Emploi formel,0,0,Bourse + parents,1,63028
1911,1911,Chez un proche,0,0,Aucun,0,0,Parents + emploi,0,79217
1912,1912,Chez les parents,1,30,Petits boulots,0,0,Parents uniquement,0,47128
1913,1913,Cité universitaire,0,0,Aucun,0,0,Parents uniquement,0,101072
1914,1914,Location colocation,0,0,Aucun,0,0,Parents + emploi,0,81897
1915,1915,Chez les parents,0,0,Aucun,1,24399,Parents + emploi,0,107243
1916,1916,Chez les parents,0,0,Aucun,0,0,Bourse uniquement,1,98335
1917,1917,Chez les parents,0,0,Aucun,0,0,Parents uniquement,1,66031
1918,1918,Location colocation,0,0,Aucun,0,0,Emploi rémunéré,0,45848
1919,1919,Chez un proche,0,0,Aucun,0,0,Parents uniquement,0,114326
1920,1920,Location colocation,0,0,Aucun,0,0,Bourse uniquement,0,155740
1921,1921,Chez les parents,0,0,Aucun,1,23006,Parents uniquement,0,117032
1922,1922,Location colocation,0,0,Aucun,0,0,Parents uniquement,0,104414
1923,1923,Chez un proche,0,0,Aucun,0,0,Parents + emploi,0,89971
1924,1924,Chez un proche,0,0,Aucun,1,71080,Parents + emploi,1,57322
1925,1925,Chez un proche,0,0,Aucun,1,56045,Bourse + parents,1,35115
1926,1926,Cité universitaire,0,0,Aucun,0,0,Parents uniquement,1,33495
1927,1927,Chez les parents,0,0,Aucun,0,0,Parents uniquement,1,92899
1928,1928,Cité universitaire,0,0,Aucun,0,0,Parents + emploi,0,55859
1929,1929,Cité universitaire,0,0,Aucun,0,0,Emploi rémunéré,1,58709
1930,1930,Location colocation,0,0,Aucun,0,0,Parents uniquement,0,94976
1931,1931,Location seul,0,0,Aucun,1,59969,Parents + emploi,0,54827
1932,1932,Location seul,0,0,Aucun,1,30468,Bourse + parents,0,36038
1933,1933,Cité universitaire,0,0,Aucun,0,0,Bourse uniquement,0,83597
1934,1934,Cité universitaire,1,1,Auto-emploi,0,0,Emploi rémunéré,0,42153
1935,1935,Location seul,1,15,Commerce informel,1,29405,Parents uniquement,0,217396
1936,1936,Cité universitaire,0,0,Aucun,1,47251,Parents + emploi,1,95822
1937,1937,Cité universitaire,0,0,Aucun,0,0,Parents + emploi,0,107566
1938,1938,Location colocation,1,15,Petits boulots,0,0,Bourse + parents,0,63311
1939,1939,Chez un proche,0,0,Aucun,0,0,Parents + emploi,0,104249
1940,1940,Cité universitaire,0,0,Aucun,0,0,Parents uniquement,1,41080
1941,1941,Cité universitaire,0,0,Aucun,1,56558,Parents uniquement,0,39732
1942,1942,Location colocation,1,20,Auto-emploi,0,0,Bourse uniquement,0,25200
1943,1943,Location seul,1,15,Emploi formel,0,0,Bourse + parents,1,74553
1944,1944,Chez les parents,0,0,Aucun,0,0,Parents + emploi,0,53168
1945,1945,Chez les parents,0,0,Aucun,0,0,Parents uniquement,0,67925
1946,1946,Chez un proche,0,0,Aucun,0,0,Parents + emploi,1,33857
1947,1947,Cité universitaire,0,0,Aucun,0,0,Parents + emploi,0,107909
1948,1948,Cité universitaire,0,0,Aucun,0,0,Emploi rémunéré,1,40688
1949,1949,Location colocation,0,0,Aucun,0,0,Emploi rémunéré,0,105192
1950,1950,Cité universitaire,0,0,Aucun,1,37157,Parents + emploi,1,63006
1951,1951,Location colocation,0,0,Aucun,0,0,Parents + emploi,1,34769
1952,1952,Location colocation,0,0,Aucun,1,65752,Bourse + parents,0,74267
1953,1953,Cité universitaire,0,0,Aucun,0,0,Parents uniquement,0,30291
1954,1954,Location colocation,0,0,Aucun,0,0,Parents uniquement,0,144538
1955,1955,Location colocation,1,20,Commerce informel,0,0,Parents + emploi,1,22861
1956,1956,Chez les parents,0,0,Aucun,0,0,Parents + emploi,0,120375
1957,1957,Chez un proche,0,0,Aucun,1,22207,Emploi rémunéré,0,37160
1958,1958,Cité universitaire,0,0,Aucun,0,0,Bourse + parents,0,183756
1959,1959,Chez les parents,0,0,Aucun,1,32139,Bourse uniquement,0,109643
1960,1960,Location seul,0,0,Aucun,0,0,Bourse + parents,0,97164
1961,1961,Cité universitaire,0,0,Aucun,1,37709,Autonome,0,50330
1962,1962,Chez les parents,0,0,Aucun,0,0,Bourse uniquement,0,104986
1963,1963,Location colocation,1,15,Commerce informel,1,47792,Bourse + parents,1,77816
1964,1964,Location colocation,0,0,Aucun,0,0,Parents uniquement,1,55128
1965,1965,Chez les parents,0,0,Aucun,0,0,Bourse + parents,0,50093
1966,1966,Location colocation,0,0,Aucun,0,0,Parents + emploi,1,35756
1967,1967,Cité universitaire,0,0,Aucun,0,0,Bourse + parents,0,103103
1968,1968,Chez un proche,0,0,Aucun,0,0,Parents uniquement,0,94070
1969,1969,Cité universitaire,0,0,Aucun,0,0,Bourse + parents,1,63337
1970,1970,Cité universitaire,0,0,Aucun,1,49013,Autonome,0,101555
1971,1971,Location colocation,1,15,Auto-emploi,0,0,Parents uniquement,1,32443
1972,1972,Chez les parents,1,40,Petits boulots,0,0,Bourse + parents,0,46871
1973,1973,Location colocation,0,0,Aucun,0,0,Emploi rémunéré,1,53689
1974,1974,Location seul,1,15,Petits boulots,0,0,Parents uniquement,1,183686
1975,1975,Cité universitaire,0,0,Aucun,0,0,Parents uniquement,1,54406
1976,1976,Cité universitaire,0,0,Aucun,0,0,Parents + emploi,0,50392
1977,1977,Cité universitaire,0,0,Aucun,0,0,Emploi rémunéré,1,91237
1978,1978,Cité universitaire,0,0,Aucun,0,0,Bourse uniquement,0,77904
1979,1979,Chez un proche,1,1,Petits boulots,0,0,Autonome,1,45524
1980,1980,Chez un proche,0,0,Aucun,0,0,Parents + emploi,0,75680
1981,1981,Chez un proche,0,0,Aucun,1,43007,Parents uniquement,0,81791
1982,1982,Location seul,0,0,Aucun,0,0,Parents + emploi,0,141940
1983,1983,Location colocation,1,20,Commerce informel,0,0,Bourse + parents,0,38626
1984,1984,Location seul,1,15,Emploi formel,0,0,Parents + emploi,1,51819
1985,1985,Location seul,0,0,Aucun,0,0,Bourse uniquement,0,160559
1986,1986,Cité universitaire,0,0,Aucun,0,0,Bourse + parents,1,58347
1987,1987,Location colocation,0,0,Aucun,0,0,Bourse + parents,1,28991
1988,1988,Location seul,0,0,Aucun,0,0,Bourse + parents,0,103363
1989,1989,Chez les parents,0,0,Aucun,0,0,Bourse uniquement,1,33767
1990,1990,Chez les parents,0,0,Aucun,0,0,Parents + emploi,0,85758
1991,1991,Location colocation,0,0,Aucun,1,56843,Parents uniquement,0,57346
1992,1992,Location colocation,0,0,Aucun,0,0,Emploi rémunéré,0,33151
1993,1993,Chez les parents,0,0,Aucun,0,0,Parents uniquement,1,54158
1994,1994,Cité universitaire,0,0,Aucun,0,0,Parents + emploi,0,68330
1995,1995,Location seul,0,0,Aucun,0,0,Parents uniquement,0,196468
1996,1996,Chez les parents,0,0,Aucun,0,0,Parents + emploi,0,91347
1997,1997,Location seul,0,0,Aucun,1,38669,Parents + emploi,0,200088
1998,1998,Location seul,0,0,Aucun,0,0,Parents + emploi,0,183704
1999,1999,Location colocation,1,5,Auto-emploi,1,61175,Bourse + parents,0,53883
2000,2000,Chez un proche,1,15,Petits boulots,1,57922,Emploi rémunéré,0,36629
